timestamp,load_kw_actual,load_kw_prediction
2025-05-29 00:30:00,47.926,51.902157
2025-05-29 01:30:00,41.58,49.327515
2025-05-29 02:30:00,55.08,49.81863
2025-05-29 03:30:00,55.988,51.82592
2025-05-29 04:30:00,60.633,55.61542
2025-05-29 05:30:00,63.588,62.911995
2025-05-29 06:30:00,72.943,75.222755
2025-05-29 07:30:00,93.613,93.70234
2025-05-29 08:30:00,98.449,104.01845
2025-05-29 09:30:00,98.462,104.04049
2025-05-29 10:30:00,98.836,99.26381
2025-05-29 11:30:00,97.94,95.0733
2025-05-29 12:30:00,93.82,93.24593
2025-05-29 13:30:00,94.391,92.347206
2025-05-29 14:30:00,96.432,92.41959
2025-05-29 15:30:00,97.631,93.428986
2025-05-29 16:30:00,94.126,95.5998
2025-05-29 17:30:00,104.722,99.534096
2025-05-29 18:30:00,102.375,105.812935
2025-05-29 19:30:00,115.703,115.79194
2025-05-29 20:30:00,110.389,116.14847
2025-05-29 21:30:00,107.389,103.43724
2025-05-29 22:30:00,85.148,84.52378
2025-05-29 23:30:00,69.393,64.109375
2025-05-30 00:30:00,56.466,50.70218
2025-05-30 01:30:00,49.896,47.887062
2025-05-30 02:30:00,47.273,48.422935
2025-05-30 03:30:00,49.014,50.70932
2025-05-30 04:30:00,56.357,54.112736
2025-05-30 05:30:00,62.69,60.61365
2025-05-30 06:30:00,74.782,71.92197
2025-05-30 07:30:00,86.119,90.53314
2025-05-30 08:30:00,113.305,101.86588
2025-05-30 09:30:00,113.462,104.57486
2025-05-30 10:30:00,101.721,101.95359
2025-05-30 11:30:00,88.268,97.75047
2025-05-30 12:30:00,95.342,93.50288
2025-05-30 13:30:00,92.925,91.50487
2025-05-30 14:30:00,87.967,90.99179
2025-05-30 15:30:00,90.049,91.493515
2025-05-30 16:30:00,83.769,94.07578
2025-05-30 17:30:00,85.294,97.59829
2025-05-30 18:30:00,100.713,102.12876
2025-05-30 19:30:00,106.981,111.75932
2025-05-30 20:30:00,112.288,112.716385
2025-05-30 21:30:00,108.358,102.001205
2025-05-30 22:30:00,88.928,84.84384
2025-05-30 23:30:00,65.824,63.93614
2025-05-31 00:30:00,43.955,49.054726
2025-05-31 01:30:00,41.253,45.16619
2025-05-31 02:30:00,44.779,45.158062
2025-05-31 03:30:00,45.127,46.239086
2025-05-31 04:30:00,52.723,48.281994
2025-05-31 05:30:00,54.304,53.657024
2025-05-31 06:30:00,64.719,64.52918
2025-05-31 07:30:00,77.854,80.28069
2025-05-31 08:30:00,81.808,89.5684
2025-05-31 09:30:00,88.209,90.3444
2025-05-31 10:30:00,84.47,87.213776
2025-05-31 11:30:00,80.095,83.71518
2025-05-31 12:30:00,83.601,81.31308
2025-05-31 13:30:00,87.829,80.73557
2025-05-31 14:30:00,96.128,81.23942
2025-05-31 15:30:00,85.03,83.03435
2025-05-31 16:30:00,89.333,85.03031
2025-05-31 17:30:00,89.178,88.400116
2025-05-31 18:30:00,92.018,92.91669
2025-05-31 19:30:00,99.336,102.20789
2025-05-31 20:30:00,104.338,102.56598
2025-05-31 21:30:00,94.105,91.36394
2025-05-31 22:30:00,72.668,74.99606
2025-05-31 23:30:00,54.803,55.775494
2025-06-01 00:30:00,42.774,43.128216
2025-06-01 01:30:00,42.698,41.803673
2025-06-01 02:30:00,47.645,42.603493
2025-06-01 03:30:00,43.06,43.60202
2025-06-01 04:30:00,47.844,45.867348
2025-06-01 05:30:00,48.348,51.4523
2025-06-01 06:30:00,60.14,61.93874
2025-06-01 07:30:00,76.534,76.48505
2025-06-01 08:30:00,91.916,86.804085
2025-06-01 09:30:00,93.926,89.73913
2025-06-01 10:30:00,94.149,89.35179
2025-06-01 11:30:00,84.356,89.0454
2025-06-01 12:30:00,89.026,88.567795
2025-06-01 13:30:00,90.294,88.485405
2025-06-01 14:30:00,86.467,88.362915
2025-06-01 15:30:00,91.262,87.94568
2025-06-01 16:30:00,81.167,87.86062
2025-06-01 17:30:00,84.736,88.755424
2025-06-01 18:30:00,94.568,91.48249
2025-06-01 19:30:00,92.527,100.32988
2025-06-01 20:30:00,104.178,101.16368
2025-06-01 21:30:00,88.614,91.23888
2025-06-01 22:30:00,74.288,75.44184
2025-06-01 23:30:00,66.018,58.061882
2025-06-02 00:30:00,48.368,46.692795
2025-06-02 01:30:00,56.847,45.39132
2025-06-02 02:30:00,50.676,47.088036
2025-06-02 03:30:00,52.31,49.973873
2025-06-02 04:30:00,58.023,54.69365
2025-06-02 05:30:00,63.63400000000001,61.54566
2025-06-02 06:30:00,75.051,72.86334
2025-06-02 07:30:00,88.409,90.418945
2025-06-02 08:30:00,103.54,102.468185
2025-06-02 09:30:00,107.979,106.234604
2025-06-02 10:30:00,113.338,105.65079
2025-06-02 11:30:00,110.743,105.09337
2025-06-02 12:30:00,105.103,104.89174
2025-06-02 13:30:00,99.811,104.49673
2025-06-02 14:30:00,103.559,103.22719
2025-06-02 15:30:00,101.836,101.6103
2025-06-02 16:30:00,100.652,100.739456
2025-06-02 17:30:00,98.675,101.55574
2025-06-02 18:30:00,109.624,104.89598
2025-06-02 19:30:00,118.586,114.623146
2025-06-02 20:30:00,124.69,116.53533
2025-06-02 21:30:00,105.887,106.45606
2025-06-02 22:30:00,87.977,87.40095
2025-06-02 23:30:00,72.02,67.842735
2025-06-03 00:30:00,54.138,54.485962
2025-06-03 01:30:00,46.876,52.080673
2025-06-03 02:30:00,53.161,53.105183
2025-06-03 03:30:00,53.14,55.56201
2025-06-03 04:30:00,56.569,58.679848
2025-06-03 05:30:00,62.467,64.250275
2025-06-03 06:30:00,80.507,74.19861
2025-06-03 07:30:00,88.138,93.129074
2025-06-03 08:30:00,104.163,106.00743
2025-06-03 09:30:00,108.653,109.327545
2025-06-03 10:30:00,105.94,107.82269
2025-06-03 11:30:00,103.55,105.84873
2025-06-03 12:30:00,99.965,104.31414
2025-06-03 13:30:00,105.611,102.81688
2025-06-03 14:30:00,120.173,101.48785
2025-06-03 15:30:00,99.961,102.04474
2025-06-03 16:30:00,94.343,102.4438
2025-06-03 17:30:00,105.109,104.37107
2025-06-03 18:30:00,103.885,109.045
2025-06-03 19:30:00,119.673,118.2183
2025-06-03 20:30:00,113.282,118.91909
2025-06-03 21:30:00,108.242,106.406815
2025-06-03 22:30:00,84.797,86.62151
2025-06-03 23:30:00,75.792,67.03691
2025-06-04 00:30:00,54.485,53.71933
2025-06-04 01:30:00,54.172,51.274834
2025-06-04 02:30:00,49.208,52.41571
2025-06-04 03:30:00,59.28,54.464897
2025-06-04 04:30:00,62.578,57.956375
2025-06-04 05:30:00,61.015,64.023705
2025-06-04 06:30:00,75.078,74.34306
2025-06-04 07:30:00,94.066,93.314285
2025-06-04 08:30:00,100.866,106.17368
2025-06-04 09:30:00,115.231,108.73085
2025-06-04 10:30:00,109.875,107.44739
2025-06-04 11:30:00,99.966,105.830894
2025-06-04 12:30:00,94.042,104.60994
2025-06-04 13:30:00,104.327,103.30338
2025-06-04 14:30:00,99.232,102.55368
2025-06-04 15:30:00,96.015,101.87325
2025-06-04 16:30:00,101.853,101.33837
2025-06-04 17:30:00,106.589,103.3086
2025-06-04 18:30:00,107.623,108.196335
2025-06-04 19:30:00,122.429,117.59269
2025-06-04 20:30:00,121.867,118.82934
2025-06-04 21:30:00,102.698,107.13868
2025-06-04 22:30:00,98.61,87.28871
2025-06-04 23:30:00,73.203,67.79752
2025-06-05 00:30:00,48.711,54.006348
2025-06-05 01:30:00,54.416,51.200794
2025-06-05 02:30:00,50.562,52.255077
2025-06-05 03:30:00,55.131,54.535088
2025-06-05 04:30:00,56.577,58.017696
2025-06-05 05:30:00,60.861,63.91929
2025-06-05 06:30:00,76.938,74.65649
2025-06-05 07:30:00,82.982,94.112175
2025-06-05 08:30:00,103.382,105.82647
2025-06-05 09:30:00,109.598,107.957634
2025-06-05 10:30:00,110.933,106.48176
2025-06-05 11:30:00,97.87,105.20002
2025-06-05 12:30:00,102.742,103.94899
2025-06-05 13:30:00,105.446,103.39005
2025-06-05 14:30:00,105.674,103.53222
2025-06-05 15:30:00,103.347,103.55585
2025-06-05 16:30:00,100.043,104.22017
2025-06-05 17:30:00,102.44,106.25874
2025-06-05 18:30:00,113.103,110.33253
2025-06-05 19:30:00,116.485,119.59619
2025-06-05 20:30:00,111.807,120.27853
2025-06-05 21:30:00,108.626,107.600975
2025-06-05 22:30:00,92.001,87.515945
2025-06-05 23:30:00,65.746,66.84311
2025-06-06 00:30:00,55.373,52.56492
2025-06-06 01:30:00,53.453,49.440655
2025-06-06 02:30:00,48.376,49.958984
2025-06-06 03:30:00,50.713,52.47436
2025-06-06 04:30:00,52.528,55.83691
2025-06-06 05:30:00,62.321,61.577965
2025-06-06 06:30:00,73.878,71.84948
2025-06-06 07:30:00,96.07,90.98068
2025-06-06 08:30:00,112.63,104.16665
2025-06-06 09:30:00,122.426,108.94713
2025-06-06 10:30:00,103.112,109.86805
2025-06-06 11:30:00,106.154,108.61366
2025-06-06 12:30:00,101.927,107.465515
2025-06-06 13:30:00,104.565,106.15067
2025-06-06 14:30:00,107.511,105.173134
2025-06-06 15:30:00,107.36,104.54195
2025-06-06 16:30:00,98.74,104.709694
2025-06-06 17:30:00,96.191,106.119385
2025-06-06 18:30:00,108.325,109.16689
2025-06-06 19:30:00,114.345,117.314255
2025-06-06 20:30:00,118.167,117.10026
2025-06-06 21:30:00,105.255,104.855995
2025-06-06 22:30:00,84.171,85.67381
2025-06-06 23:30:00,78.292,64.397934
2025-06-07 00:30:00,46.296,50.824963
2025-06-07 01:30:00,44.919,47.211838
2025-06-07 02:30:00,47.671,47.594887
2025-06-07 03:30:00,49.936,49.788437
2025-06-07 04:30:00,47.979,52.593746
2025-06-07 05:30:00,63.794999999999995,57.460342
2025-06-07 06:30:00,60.242,67.45064
2025-06-07 07:30:00,76.095,83.57826
2025-06-07 08:30:00,89.262,94.06036
2025-06-07 09:30:00,97.056,95.434525
2025-06-07 10:30:00,94.272,92.5397
2025-06-07 11:30:00,87.964,89.318825
2025-06-07 12:30:00,90.637,88.11177
2025-06-07 13:30:00,91.661,88.67375
2025-06-07 14:30:00,88.654,89.65616
2025-06-07 15:30:00,90.095,89.99262
2025-06-07 16:30:00,87.442,90.46184
2025-06-07 17:30:00,89.542,91.746185
2025-06-07 18:30:00,95.524,95.2149
2025-06-07 19:30:00,107.441,104.63822
2025-06-07 20:30:00,112.739,107.30225
2025-06-07 21:30:00,93.867,98.301476
2025-06-07 22:30:00,78.289,80.44144
2025-06-07 23:30:00,63.775,60.393353
2025-06-08 00:30:00,51.42,45.97929
2025-06-08 01:30:00,46.762,43.425957
2025-06-08 02:30:00,42.915,44.553604
2025-06-08 03:30:00,43.291,45.982323
2025-06-08 04:30:00,52.173,48.777626
2025-06-08 05:30:00,53.482,54.326485
2025-06-08 06:30:00,61.262,64.70767
2025-06-08 07:30:00,83.854,79.824745
2025-06-08 08:30:00,93.759,91.023415
2025-06-08 09:30:00,89.742,94.13643
2025-06-08 10:30:00,83.658,92.19742
2025-06-08 11:30:00,76.144,88.65972
2025-06-08 12:30:00,80.706,85.04103
2025-06-08 13:30:00,84.998,82.64472
2025-06-08 14:30:00,88.024,80.949326
2025-06-08 15:30:00,85.864,80.73403
2025-06-08 16:30:00,79.476,82.390594
2025-06-08 17:30:00,84.906,86.27551
2025-06-08 18:30:00,98.634,91.98647
2025-06-08 19:30:00,101.644,102.71757
2025-06-08 20:30:00,107.462,103.975204
2025-06-08 21:30:00,96.121,93.27782
2025-06-08 22:30:00,79.013,76.92168
2025-06-08 23:30:00,62.604,58.99363
2025-06-09 00:30:00,53.211,47.272026
2025-06-09 01:30:00,46.013,45.857628
2025-06-09 02:30:00,57.194,47.262432
2025-06-09 03:30:00,46.607,49.951534
2025-06-09 04:30:00,56.674,54.265923
2025-06-09 05:30:00,61.944,60.63512
2025-06-09 06:30:00,72.322,71.849525
2025-06-09 07:30:00,86.618,88.85561
2025-06-09 08:30:00,105.559,99.6349
2025-06-09 09:30:00,108.028,101.57446
2025-06-09 10:30:00,97.714,99.05578
2025-06-09 11:30:00,90.793,96.049095
2025-06-09 12:30:00,94.512,93.69049
2025-06-09 13:30:00,88.925,92.32406
2025-06-09 14:30:00,90.751,90.92699
2025-06-09 15:30:00,90.092,89.77481
2025-06-09 16:30:00,99.43,90.63021
2025-06-09 17:30:00,90.461,95.29425
2025-06-09 18:30:00,105.506,101.58677
2025-06-09 19:30:00,107.97,112.98189
2025-06-09 20:30:00,112.96,114.19086
2025-06-09 21:30:00,104.892,102.57109
2025-06-09 22:30:00,87.16,84.03041
2025-06-09 23:30:00,69.303,65.34567
2025-06-10 00:30:00,51.002,52.63665
2025-06-10 01:30:00,49.566,50.712524
2025-06-10 02:30:00,57.105,51.79818
2025-06-10 03:30:00,50.092,54.100216
2025-06-10 04:30:00,58.766,57.338844
2025-06-10 05:30:00,65.108,63.057125
2025-06-10 06:30:00,71.195,73.80696
2025-06-10 07:30:00,117.066,91.14731
2025-06-10 08:30:00,106.306,105.05656
2025-06-10 09:30:00,114.736,108.17797
2025-06-10 10:30:00,101.198,106.34745
2025-06-10 11:30:00,109.515,102.910515
2025-06-10 12:30:00,96.67,101.08091
2025-06-10 13:30:00,93.722,99.2376
2025-06-10 14:30:00,92.488,97.00916
2025-06-10 15:30:00,78.767,94.95063
2025-06-10 16:30:00,86.309,93.27937
2025-06-10 17:30:00,83.564,95.085365
2025-06-10 18:30:00,104.048,99.804436
2025-06-10 19:30:00,111.58,111.58005
2025-06-10 20:30:00,114.581,114.117516
2025-06-10 21:30:00,113.393,103.55594
2025-06-10 22:30:00,88.042,85.64047
2025-06-10 23:30:00,86.553,66.865135
2025-06-11 00:30:00,55.407,53.97845
2025-06-11 01:30:00,48.261,51.560337
2025-06-11 02:30:00,57.816,52.29255
2025-06-11 03:30:00,54.005,54.571682
2025-06-11 04:30:00,52.233,57.995304
2025-06-11 05:30:00,66.344,63.478035
2025-06-11 06:30:00,77.505,73.941124
2025-06-11 07:30:00,82.739,91.64785
2025-06-11 08:30:00,99.712,102.34584
2025-06-11 09:30:00,102.39,101.73224
2025-06-11 10:30:00,96.518,96.2326
2025-06-11 11:30:00,90.801,91.078354
2025-06-11 12:30:00,93.833,89.06171
2025-06-11 13:30:00,94.817,88.74215
2025-06-11 14:30:00,93.254,89.15002
2025-06-11 15:30:00,91.636,89.805984
2025-06-11 16:30:00,92.934,91.17794
2025-06-11 17:30:00,93.126,95.22667
2025-06-11 18:30:00,99.86,101.40485
2025-06-11 19:30:00,110.528,112.96355
2025-06-11 20:30:00,116.59,115.522736
2025-06-11 21:30:00,103.999,105.398506
2025-06-11 22:30:00,88.183,86.95609
2025-06-11 23:30:00,76.276,67.18087
2025-06-12 00:30:00,52.316,53.48177
2025-06-12 01:30:00,54.424,50.448322
2025-06-12 02:30:00,53.738,50.91141
2025-06-12 03:30:00,59.804,53.152424
2025-06-12 04:30:00,63.306000000000004,57.33291
2025-06-12 05:30:00,62.11,64.5082
2025-06-12 06:30:00,78.143,76.33182
2025-06-12 07:30:00,97.35,94.48717
2025-06-12 08:30:00,97.327,104.39574
2025-06-12 09:30:00,107.174,104.245575
2025-06-12 10:30:00,92.748,100.490135
2025-06-12 11:30:00,95.507,96.46165
2025-06-12 12:30:00,94.819,94.642944
2025-06-12 13:30:00,90.194,94.10085
2025-06-12 14:30:00,98.845,93.54051
2025-06-12 15:30:00,93.235,93.77488
2025-06-12 16:30:00,87.868,94.74283
2025-06-12 17:30:00,93.607,97.22725
2025-06-12 18:30:00,103.539,102.218994
2025-06-12 19:30:00,105.762,113.70401
2025-06-12 20:30:00,104.441,116.375435
2025-06-12 21:30:00,105.819,105.31547
2025-06-12 22:30:00,85.219,86.32265
2025-06-12 23:30:00,75.641,65.93737
2025-06-13 00:30:00,51.087,51.915623
2025-06-13 01:30:00,54.32,48.66434
2025-06-13 02:30:00,53.372,49.29127
2025-06-13 03:30:00,49.751,51.63456
2025-06-13 04:30:00,58.019,55.393467
2025-06-13 05:30:00,60.072,61.649876
2025-06-13 06:30:00,71.856,71.78406
2025-06-13 07:30:00,86.252,88.30979
2025-06-13 08:30:00,97.496,97.441345
2025-06-13 09:30:00,103.364,97.32204
2025-06-13 10:30:00,97.673,94.25381
2025-06-13 11:30:00,95.964,91.24719
2025-06-13 12:30:00,89.315,90.0579
2025-06-13 13:30:00,95.16,89.69412
2025-06-13 14:30:00,93.859,89.810394
2025-06-13 15:30:00,94.47,89.93705
2025-06-13 16:30:00,93.543,91.392235
2025-06-13 17:30:00,95.02,95.15361
2025-06-13 18:30:00,99.156,101.39139
2025-06-13 19:30:00,113.417,112.58699
2025-06-13 20:30:00,113.664,114.44688
2025-06-13 21:30:00,110.233,102.82027
2025-06-13 22:30:00,87.503,84.21609
2025-06-13 23:30:00,69.973,63.184235
2025-06-14 00:30:00,40.686,48.905968
2025-06-14 01:30:00,44.041,45.10412
2025-06-14 02:30:00,47.846,45.358078
2025-06-14 03:30:00,47.64,46.99708
2025-06-14 04:30:00,49.93,49.181667
2025-06-14 05:30:00,50.06,53.543217
2025-06-14 06:30:00,64.145,62.20346
2025-06-14 07:30:00,78.669,77.29461
2025-06-14 08:30:00,91.519,86.79143
2025-06-14 09:30:00,79.644,87.72853
2025-06-14 10:30:00,76.768,83.63543
2025-06-14 11:30:00,69.047,79.500244
2025-06-14 12:30:00,75.961,76.26843
2025-06-14 13:30:00,79.662,74.214455
2025-06-14 14:30:00,76.918,73.69952
2025-06-14 15:30:00,76.853,74.21219
2025-06-14 16:30:00,70.976,76.0952
2025-06-14 17:30:00,79.298,79.81648
2025-06-14 18:30:00,86.198,86.02569
2025-06-14 19:30:00,100.186,97.16927
2025-06-14 20:30:00,104.864,100.03907
2025-06-14 21:30:00,93.171,90.73724
2025-06-14 22:30:00,80.691,74.565575
2025-06-14 23:30:00,61.869,56.19328
2025-06-15 00:30:00,46.741,43.117455
2025-06-15 01:30:00,52.915,42.020336
2025-06-15 02:30:00,48.546,42.688217
2025-06-15 03:30:00,45.124,44.04346
2025-06-15 04:30:00,48.433,46.895844
2025-06-15 05:30:00,59.129,52.6395
2025-06-15 06:30:00,70.554,62.951912
2025-06-15 07:30:00,79.1,77.68106
2025-06-15 08:30:00,81.969,86.80603
2025-06-15 09:30:00,86.036,86.69426
2025-06-15 10:30:00,84.356,82.43903
2025-06-15 11:30:00,80.439,79.0056
2025-06-15 12:30:00,80.696,77.197624
2025-06-15 13:30:00,70.891,76.880005
2025-06-15 14:30:00,81.739,76.0419
2025-06-15 15:30:00,83.578,76.467186
2025-06-15 16:30:00,70.298,78.33464
2025-06-15 17:30:00,80.827,81.2253
2025-06-15 18:30:00,90.354,86.93424
2025-06-15 19:30:00,93.578,98.623764
2025-06-15 20:30:00,99.857,101.82964
2025-06-15 21:30:00,94.656,92.44455
2025-06-15 22:30:00,74.525,76.107254
2025-06-15 23:30:00,59.822,58.237057
2025-06-16 00:30:00,51.335,45.92067
2025-06-16 01:30:00,47.445,44.615986
2025-06-16 02:30:00,48.624,45.660717
2025-06-16 03:30:00,54.983,47.958626
2025-06-16 04:30:00,59.196,52.390602
2025-06-16 05:30:00,63.839,59.63947
2025-06-16 06:30:00,79.276,71.17553
2025-06-16 07:30:00,91.5,88.8436
2025-06-16 08:30:00,106.603,99.3021
2025-06-16 09:30:00,129.191,100.55718
2025-06-16 10:30:00,99.164,99.58278
2025-06-16 11:30:00,95.513,97.06704
2025-06-16 12:30:00,91.35,94.72147
2025-06-16 13:30:00,91.207,93.02868
2025-06-16 14:30:00,90.249,91.219055
2025-06-16 15:30:00,89.829,90.16382
2025-06-16 16:30:00,98.387,90.85704
2025-06-16 17:30:00,99.879,94.380356
2025-06-16 18:30:00,99.917,101.01351
2025-06-16 19:30:00,110.481,112.57872
2025-06-16 20:30:00,107.946,114.757706
2025-06-16 21:30:00,101.855,103.45586
2025-06-16 22:30:00,83.933,84.60153
2025-06-16 23:30:00,67.887,65.33118
2025-06-17 00:30:00,48.569,52.478725
2025-06-17 01:30:00,51.95,50.410843
2025-06-17 02:30:00,54.457,51.700092
2025-06-17 03:30:00,50.13,53.940296
2025-06-17 04:30:00,60.541,57.413536
2025-06-17 05:30:00,63.501,63.409595
2025-06-17 06:30:00,77.621,74.75281
2025-06-17 07:30:00,88.493,93.0711
2025-06-17 08:30:00,104.067,103.97038
2025-06-17 09:30:00,107.066,105.382996
2025-06-17 10:30:00,106.35,102.50415
2025-06-17 11:30:00,100.317,98.67759
2025-06-17 12:30:00,101.691,96.37308
2025-06-17 13:30:00,98.834,96.04905
2025-06-17 14:30:00,105.548,96.04037
2025-06-17 15:30:00,94.658,96.933174
2025-06-17 16:30:00,94.493,98.24446
2025-06-17 17:30:00,98.367,100.81995
2025-06-17 18:30:00,100.399,105.05918
2025-06-17 19:30:00,110.559,114.06242
2025-06-17 20:30:00,112.23,114.73844
2025-06-17 21:30:00,106.661,102.90582
2025-06-17 22:30:00,86.21,84.47465
2025-06-17 23:30:00,72.799,65.73144
2025-06-18 00:30:00,57.145,52.865154
2025-06-18 01:30:00,52.145,50.731415
2025-06-18 02:30:00,50.478,51.799736
2025-06-18 03:30:00,54.875,53.87052
2025-06-18 04:30:00,53.358,57.228455
2025-06-18 05:30:00,63.019000000000005,62.728565
2025-06-18 06:30:00,83.149,73.094986
2025-06-18 07:30:00,89.32,92.08736
2025-06-18 08:30:00,105.46,103.61763
2025-06-18 09:30:00,106.24,105.46817
2025-06-18 10:30:00,100.444,102.69914
2025-06-18 11:30:00,99.588,99.87598
2025-06-18 12:30:00,93.566,98.473854
2025-06-18 13:30:00,99.313,97.69626
2025-06-18 14:30:00,122.432,97.43243
2025-06-18 15:30:00,104.861,99.07422
2025-06-18 16:30:00,101.153,100.39348
2025-06-18 17:30:00,94.975,102.880104
2025-06-18 18:30:00,98.398,106.70684
2025-06-18 19:30:00,117.088,115.7197
2025-06-18 20:30:00,117.221,117.364525
2025-06-18 21:30:00,113.495,106.17838
2025-06-18 22:30:00,91.672,87.13697
2025-06-18 23:30:00,71.649,67.395454
2025-06-19 00:30:00,48.714,53.262695
2025-06-19 01:30:00,50.283,50.390377
2025-06-19 02:30:00,53.217,51.26474
2025-06-19 03:30:00,54.747,53.542213
2025-06-19 04:30:00,53.926,57.07506
2025-06-19 05:30:00,58.379,62.78922
2025-06-19 06:30:00,81.261,73.316696
2025-06-19 07:30:00,90.813,93.201515
2025-06-19 08:30:00,107.901,105.22289
2025-06-19 09:30:00,106.714,107.43662
2025-06-19 10:30:00,109.798,104.7217
2025-06-19 11:30:00,104.275,102.76482
2025-06-19 12:30:00,100.166,101.98521
2025-06-19 13:30:00,101.753,101.78724
2025-06-19 14:30:00,102.308,101.5959
2025-06-19 15:30:00,100.565,101.43143
2025-06-19 16:30:00,101.182,101.07184
2025-06-19 17:30:00,100.87,102.429054
2025-06-19 18:30:00,105.094,106.40862
2025-06-19 19:30:00,111.971,116.67711
2025-06-19 20:30:00,117.54,119.13804
2025-06-19 21:30:00,108.318,108.51315
2025-06-19 22:30:00,89.119,88.96017
2025-06-19 23:30:00,74.019,67.50362
2025-06-20 00:30:00,55.526,52.600155
2025-06-20 01:30:00,53.654,49.211414
2025-06-20 02:30:00,52.4,49.52582
2025-06-20 03:30:00,54.08,52.176895
2025-06-20 04:30:00,53.716,55.82813
2025-06-20 05:30:00,65.341,61.81706
2025-06-20 06:30:00,79.145,72.644455
2025-06-20 07:30:00,93.881,92.44071
2025-06-20 08:30:00,108.287,105.05873
2025-06-20 09:30:00,109.23,108.13392
2025-06-20 10:30:00,104.587,106.29203
2025-06-20 11:30:00,101.709,104.1106
2025-06-20 12:30:00,99.363,102.7887
2025-06-20 13:30:00,103.714,101.89401
2025-06-20 14:30:00,92.518,101.29653
2025-06-20 15:30:00,98.974,100.306274
2025-06-20 16:30:00,123.497,100.10836
2025-06-20 17:30:00,108.18,103.55697
2025-06-20 18:30:00,106.746,108.85992
2025-06-20 19:30:00,116.971,119.02625
2025-06-20 20:30:00,115.324,120.460365
2025-06-20 21:30:00,112.145,108.5432
2025-06-20 22:30:00,83.919,88.66457
2025-06-20 23:30:00,76.541,66.217354
2025-06-21 00:30:00,41.905,51.50066
2025-06-21 01:30:00,48.35,47.021328
2025-06-21 02:30:00,45.535,47.020844
2025-06-21 03:30:00,44.928,48.927353
2025-06-21 04:30:00,52.931,51.184406
2025-06-21 05:30:00,59.931,55.71294
2025-06-21 06:30:00,64.921,65.05154
2025-06-21 07:30:00,79.143,81.85754
2025-06-21 08:30:00,91.461,93.312996
2025-06-21 09:30:00,96.727,95.31521
2025-06-21 10:30:00,87.909,92.87383
2025-06-21 11:30:00,78.481,89.86816
2025-06-21 12:30:00,81.077,86.72103
2025-06-21 13:30:00,87.987,85.819176
2025-06-21 14:30:00,85.027,85.60209
2025-06-21 15:30:00,86.75,85.10456
2025-06-21 16:30:00,84.113,85.86449
2025-06-21 17:30:00,84.28,88.4937
2025-06-21 18:30:00,91.046,92.246925
2025-06-21 19:30:00,106.058,101.436714
2025-06-21 20:30:00,105.19,104.05647
2025-06-21 21:30:00,99.699,94.68379
2025-06-21 22:30:00,77.052,78.119644
2025-06-21 23:30:00,54.41,58.675476
2025-06-22 00:30:00,40.842,44.52258
2025-06-22 01:30:00,45.458,42.20576
2025-06-22 02:30:00,46.382,43.008297
2025-06-22 03:30:00,44.243,43.946655
2025-06-22 04:30:00,46.017,46.35594
2025-06-22 05:30:00,52.745,51.875675
2025-06-22 06:30:00,65.065,62.606792
2025-06-22 07:30:00,79.123,77.85673
2025-06-22 08:30:00,89.018,88.13925
2025-06-22 09:30:00,96.22,90.331924
2025-06-22 10:30:00,91.245,88.941055
2025-06-22 11:30:00,85.973,86.913025
2025-06-22 12:30:00,83.677,85.345055
2025-06-22 13:30:00,90.258,84.35967
2025-06-22 14:30:00,92.888,84.14311
2025-06-22 15:30:00,84.852,84.962326
2025-06-22 16:30:00,82.854,86.62701
2025-06-22 17:30:00,86.99,89.32948
2025-06-22 18:30:00,87.041,93.31718
2025-06-22 19:30:00,95.263,101.686035
2025-06-22 20:30:00,99.334,102.21958
2025-06-22 21:30:00,93.778,91.51862
2025-06-22 22:30:00,73.344,75.96343
2025-06-22 23:30:00,61.516,58.117886
2025-06-23 00:30:00,44.486,46.55126
2025-06-23 01:30:00,54.664,45.198463
2025-06-23 02:30:00,58.365,46.44426
2025-06-23 03:30:00,51.186,49.328217
2025-06-23 04:30:00,58.456,54.07703
2025-06-23 05:30:00,62.699,61.84552
2025-06-23 06:30:00,75.209,73.35923
2025-06-23 07:30:00,89.17,90.704445
2025-06-23 08:30:00,104.053,101.23689
2025-06-23 09:30:00,105.676,102.7376
2025-06-23 10:30:00,100.681,99.75989
2025-06-23 11:30:00,104.942,96.3951
2025-06-23 12:30:00,95.021,95.33318
2025-06-23 13:30:00,101.539,94.5855
2025-06-23 14:30:00,101.367,95.67607
2025-06-23 15:30:00,99.241,96.631935
2025-06-23 16:30:00,99.412,98.21341
2025-06-23 17:30:00,96.442,100.679214
2025-06-23 18:30:00,106.056,104.49994
2025-06-23 19:30:00,120.154,113.607
2025-06-23 20:30:00,114.927,115.0412
2025-06-23 21:30:00,98.223,104.0678
2025-06-23 22:30:00,86.267,85.30074
2025-06-23 23:30:00,68.583,65.87876
2025-06-24 00:30:00,51.97,52.91717
2025-06-24 01:30:00,44.219,50.74432
2025-06-24 02:30:00,52.88,51.93745
2025-06-24 03:30:00,51.325,53.99503
2025-06-24 04:30:00,58.657,57.387867
2025-06-24 05:30:00,60.725,63.267643
2025-06-24 06:30:00,77.55,74.4885
2025-06-24 07:30:00,84.743,93.04945
2025-06-24 08:30:00,101.86,104.16444
2025-06-24 09:30:00,100.214,105.678
2025-06-24 10:30:00,96.698,101.97524
2025-06-24 11:30:00,104.337,98.160225
2025-06-24 12:30:00,91.909,96.551674
2025-06-24 13:30:00,95.554,94.736015
2025-06-24 14:30:00,93.276,94.33597
2025-06-24 15:30:00,94.834,94.07182
2025-06-24 16:30:00,94.085,94.82856
2025-06-24 17:30:00,93.05,97.24002
2025-06-24 18:30:00,107.629,101.56348
2025-06-24 19:30:00,116.251,112.12589
2025-06-24 20:30:00,112.146,114.330696
2025-06-24 21:30:00,108.194,102.86368
2025-06-24 22:30:00,85.086,84.01085
2025-06-24 23:30:00,65.123,65.06411
2025-06-25 00:30:00,48.05,52.085808
2025-06-25 01:30:00,46.803,49.759212
2025-06-25 02:30:00,55.039,50.532356
2025-06-25 03:30:00,49.539,52.491146
2025-06-25 04:30:00,59.784,55.76293
2025-06-25 05:30:00,62.536,61.32461
2025-06-25 06:30:00,73.1,71.81277
2025-06-25 07:30:00,88.274,89.922104
2025-06-25 08:30:00,105.941,101.15948
2025-06-25 09:30:00,101.048,102.85554
2025-06-25 10:30:00,93.86,98.64153
2025-06-25 11:30:00,94.409,93.95177
2025-06-25 12:30:00,93.122,91.44655
2025-06-25 13:30:00,88.653,90.28569
2025-06-25 14:30:00,92.066,90.17282
2025-06-25 15:30:00,84.398,91.21384
2025-06-25 16:30:00,89.593,92.132484
2025-06-25 17:30:00,92.715,94.56829
2025-06-25 18:30:00,101.663,98.95791
2025-06-25 19:30:00,108.454,109.83965
2025-06-25 20:30:00,112.875,112.5102
2025-06-25 21:30:00,106.201,102.512634
2025-06-25 22:30:00,91.143,84.66247
2025-06-25 23:30:00,69.748,65.41605
2025-06-26 00:30:00,48.609,51.755344
2025-06-26 01:30:00,54.67,49.048584
2025-06-26 02:30:00,52.704,49.705776
2025-06-26 03:30:00,54.044,51.878582
2025-06-26 04:30:00,58.869,55.78747
2025-06-26 05:30:00,62.305,62.96663
2025-06-26 06:30:00,71.245,74.711174
2025-06-26 07:30:00,89.49,92.533005
2025-06-26 08:30:00,104.975,102.617615
2025-06-26 09:30:00,110.138,103.79859
2025-06-26 10:30:00,94.575,100.46643
2025-06-26 11:30:00,101.236,96.265114
2025-06-26 12:30:00,94.944,94.46378
2025-06-26 13:30:00,98.792,94.38419
2025-06-26 14:30:00,106.163,95.02901
2025-06-26 15:30:00,97.818,96.912415
2025-06-26 16:30:00,96.967,98.66277
2025-06-26 17:30:00,96.051,101.54018
2025-06-26 18:30:00,103.597,105.861244
2025-06-26 19:30:00,114.805,115.50604
2025-06-26 20:30:00,113.463,116.92207
2025-06-26 21:30:00,110.411,105.68201
2025-06-26 22:30:00,84.15,87.14267
2025-06-26 23:30:00,71.17,66.32257
2025-06-27 00:30:00,50.655,52.01802
2025-06-27 01:30:00,55.585,48.730724
2025-06-27 02:30:00,49.292,49.22282
2025-06-27 03:30:00,55.27,51.533978
2025-06-27 04:30:00,64.463,55.308384
2025-06-27 05:30:00,57.557,62.296207
2025-06-27 06:30:00,71.36,73.65251
2025-06-27 07:30:00,97.325,91.736404
2025-06-27 08:30:00,100.23,103.42744
2025-06-27 09:30:00,104.37,104.8761
2025-06-27 10:30:00,98.698,101.33407
2025-06-27 11:30:00,102.061,97.357445
2025-06-27 12:30:00,91.32,96.45282
2025-06-27 13:30:00,103.739,95.90198
2025-06-27 14:30:00,94.302,96.42323
2025-06-27 15:30:00,92.313,96.63193
2025-06-27 16:30:00,92.005,96.79783
2025-06-27 17:30:00,95.914,98.3888
2025-06-27 18:30:00,100.964,102.43216
2025-06-27 19:30:00,111.516,112.56071
2025-06-27 20:30:00,113.362,114.68982
2025-06-27 21:30:00,102.149,103.65385
2025-06-27 22:30:00,83.501,84.4185
2025-06-27 23:30:00,70.248,62.855743
2025-06-28 00:30:00,42.269,48.455677
2025-06-28 01:30:00,35.727,44.64392
2025-06-28 02:30:00,45.405,44.791206
2025-06-28 03:30:00,49.198,46.26924
2025-06-28 04:30:00,48.102,48.47906
2025-06-28 05:30:00,50.518,53.028152
2025-06-28 06:30:00,68.178,62.059944
2025-06-28 07:30:00,74.423,78.15274
2025-06-28 08:30:00,88.929,88.853745
2025-06-28 09:30:00,91.936,90.41091
2025-06-28 10:30:00,91.206,87.54351
2025-06-28 11:30:00,85.708,84.940445
2025-06-28 12:30:00,84.347,83.90233
2025-06-28 13:30:00,88.133,83.35471
2025-06-28 14:30:00,81.462,83.46017
2025-06-28 15:30:00,90.356,82.95534
2025-06-28 16:30:00,73.158,83.50123
2025-06-28 17:30:00,89.661,84.74864
2025-06-28 18:30:00,88.328,88.92536
2025-06-28 19:30:00,102.005,98.95897
2025-06-28 20:30:00,107.573,102.31227
2025-06-28 21:30:00,94.658,93.7393
2025-06-28 22:30:00,77.658,76.94541
2025-06-28 23:30:00,64.127,58.003994
2025-06-29 00:30:00,39.315,44.186073
2025-06-29 01:30:00,40.4,42.08908
2025-06-29 02:30:00,46.485,42.902485
2025-06-29 03:30:00,45.912,43.911575
2025-06-29 04:30:00,48.047,46.419685
2025-06-29 05:30:00,59.398,51.97945
2025-06-29 06:30:00,69.601,63.084423
2025-06-29 07:30:00,76.005,79.2832
2025-06-29 08:30:00,94.162,89.5885
2025-06-29 09:30:00,90.13,91.99625
2025-06-29 10:30:00,86.451,89.69621
2025-06-29 11:30:00,86.018,87.22574
2025-06-29 12:30:00,89.368,86.08216
2025-06-29 13:30:00,88.945,86.35431
2025-06-29 14:30:00,93.248,86.61526
2025-06-29 15:30:00,90.252,86.82704
2025-06-29 16:30:00,92.658,87.44928
2025-06-29 17:30:00,90.413,89.41305
2025-06-29 18:30:00,90.266,93.71938
2025-06-29 19:30:00,105.915,103.15494
2025-06-29 20:30:00,101.193,105.69874
2025-06-29 21:30:00,95.056,95.595375
2025-06-29 22:30:00,74.631,78.43336
2025-06-29 23:30:00,65.729,59.742245
2025-06-30 00:30:00,53.122,47.483788
2025-06-30 01:30:00,48.774,45.61938
2025-06-30 02:30:00,66.462,47.229855
2025-06-30 03:30:00,64.049,50.442833
2025-06-30 04:30:00,50.76,55.848812
2025-06-30 05:30:00,59.544,63.031155
2025-06-30 06:30:00,72.163,74.671326
2025-06-30 07:30:00,85.975,92.24804
2025-06-30 08:30:00,97.981,102.84712
2025-06-30 09:30:00,103.618,103.9406
2025-06-30 10:30:00,100.738,100.2271
2025-06-30 11:30:00,89.623,96.84773
2025-06-30 12:30:00,93.809,94.20096
2025-06-30 13:30:00,94.937,93.284874
2025-06-30 14:30:00,94.611,93.17169
2025-06-30 15:30:00,101.435,93.38584
2025-06-30 16:30:00,94.229,94.60552
2025-06-30 17:30:00,108.075,97.33896
2025-06-30 18:30:00,107.31,103.01851
2025-06-30 19:30:00,119.037,113.872826
2025-06-30 20:30:00,117.363,116.86178
2025-06-30 21:30:00,102.042,106.65291
2025-06-30 22:30:00,85.794,87.344154
2025-06-30 23:30:00,67.133,67.43502
2025-07-01 00:30:00,43.415,53.487617
2025-07-01 01:30:00,46.642,50.785336
2025-07-01 02:30:00,44.519,51.72529
2025-07-01 03:30:00,45.413,53.423107
2025-07-01 04:30:00,46.1,56.347607
2025-07-01 05:30:00,56.098,60.93175
2025-07-01 06:30:00,65.524,70.19386
2025-07-01 07:30:00,71.179,86.59093
2025-07-01 08:30:00,81.279,96.60103
2025-07-01 09:30:00,88.317,96.67244
2025-07-01 10:30:00,88.429,92.373085
2025-07-01 11:30:00,85.448,89.01808
2025-07-01 12:30:00,83.689,87.11895
2025-07-01 13:30:00,81.849,86.73041
2025-07-01 14:30:00,88.504,86.59539
2025-07-01 15:30:00,80.855,86.69814
2025-07-01 16:30:00,81.929,87.6343
2025-07-01 17:30:00,78.471,90.26349
2025-07-01 18:30:00,88.49,94.14223
2025-07-01 19:30:00,95.783,103.10322
2025-07-01 20:30:00,105.885,104.04126
2025-07-01 21:30:00,95.5,93.63583
2025-07-01 22:30:00,75.02,77.22398
2025-07-01 23:30:00,61.484,59.352093
2025-07-02 00:30:00,41.474,48.30874
2025-07-02 01:30:00,35.258,46.60636
2025-07-02 02:30:00,41.939,46.80168
2025-07-02 03:30:00,48.13,48.140366
2025-07-02 04:30:00,49.687,50.631626
2025-07-02 05:30:00,52.676,55.54146
2025-07-02 06:30:00,66.823,65.10438
2025-07-02 07:30:00,77.263,80.34256
2025-07-02 08:30:00,88.469,89.627686
2025-07-02 09:30:00,96.51,90.49796
2025-07-02 10:30:00,86.74,88.45206
2025-07-02 11:30:00,88.808,86.074135
2025-07-02 12:30:00,77.877,85.135864
2025-07-02 13:30:00,83.573,84.40694
2025-07-02 14:30:00,87.315,84.04686
2025-07-02 15:30:00,110.121,84.12432
2025-07-02 16:30:00,82.084,86.633316
2025-07-02 17:30:00,84.384,89.428085
2025-07-02 18:30:00,89.2,93.21685
2025-07-02 19:30:00,92.179,102.17781
2025-07-02 20:30:00,98.262,102.78276
2025-07-02 21:30:00,91.602,92.01955
2025-07-02 22:30:00,76.57,76.0247
2025-07-02 23:30:00,59.622,58.33796
2025-07-03 00:30:00,41.656,47.65314
2025-07-03 01:30:00,39.493,45.65667
2025-07-03 02:30:00,47.413,45.836685
2025-07-03 03:30:00,47.924,47.328682
2025-07-03 04:30:00,51.548,50.6215
2025-07-03 05:30:00,50.269,57.53178
2025-07-03 06:30:00,64.662,67.673195
2025-07-03 07:30:00,75.19,83.2637
2025-07-03 08:30:00,87.611,91.46194
2025-07-03 09:30:00,100.553,91.08044
2025-07-03 10:30:00,90.482,87.95545
2025-07-03 11:30:00,81.558,84.756836
2025-07-03 12:30:00,83.061,82.53393
2025-07-03 13:30:00,83.837,82.1282
2025-07-03 14:30:00,85.307,83.78797
2025-07-03 15:30:00,78.006,85.214615
2025-07-03 16:30:00,83.265,86.93676
2025-07-03 17:30:00,75.065,88.869835
2025-07-03 18:30:00,82.481,91.304596
2025-07-03 19:30:00,104.265,99.5564
2025-07-03 20:30:00,98.272,101.952065
2025-07-03 21:30:00,95.798,92.699936
2025-07-03 22:30:00,71.963,76.76559
2025-07-03 23:30:00,52.494,58.678635
2025-07-04 00:30:00,39.911,45.906525
2025-07-04 01:30:00,53.545,43.440907
2025-07-04 02:30:00,39.67,43.343258
2025-07-04 03:30:00,51.568,44.384377
2025-07-04 04:30:00,48.687,47.106884
2025-07-04 05:30:00,53.635,54.24924
2025-07-04 06:30:00,61.614,65.27719
2025-07-04 07:30:00,75.119,80.48124
2025-07-04 08:30:00,94.505,88.897415
2025-07-04 09:30:00,100.519,90.5435
2025-07-04 10:30:00,93.264,89.780876
2025-07-04 11:30:00,92.423,88.08237
2025-07-04 12:30:00,88.814,87.12247
2025-07-04 13:30:00,99.222,87.52624
2025-07-04 14:30:00,92.242,88.69719
2025-07-04 15:30:00,96.748,89.577835
2025-07-04 16:30:00,84.342,91.381996
2025-07-04 17:30:00,88.061,93.3336
2025-07-04 18:30:00,97.893,95.943855
2025-07-04 19:30:00,102.684,104.20385
2025-07-04 20:30:00,104.206,104.71883
2025-07-04 21:30:00,87.868,93.1813
2025-07-04 22:30:00,73.379,75.84803
2025-07-04 23:30:00,56.786,56.061413
2025-07-05 00:30:00,38.058,43.331264
2025-07-05 01:30:00,38.181,41.264015
2025-07-05 02:30:00,37.403,41.99667
2025-07-05 03:30:00,42.121,42.694733
2025-07-05 04:30:00,38.053,44.18732
2025-07-05 05:30:00,39.307,47.474457
2025-07-05 06:30:00,54.526,55.905857
2025-07-05 07:30:00,75.833,69.85095
2025-07-05 08:30:00,82.631,79.50723
2025-07-05 09:30:00,81.451,82.25302
2025-07-05 10:30:00,83.394,80.97365
2025-07-05 11:30:00,79.243,79.82324
2025-07-05 12:30:00,81.578,79.64919
2025-07-05 13:30:00,84.75,79.755516
2025-07-05 14:30:00,82.064,80.18068
2025-07-05 15:30:00,79.898,80.29728
2025-07-05 16:30:00,82.977,80.29189
2025-07-05 17:30:00,80.47,81.08853
2025-07-05 18:30:00,84.825,83.58847
2025-07-05 19:30:00,91.389,92.020004
2025-07-05 20:30:00,90.101,93.477356
2025-07-05 21:30:00,78.667,83.408455
2025-07-05 22:30:00,70.027,67.92157
2025-07-05 23:30:00,57.659,50.123398
2025-07-06 00:30:00,39.855,41.08823
2025-07-06 01:30:00,40.821,40.814564
2025-07-06 02:30:00,36.15,41.22151
2025-07-06 03:30:00,37.822,41.697853
2025-07-06 04:30:00,37.295,42.839325
2025-07-06 05:30:00,45.956,46.655106
2025-07-06 06:30:00,59.968,56.15868
2025-07-06 07:30:00,67.407,70.75245
2025-07-06 08:30:00,80.778,80.9299
2025-07-06 09:30:00,85.342,83.239746
2025-07-06 10:30:00,83.489,81.462746
2025-07-06 11:30:00,71.102,79.989784
2025-07-06 12:30:00,75.688,78.35985
2025-07-06 13:30:00,75.947,77.33413
2025-07-06 14:30:00,74.659,76.360725
2025-07-06 15:30:00,73.877,75.57673
2025-07-06 16:30:00,66.68,74.91113
2025-07-06 17:30:00,73.867,75.76791
2025-07-06 18:30:00,81.149,79.1748
2025-07-06 19:30:00,85.112,88.46552
2025-07-06 20:30:00,88.576,90.65168
2025-07-06 21:30:00,81.72,81.99901
2025-07-06 22:30:00,67.074,68.36345
2025-07-06 23:30:00,46.947,52.302097
2025-07-07 00:30:00,46.039,43.159786
2025-07-07 01:30:00,46.672,42.698025
2025-07-07 02:30:00,42.009,43.155586
2025-07-07 03:30:00,51.223,44.483517
2025-07-07 04:30:00,49.074,48.186077
2025-07-07 05:30:00,54.305,55.825195
2025-07-07 06:30:00,66.625,66.317375
2025-07-07 07:30:00,73.997,81.58232
2025-07-07 08:30:00,88.169,90.16391
2025-07-07 09:30:00,93.575,90.41059
2025-07-07 10:30:00,84.285,87.189674
2025-07-07 11:30:00,82.793,84.12146
2025-07-07 12:30:00,86.929,82.16448
2025-07-07 13:30:00,88.256,82.58756
2025-07-07 14:30:00,88.268,83.3571
2025-07-07 15:30:00,87.497,84.234
2025-07-07 16:30:00,85.854,85.23581
2025-07-07 17:30:00,90.983,87.44243
2025-07-07 18:30:00,101.194,92.06768
2025-07-07 19:30:00,104.003,103.08169
2025-07-07 20:30:00,109.257,106.00871
2025-07-07 21:30:00,93.15,96.50175
2025-07-07 22:30:00,74.745,79.20707
2025-07-07 23:30:00,57.861,61.110756
2025-07-08 00:30:00,40.374,49.145454
2025-07-08 01:30:00,43.109,47.231148
2025-07-08 02:30:00,47.709,47.968716
2025-07-08 03:30:00,48.86,49.958767
2025-07-08 04:30:00,45.695,53.106472
2025-07-08 05:30:00,52.082,58.03908
2025-07-08 06:30:00,64.227,67.71763
2025-07-08 07:30:00,79.598,83.30238
2025-07-08 08:30:00,95.024,93.7803
2025-07-08 09:30:00,95.582,96.17577
2025-07-08 10:30:00,93.196,94.537315
2025-07-08 11:30:00,96.05,92.59793
2025-07-08 12:30:00,90.802,92.34553
2025-07-08 13:30:00,90.793,92.01542
2025-07-08 14:30:00,91.834,91.96095
2025-07-08 15:30:00,90.917,91.48457
2025-07-08 16:30:00,83.955,91.569885
2025-07-08 17:30:00,88.205,92.74293
2025-07-08 18:30:00,96.559,95.96121
2025-07-08 19:30:00,110.193,105.09947
2025-07-08 20:30:00,102.105,106.83423
2025-07-08 21:30:00,95.991,95.822716
2025-07-08 22:30:00,76.416,78.83304
2025-07-08 23:30:00,63.91,60.805187
2025-07-09 00:30:00,41.422,49.90393
2025-07-09 01:30:00,47.998,48.040974
2025-07-09 02:30:00,49.514,48.643524
2025-07-09 03:30:00,50.446,50.476974
2025-07-09 04:30:00,52.735,53.631542
2025-07-09 05:30:00,54.142,58.73834
2025-07-09 06:30:00,91.322,68.40355
2025-07-09 07:30:00,76.892,86.77067
2025-07-09 08:30:00,84.42,97.34012
2025-07-09 09:30:00,96.203,97.56052
2025-07-09 10:30:00,91.2,94.27767
2025-07-09 11:30:00,92.149,91.64162
2025-07-09 12:30:00,91.89,91.16559
2025-07-09 13:30:00,86.094,91.32255
2025-07-09 14:30:00,97.24,91.000854
2025-07-09 15:30:00,88.614,91.07159
2025-07-09 16:30:00,81.686,91.02642
2025-07-09 17:30:00,83.774,91.9039
2025-07-09 18:30:00,86.565,95.01767
2025-07-09 19:30:00,105.784,104.097145
2025-07-09 20:30:00,102.31,106.37141
2025-07-09 21:30:00,90.615,95.66807
2025-07-09 22:30:00,73.754,78.3101
2025-07-09 23:30:00,58.798,60.01857
2025-07-10 00:30:00,45.603,48.73677
2025-07-10 01:30:00,38.381,46.71297
2025-07-10 02:30:00,40.863,46.969257
2025-07-10 03:30:00,46.978,48.47351
2025-07-10 04:30:00,45.399,51.677334
2025-07-10 05:30:00,55.253,57.026844
2025-07-10 06:30:00,62.493,67.19877
2025-07-10 07:30:00,84.753,83.85102
2025-07-10 08:30:00,93.811,93.45179
2025-07-10 09:30:00,100.919,94.21635
2025-07-10 10:30:00,94.896,92.60967
2025-07-10 11:30:00,92.1,91.56172
2025-07-10 12:30:00,87.516,91.59245
2025-07-10 13:30:00,95.416,91.48824
2025-07-10 14:30:00,92.118,90.910515
2025-07-10 15:30:00,86.337,90.95436
2025-07-10 16:30:00,81.127,91.00009
2025-07-10 17:30:00,90.556,91.75919
2025-07-10 18:30:00,100.279,95.24819
2025-07-10 19:30:00,100.222,105.16997
2025-07-10 20:30:00,101.17,107.01122
2025-07-10 21:30:00,92.999,95.99317
2025-07-10 22:30:00,80.457,78.48485
2025-07-10 23:30:00,53.949,60.0281
2025-07-11 00:30:00,41.313,47.440964
2025-07-11 01:30:00,40.617,44.55975
2025-07-11 02:30:00,46.575,45.021603
2025-07-11 03:30:00,44.851,46.07748
2025-07-11 04:30:00,46.265,48.72932
2025-07-11 05:30:00,52.585,54.077522
2025-07-11 06:30:00,66.981,65.145645
2025-07-11 07:30:00,83.959,81.54941
2025-07-11 08:30:00,96.623,92.552155
2025-07-11 09:30:00,97.783,94.937836
2025-07-11 10:30:00,96.475,93.34722
2025-07-11 11:30:00,84.814,91.87191
2025-07-11 12:30:00,89.328,90.73333
2025-07-11 13:30:00,96.844,90.160835
2025-07-11 14:30:00,82.558,90.04309
2025-07-11 15:30:00,86.31,89.50277
2025-07-11 16:30:00,84.667,89.14779
2025-07-11 17:30:00,90.285,90.055275
2025-07-11 18:30:00,100.012,93.81007
2025-07-11 19:30:00,105.63,104.14204
2025-07-11 20:30:00,104.164,106.07731
2025-07-11 21:30:00,96.192,95.075874
2025-07-11 22:30:00,75.324,77.53367
2025-07-11 23:30:00,60.53,57.927055
2025-07-12 00:30:00,40.523,44.431778
2025-07-12 01:30:00,44.975,41.9696
2025-07-12 02:30:00,40.827,42.690514
2025-07-12 03:30:00,40.889,43.814556
2025-07-12 04:30:00,49.372,45.49395
2025-07-12 05:30:00,40.576,49.731472
2025-07-12 06:30:00,74.505,58.18842
2025-07-12 07:30:00,65.705,74.33791
2025-07-12 08:30:00,77.378,83.29607
2025-07-12 09:30:00,82.48,83.497925
2025-07-12 10:30:00,80.525,80.42521
2025-07-12 11:30:00,73.148,78.11605
2025-07-12 12:30:00,78.208,76.60038
2025-07-12 13:30:00,74.518,76.18027
2025-07-12 14:30:00,73.769,75.91095
2025-07-12 15:30:00,77.014,75.70902
2025-07-12 16:30:00,75.093,76.29528
2025-07-12 17:30:00,81.745,78.211235
2025-07-12 18:30:00,89.134,82.4762
2025-07-12 19:30:00,87.349,92.6013
2025-07-12 20:30:00,84.464,94.4678
2025-07-12 21:30:00,76.944,84.09588
2025-07-12 22:30:00,63.458999999999996,68.59376
2025-07-12 23:30:00,53.393,50.497066
2025-07-13 00:30:00,37.444,41.57971
2025-07-13 01:30:00,34.436,41.11566
2025-07-13 02:30:00,45.506,41.145233
2025-07-13 03:30:00,42.228,41.65604
2025-07-13 04:30:00,47.938,42.774963
2025-07-13 05:30:00,40.526,47.74066
2025-07-13 06:30:00,60.981,57.346172
2025-07-13 07:30:00,68.552,71.4681
2025-07-13 08:30:00,78.545,79.76956
2025-07-13 09:30:00,81.729,80.73544
2025-07-13 10:30:00,75.167,78.651085
2025-07-13 11:30:00,73.985,76.56117
2025-07-13 12:30:00,78.249,75.31944
2025-07-13 13:30:00,69.57,74.97035
2025-07-13 14:30:00,82.058,74.04036
2025-07-13 15:30:00,76.803,74.275055
2025-07-13 16:30:00,74.272,75.48426
2025-07-13 17:30:00,78.584,78.245834
2025-07-13 18:30:00,82.203,82.55962
2025-07-13 19:30:00,87.18,91.27082
2025-07-13 20:30:00,87.305,91.772026
2025-07-13 21:30:00,85.913,81.55034
2025-07-13 22:30:00,60.646,68.15673
2025-07-13 23:30:00,51.979,51.7212
2025-07-14 00:30:00,38.652,43.188217
2025-07-14 01:30:00,46.062,42.78854
2025-07-14 02:30:00,44.97,43.320507
2025-07-14 03:30:00,42.044,44.93055
2025-07-14 04:30:00,45.805,48.50986
2025-07-14 05:30:00,54.672,55.70419
2025-07-14 06:30:00,65.383,65.38262
2025-07-14 07:30:00,70.899,79.78313
2025-07-14 08:30:00,89.357,87.88787
2025-07-14 09:30:00,95.209,88.789986
2025-07-14 10:30:00,94.194,86.849365
2025-07-14 11:30:00,88.526,85.224754
2025-07-14 12:30:00,82.353,84.63395
2025-07-14 13:30:00,86.577,84.141495
2025-07-14 14:30:00,80.624,83.8171
2025-07-14 15:30:00,69.595,83.29802
2025-07-14 16:30:00,84.931,82.77354
2025-07-14 17:30:00,83.264,84.61821
2025-07-14 18:30:00,89.147,88.72786
2025-07-14 19:30:00,97.464,98.68498
2025-07-14 20:30:00,100.594,101.13905
2025-07-14 21:30:00,90.832,91.73112
2025-07-14 22:30:00,73.786,76.23942
2025-07-14 23:30:00,57.564,59.079445
2025-07-15 00:30:00,44.138,48.812874
2025-07-15 01:30:00,41.515,46.950954
2025-07-15 02:30:00,41.15,47.700153
2025-07-15 03:30:00,46.863,49.627895
2025-07-15 04:30:00,51.535,52.563515
2025-07-15 05:30:00,51.017,57.863853
2025-07-15 06:30:00,62.057,67.19742
2025-07-15 07:30:00,71.677,81.5275
2025-07-15 08:30:00,85.746,89.5101
2025-07-15 09:30:00,88.017,89.55573
2025-07-15 10:30:00,91.433,86.384865
2025-07-15 11:30:00,78.653,84.53411
2025-07-15 12:30:00,86.058,83.33791
2025-07-15 13:30:00,84.066,83.27971
2025-07-15 14:30:00,103.42,82.919975
2025-07-15 15:30:00,87.641,84.53282
2025-07-15 16:30:00,83.039,85.67594
2025-07-15 17:30:00,88.754,88.01013
2025-07-15 18:30:00,96.532,92.30633
2025-07-15 19:30:00,105.271,102.402435
2025-07-15 20:30:00,113.53,104.43025
2025-07-15 21:30:00,85.343,94.58625
2025-07-15 22:30:00,74.625,77.48038
2025-07-15 23:30:00,60.474,59.577545
2025-07-16 00:30:00,36.751,48.804356
2025-07-16 01:30:00,44.351,46.921318
2025-07-16 02:30:00,35.603,47.37968
2025-07-16 03:30:00,75.406,48.791573
2025-07-16 04:30:00,49.387,52.432632
2025-07-16 05:30:00,50.626,57.868042
2025-07-16 06:30:00,64.678,67.60257
2025-07-16 07:30:00,79.853,83.00622
2025-07-16 08:30:00,93.363,92.85053
2025-07-16 09:30:00,93.922,94.15344
2025-07-16 10:30:00,92.607,91.420685
2025-07-16 11:30:00,81.107,89.77677
2025-07-16 12:30:00,84.351,88.32238
2025-07-16 13:30:00,91.555,87.65717
2025-07-16 14:30:00,83.752,87.14184
2025-07-16 15:30:00,83.877,87.39736
2025-07-16 16:30:00,78.583,87.59189
2025-07-16 17:30:00,91.587,88.68492
2025-07-16 18:30:00,91.204,92.55514
2025-07-16 19:30:00,94.287,102.11433
2025-07-16 20:30:00,104.524,103.670845
2025-07-16 21:30:00,88.371,94.480896
2025-07-16 22:30:00,78.819,78.254974
2025-07-16 23:30:00,65.175,60.749542
2025-07-17 00:30:00,52.289,49.40438
2025-07-17 01:30:00,46.369,47.313393
2025-07-17 02:30:00,46.357,47.664173
2025-07-17 03:30:00,40.02,49.484726
2025-07-17 04:30:00,47.707,53.167553
2025-07-17 05:30:00,52.469,58.965145
2025-07-17 06:30:00,64.601,67.71123
2025-07-17 07:30:00,75.793,81.82835
2025-07-17 08:30:00,91.762,89.250656
2025-07-17 09:30:00,89.125,89.1766
2025-07-17 10:30:00,88.214,85.99647
2025-07-17 11:30:00,82.082,84.095566
2025-07-17 12:30:00,79.148,83.36138
2025-07-17 13:30:00,78.954,83.14763
2025-07-17 14:30:00,81.156,82.729904
2025-07-17 15:30:00,83.737,82.1207
2025-07-17 16:30:00,76.56,83.074715
2025-07-17 17:30:00,81.983,85.94996
2025-07-17 18:30:00,90.113,91.3338
2025-07-17 19:30:00,98.0,101.549866
2025-07-17 20:30:00,94.058,103.20171
2025-07-17 21:30:00,93.392,92.63865
2025-07-17 22:30:00,70.924,76.49385
2025-07-17 23:30:00,56.386,58.591824
2025-07-18 00:30:00,41.018,46.751072
2025-07-18 01:30:00,45.729,44.190063
2025-07-18 02:30:00,43.441,44.252407
2025-07-18 03:30:00,42.54,45.4085
2025-07-18 04:30:00,51.004,47.961258
2025-07-18 05:30:00,55.249,54.01036
2025-07-18 06:30:00,68.541,64.20718
2025-07-18 07:30:00,76.039,78.69558
2025-07-18 08:30:00,85.312,85.61006
2025-07-18 09:30:00,88.209,84.08281
2025-07-18 10:30:00,98.88,79.826675
2025-07-18 11:30:00,74.341,78.22969
2025-07-18 12:30:00,78.95,77.26443
2025-07-18 13:30:00,75.888,77.47084
2025-07-18 14:30:00,75.216,77.379326
2025-07-18 15:30:00,75.065,77.61417
2025-07-18 16:30:00,101.485,78.60171
2025-07-18 17:30:00,97.853,83.1505
2025-07-18 18:30:00,87.043,90.418976
2025-07-18 19:30:00,96.452,102.02115
2025-07-18 20:30:00,93.879,104.87176
2025-07-18 21:30:00,93.474,94.28074
2025-07-18 22:30:00,73.386,77.07161
2025-07-18 23:30:00,57.045,58.185196
2025-07-19 00:30:00,33.777,44.346535
2025-07-19 01:30:00,35.072,42.114655
2025-07-19 02:30:00,32.976,42.146175
2025-07-19 03:30:00,38.03,42.424168
2025-07-19 04:30:00,42.055,43.575024
2025-07-19 05:30:00,52.28,46.860596
2025-07-19 06:30:00,57.743,56.141468
2025-07-19 07:30:00,69.187,69.79577
2025-07-19 08:30:00,79.748,77.16371
2025-07-19 09:30:00,66.709,77.14274
2025-07-19 10:30:00,74.243,72.07386
2025-07-19 11:30:00,70.941,68.552475
2025-07-19 12:30:00,72.669,67.11477
2025-07-19 13:30:00,64.442,67.6727
2025-07-19 14:30:00,68.594,68.035774
2025-07-19 15:30:00,66.383,68.75727
2025-07-19 16:30:00,64.478,70.04125
2025-07-19 17:30:00,78.95,72.85155
2025-07-19 18:30:00,74.611,77.44554
2025-07-19 19:30:00,88.425,85.85835
2025-07-19 20:30:00,90.539,88.2565
2025-07-19 21:30:00,75.458,80.63287
2025-07-19 22:30:00,64.569,66.85993
2025-07-19 23:30:00,53.492,49.68093
2025-07-20 00:30:00,40.478,41.57994
2025-07-20 01:30:00,40.874,40.777622
2025-07-20 02:30:00,46.45,40.801323
2025-07-20 03:30:00,44.287,41.42599
2025-07-20 04:30:00,44.56,42.683098
2025-07-20 05:30:00,50.562,48.30822
2025-07-20 06:30:00,61.261,58.563084
2025-07-20 07:30:00,66.119,71.59193
2025-07-20 08:30:00,71.678,78.68176
2025-07-20 09:30:00,75.784,78.027725
2025-07-20 10:30:00,91.759,73.44542
2025-07-20 11:30:00,65.663,71.12327
2025-07-20 12:30:00,68.626,68.753914
2025-07-20 13:30:00,66.74,67.90525
2025-07-20 14:30:00,70.897,68.26498
2025-07-20 15:30:00,69.058,69.49343
2025-07-20 16:30:00,69.236,71.454285
2025-07-20 17:30:00,65.906,74.386215
2025-07-20 18:30:00,73.773,78.19185
2025-07-20 19:30:00,78.245,86.93439
2025-07-20 20:30:00,89.578,89.029724
2025-07-20 21:30:00,86.637,81.68038
2025-07-20 22:30:00,66.467,68.760735
2025-07-20 23:30:00,54.175,52.506805
2025-07-21 00:30:00,42.81,43.057446
2025-07-21 01:30:00,44.387,42.52289
2025-07-21 02:30:00,49.36,42.972336
2025-07-21 03:30:00,45.707,44.07795
2025-07-21 04:30:00,49.748,47.3443
2025-07-21 05:30:00,57.959,55.52442
2025-07-21 06:30:00,68.086,65.45231
2025-07-21 07:30:00,77.726,79.61123
2025-07-21 08:30:00,85.905,87.03728
2025-07-21 09:30:00,81.965,86.21172
2025-07-21 10:30:00,80.024,81.428505
2025-07-21 11:30:00,73.648,77.556046
2025-07-21 12:30:00,76.018,74.48244
2025-07-21 13:30:00,79.63,73.59076
2025-07-21 14:30:00,70.524,74.24902
2025-07-21 15:30:00,68.919,75.31067
2025-07-21 16:30:00,73.924,77.02804
2025-07-21 17:30:00,78.107,80.10072
2025-07-21 18:30:00,86.919,84.57983
2025-07-21 19:30:00,92.273,94.93503
2025-07-21 20:30:00,102.683,97.78884
2025-07-21 21:30:00,97.622,90.00877
2025-07-21 22:30:00,72.041,75.781
2025-07-21 23:30:00,57.793,58.68886
2025-07-22 00:30:00,44.232,47.896984
2025-07-22 01:30:00,44.264,46.06757
2025-07-22 02:30:00,49.443,46.688026
2025-07-22 03:30:00,47.002,48.64743
2025-07-22 04:30:00,47.084,51.558697
2025-07-22 05:30:00,51.632,57.326267
2025-07-22 06:30:00,58.888,66.10242
2025-07-22 07:30:00,82.406,78.953026
2025-07-22 08:30:00,87.731,86.5993
2025-07-22 09:30:00,85.443,86.01812
2025-07-22 10:30:00,82.266,81.73081
2025-07-22 11:30:00,78.656,78.03674
2025-07-22 12:30:00,73.498,76.44204
2025-07-22 13:30:00,76.72,76.24683
2025-07-22 14:30:00,81.562,77.166664
2025-07-22 15:30:00,80.168,78.81953
2025-07-22 16:30:00,79.12,81.161766
2025-07-22 17:30:00,85.646,84.26772
2025-07-22 18:30:00,85.551,88.818726
2025-07-22 19:30:00,93.841,98.47369
2025-07-22 20:30:00,116.215,100.16878
2025-07-22 21:30:00,85.917,91.81829
2025-07-22 22:30:00,75.343,75.79449
2025-07-22 23:30:00,57.313,58.14912
2025-07-23 00:30:00,44.376,47.4376
2025-07-23 01:30:00,43.506,45.928566
2025-07-23 02:30:00,44.112,46.254547
2025-07-23 03:30:00,47.809,47.78624
2025-07-23 04:30:00,50.643,50.22121
2025-07-23 05:30:00,61.067,55.347702
2025-07-23 06:30:00,66.665,65.33617
2025-07-23 07:30:00,76.756,80.18418
2025-07-23 08:30:00,83.716,88.904854
2025-07-23 09:30:00,88.734,88.13469
2025-07-23 10:30:00,87.814,83.43783
2025-07-23 11:30:00,81.765,79.88279
2025-07-23 12:30:00,75.644,78.17825
2025-07-23 13:30:00,80.572,77.46118
2025-07-23 14:30:00,79.468,78.081116
2025-07-23 15:30:00,80.698,79.386246
2025-07-23 16:30:00,76.719,81.5245
2025-07-23 17:30:00,78.032,84.22247
2025-07-23 18:30:00,81.781,88.10284
2025-07-23 19:30:00,99.398,97.35178
2025-07-23 20:30:00,95.094,100.05954
2025-07-23 21:30:00,91.681,91.156044
2025-07-23 22:30:00,73.6,75.50894
2025-07-23 23:30:00,58.805,57.812084
2025-07-24 00:30:00,46.902,46.6946
2025-07-24 01:30:00,45.34,44.922985
2025-07-24 02:30:00,37.535,45.09866
2025-07-24 03:30:00,45.997,46.430843
2025-07-24 04:30:00,47.558,49.466133
2025-07-24 05:30:00,59.017,56.626564
2025-07-24 06:30:00,60.151,66.8438
2025-07-24 07:30:00,84.322,81.21521
2025-07-24 08:30:00,90.909,89.34263
2025-07-24 09:30:00,88.328,89.10937
2025-07-24 10:30:00,82.927,84.82462
2025-07-24 11:30:00,77.964,80.98982
2025-07-24 12:30:00,80.465,78.83391
2025-07-24 13:30:00,77.045,78.46422
2025-07-24 14:30:00,78.984,78.40845
2025-07-24 15:30:00,74.411,78.842804
2025-07-24 16:30:00,79.985,80.63525
2025-07-24 17:30:00,79.175,84.22674
2025-07-24 18:30:00,84.277,88.885414
2025-07-24 19:30:00,113.716,98.62541
2025-07-24 20:30:00,97.109,102.59106
2025-07-24 21:30:00,91.903,93.14528
2025-07-24 22:30:00,70.406,76.753334
2025-07-24 23:30:00,63.007000000000005,58.417103
2025-07-25 00:30:00,44.195,46.14231
2025-07-25 01:30:00,42.566,43.71621
2025-07-25 02:30:00,46.797,43.487324
2025-07-25 03:30:00,46.995,44.5722
2025-07-25 04:30:00,44.218,47.085197
2025-07-25 05:30:00,58.189,53.47594
2025-07-25 06:30:00,55.497,64.678566
2025-07-25 07:30:00,81.426,78.786766
2025-07-25 08:30:00,86.107,87.82683
2025-07-25 09:30:00,92.174,88.04913
2025-07-25 10:30:00,89.391,84.27028
2025-07-25 11:30:00,79.252,80.47273
2025-07-25 12:30:00,78.807,77.966515
2025-07-25 13:30:00,81.871,77.64878
2025-07-25 14:30:00,76.681,77.9431
2025-07-25 15:30:00,77.801,79.10668
2025-07-25 16:30:00,75.944,81.51278
2025-07-25 17:30:00,74.849,84.87761
2025-07-25 18:30:00,85.021,88.622314
2025-07-25 19:30:00,99.146,97.762634
2025-07-25 20:30:00,101.917,100.13888
2025-07-25 21:30:00,90.186,90.58644
2025-07-25 22:30:00,75.017,74.37682
2025-07-25 23:30:00,58.785,55.59343
2025-07-26 00:30:00,32.193,42.760548
2025-07-26 01:30:00,35.282,41.050194
2025-07-26 02:30:00,42.611,41.279373
2025-07-26 03:30:00,44.099,41.384094
2025-07-26 04:30:00,63.29,42.34029
2025-07-26 05:30:00,50.8,47.26352
2025-07-26 06:30:00,52.324,58.109703
2025-07-26 07:30:00,66.489,72.296036
2025-07-26 08:30:00,76.093,80.05783
2025-07-26 09:30:00,76.932,79.71189
2025-07-26 10:30:00,71.476,75.744644
2025-07-26 11:30:00,70.96,72.081085
2025-07-26 12:30:00,72.233,69.99522
2025-07-26 13:30:00,64.654,69.37835
2025-07-26 14:30:00,70.058,68.904495
2025-07-26 15:30:00,72.225,69.27167
2025-07-26 16:30:00,67.076,70.9159
2025-07-26 17:30:00,68.148,73.5227
2025-07-26 18:30:00,73.053,77.1208
2025-07-26 19:30:00,91.931,85.78465
2025-07-26 20:30:00,92.816,88.85049
2025-07-26 21:30:00,78.877,81.224655
2025-07-26 22:30:00,69.953,66.93323
2025-07-26 23:30:00,50.826,49.5603
2025-07-27 00:30:00,37.813,41.212334
2025-07-27 01:30:00,35.13,40.651917
2025-07-27 02:30:00,32.803,40.70891
2025-07-27 03:30:00,37.971,41.181866
2025-07-27 04:30:00,40.444,42.12401
2025-07-27 05:30:00,48.395,45.59361
2025-07-27 06:30:00,58.819,54.705025
2025-07-27 07:30:00,67.87,67.30816
2025-07-27 08:30:00,74.241,75.11391
2025-07-27 09:30:00,77.27,75.74584
2025-07-27 10:30:00,81.229,72.99759
2025-07-27 11:30:00,74.306,70.76842
2025-07-27 12:30:00,76.315,70.06149
2025-07-27 13:30:00,78.091,70.83499
2025-07-27 14:30:00,69.696,72.09376
2025-07-27 15:30:00,74.448,72.42717
2025-07-27 16:30:00,68.112,73.15881
2025-07-27 17:30:00,75.712,74.68755
2025-07-27 18:30:00,79.839,78.348
2025-07-27 19:30:00,77.53,87.84355
2025-07-27 20:30:00,89.0,90.54089
2025-07-27 21:30:00,76.911,82.77898
2025-07-27 22:30:00,64.631,68.55919
2025-07-27 23:30:00,50.359,52.145172
2025-07-28 00:30:00,46.766,43.017376
2025-07-28 01:30:00,41.744,42.551548
2025-07-28 02:30:00,40.298,42.991722
2025-07-28 03:30:00,42.952,44.04333
2025-07-28 04:30:00,47.575,47.162815
2025-07-28 05:30:00,55.625,54.702667
2025-07-28 06:30:00,68.42,64.72273
2025-07-28 07:30:00,79.411,79.49564
2025-07-28 08:30:00,92.11,88.55033
2025-07-28 09:30:00,95.758,89.84857
2025-07-28 10:30:00,91.918,87.76541
2025-07-28 11:30:00,89.007,85.77881
2025-07-28 12:30:00,93.989,84.48483
2025-07-28 13:30:00,89.315,83.988045
2025-07-28 14:30:00,87.966,83.97544
2025-07-28 15:30:00,84.198,84.91106
2025-07-28 16:30:00,85.813,86.17997
2025-07-28 17:30:00,89.331,88.358345
2025-07-28 18:30:00,86.403,92.59488
2025-07-28 19:30:00,103.138,101.59396
2025-07-28 20:30:00,98.041,103.10686
2025-07-28 21:30:00,89.994,92.648056
2025-07-28 22:30:00,76.625,76.61264
2025-07-28 23:30:00,58.006,59.460735
2025-07-29 00:30:00,45.194,49.052567
2025-07-29 01:30:00,40.104,47.717827
2025-07-29 02:30:00,47.673,48.40317
2025-07-29 03:30:00,46.157,50.393494
2025-07-29 04:30:00,47.975,53.446075
2025-07-29 05:30:00,54.99,58.482616
2025-07-29 06:30:00,64.164,68.31009
2025-07-29 07:30:00,79.158,83.850845
2025-07-29 08:30:00,89.495,93.42618
2025-07-29 09:30:00,92.244,93.83182
2025-07-29 10:30:00,83.375,90.53563
2025-07-29 11:30:00,91.487,87.23762
2025-07-29 12:30:00,83.109,86.36806
2025-07-29 13:30:00,94.454,85.50374
2025-07-29 14:30:00,88.205,86.43272
2025-07-29 15:30:00,92.001,86.80639
2025-07-29 16:30:00,89.96,87.44966
2025-07-29 17:30:00,89.804,89.812584
2025-07-29 18:30:00,91.6,94.38799
2025-07-29 19:30:00,95.827,103.78992
2025-07-29 20:30:00,100.437,104.13044
2025-07-29 21:30:00,89.706,92.152374
2025-07-29 22:30:00,74.441,75.74284
2025-07-29 23:30:00,55.553,58.29987
2025-07-30 00:30:00,42.586,48.435234
2025-07-30 01:30:00,33.907,46.919582
2025-07-30 02:30:00,43.556,47.30082
2025-07-30 03:30:00,46.084,48.942657
2025-07-30 04:30:00,45.302,51.67428
2025-07-30 05:30:00,52.918,56.15883
2025-07-30 06:30:00,64.804,64.990456
2025-07-30 07:30:00,81.158,80.023026
2025-07-30 08:30:00,94.88,90.1853
2025-07-30 09:30:00,95.628,91.87275
2025-07-30 10:30:00,90.935,89.69673
2025-07-30 11:30:00,89.428,87.822624
2025-07-30 12:30:00,94.843,87.71228
2025-07-30 13:30:00,91.809,87.68161
2025-07-30 14:30:00,91.043,88.3373
2025-07-30 15:30:00,92.067,88.54827
2025-07-30 16:30:00,86.722,89.36817
2025-07-30 17:30:00,83.67,90.8485
2025-07-30 18:30:00,94.562,93.73218
2025-07-30 19:30:00,102.827,102.81042
2025-07-30 20:30:00,102.707,104.29639
2025-07-30 21:30:00,94.953,93.580475
2025-07-30 22:30:00,68.74,77.18249
2025-07-30 23:30:00,57.957,59.10968
2025-07-31 00:30:00,40.513,48.21131
2025-07-31 01:30:00,41.425,46.070152
2025-07-31 02:30:00,44.068,46.351303
2025-07-31 03:30:00,42.165,47.89647
2025-07-31 04:30:00,53.474,50.979244
2025-07-31 05:30:00,55.028,57.056015
2025-07-31 06:30:00,61.454,67.72574
2025-07-31 07:30:00,71.521,83.96671
2025-07-31 08:30:00,88.97,93.0562
2025-07-31 09:30:00,92.9,93.17476
2025-07-31 10:30:00,88.155,89.51328
2025-07-31 11:30:00,96.071,86.90232
2025-07-31 12:30:00,80.883,86.99773
2025-07-31 13:30:00,87.263,87.55763
2025-07-31 14:30:00,85.87,87.22568
2025-07-31 15:30:00,84.03,87.30554
2025-07-31 16:30:00,77.61,87.69867
2025-07-31 17:30:00,85.561,88.761024
2025-07-31 18:30:00,92.157,91.98772
2025-07-31 19:30:00,103.461,101.65357
2025-07-31 20:30:00,103.558,104.41084
2025-07-31 21:30:00,95.18,94.75247
2025-07-31 22:30:00,67.71,77.974464
2025-07-31 23:30:00,59.483,59.30881
2025-08-01 00:30:00,53.06,46.91388
2025-08-01 01:30:00,48.742,44.555386
2025-08-01 02:30:00,40.537,45.013508
2025-08-01 03:30:00,46.758,46.293964
2025-08-01 04:30:00,44.923,49.27639
2025-08-01 05:30:00,52.603,55.21912
2025-08-01 06:30:00,71.233,65.49225
2025-08-01 07:30:00,81.166,81.030334
2025-08-01 08:30:00,85.583,90.155365
2025-08-01 09:30:00,90.627,90.74051
2025-08-01 10:30:00,89.192,88.01535
2025-08-01 11:30:00,85.433,85.96319
2025-08-01 12:30:00,87.835,85.31844
2025-08-01 13:30:00,85.078,85.651726
2025-08-01 14:30:00,86.077,86.20132
2025-08-01 15:30:00,83.273,86.38442
2025-08-01 16:30:00,84.102,86.79425
2025-08-01 17:30:00,89.648,88.49176
2025-08-01 18:30:00,94.258,92.58956
2025-08-01 19:30:00,100.392,102.42211
2025-08-01 20:30:00,108.469,104.61794
2025-08-01 21:30:00,97.059,94.98498
2025-08-01 22:30:00,75.058,77.97809
2025-08-01 23:30:00,58.947,58.58562
2025-08-02 00:30:00,44.855,44.889015
2025-08-02 01:30:00,44.981,42.560345
2025-08-02 02:30:00,34.823,43.317707
2025-08-02 03:30:00,45.29,43.97341
2025-08-02 04:30:00,49.04,45.684814
2025-08-02 05:30:00,50.205,49.804096
2025-08-02 06:30:00,55.074,59.0497
2025-08-02 07:30:00,67.089,73.08209
2025-08-02 08:30:00,84.645,80.717766
2025-08-02 09:30:00,83.271,81.09701
2025-08-02 10:30:00,77.769,78.17618
2025-08-02 11:30:00,80.462,75.789474
2025-08-02 12:30:00,67.847,75.325424
2025-08-02 13:30:00,70.857,74.703354
2025-08-02 14:30:00,71.481,73.83543
2025-08-02 15:30:00,69.578,73.18065
2025-08-02 16:30:00,64.015,73.532196
2025-08-02 17:30:00,76.461,75.31112
2025-08-02 18:30:00,75.996,79.7245
2025-08-02 19:30:00,83.631,88.89831
2025-08-02 20:30:00,86.334,90.87949
2025-08-02 21:30:00,79.234,82.09595
2025-08-02 22:30:00,65.963,67.77763
2025-08-02 23:30:00,57.056,50.104485
2025-08-03 00:30:00,43.746,41.77053
2025-08-03 01:30:00,39.398,41.054054
2025-08-03 02:30:00,38.827,41.208588
2025-08-03 03:30:00,41.356,41.801537
2025-08-03 04:30:00,40.705,43.17003
2025-08-03 05:30:00,48.712,48.21573
2025-08-03 06:30:00,54.176,57.7919
2025-08-03 07:30:00,75.745,69.5839
2025-08-03 08:30:00,79.183,77.58367
2025-08-03 09:30:00,77.342,78.27337
2025-08-03 10:30:00,76.33,74.46969
2025-08-03 11:30:00,64.965,70.5969
2025-08-03 12:30:00,65.263,68.07605
2025-08-03 13:30:00,69.541,66.93092
2025-08-03 14:30:00,68.715,66.78895
2025-08-03 15:30:00,71.589,67.0601
2025-08-03 16:30:00,58.502,69.5226
2025-08-03 17:30:00,73.313,73.275345
2025-08-03 18:30:00,74.655,78.598694
2025-08-03 19:30:00,81.173,87.29379
2025-08-03 20:30:00,82.12,88.48999
2025-08-03 21:30:00,78.909,79.58355
2025-08-03 22:30:00,72.773,66.69085
2025-08-03 23:30:00,57.785,50.919735
2025-08-04 00:30:00,51.53,42.797398
2025-08-04 01:30:00,46.116,42.53178
2025-08-04 02:30:00,47.456,43.112293
2025-08-04 03:30:00,42.274,44.88196
2025-08-04 04:30:00,44.353,48.489365
2025-08-04 05:30:00,54.965,55.80489
2025-08-04 06:30:00,60.564,64.80799
2025-08-04 07:30:00,74.613,77.31288
2025-08-04 08:30:00,89.272,84.43607
2025-08-04 09:30:00,93.623,84.2924
2025-08-04 10:30:00,83.152,81.3614
2025-08-04 11:30:00,73.457,78.66648
2025-08-04 12:30:00,70.463,76.60089
2025-08-04 13:30:00,77.56,74.89048
2025-08-04 14:30:00,73.849,74.111664
2025-08-04 15:30:00,74.792,73.79763
2025-08-04 16:30:00,73.08,75.53155
2025-08-04 17:30:00,76.576,79.49816
2025-08-04 18:30:00,90.862,85.70805
2025-08-04 19:30:00,101.37,96.82307
2025-08-04 20:30:00,102.281,99.49002
2025-08-04 21:30:00,89.334,90.247116
2025-08-04 22:30:00,74.665,75.08983
2025-08-04 23:30:00,64.377,58.271313
2025-08-05 00:30:00,50.053,48.03073
2025-08-05 01:30:00,41.691,46.49613
2025-08-05 02:30:00,52.061,47.358543
2025-08-05 03:30:00,44.787,49.56847
2025-08-05 04:30:00,52.037,52.574345
2025-08-05 05:30:00,65.226,57.922325
2025-08-05 06:30:00,59.702,67.6274
2025-08-05 07:30:00,79.381,81.29876
2025-08-05 08:30:00,86.064,89.271736
2025-08-05 09:30:00,89.745,88.87771
2025-08-05 10:30:00,80.709,84.903435
2025-08-05 11:30:00,70.464,80.77906
2025-08-05 12:30:00,75.961,77.60993
2025-08-05 13:30:00,80.621,76.61223
2025-08-05 14:30:00,83.831,77.11898
2025-08-05 15:30:00,79.193,78.17944
2025-08-05 16:30:00,82.381,79.62919
2025-08-05 17:30:00,94.745,82.65611
2025-08-05 18:30:00,84.411,88.777596
2025-08-05 19:30:00,98.635,100.17315
2025-08-05 20:30:00,99.658,103.74365
2025-08-05 21:30:00,96.571,94.328
2025-08-05 22:30:00,72.033,77.809044
2025-08-05 23:30:00,65.279,59.972965
2025-08-06 00:30:00,50.468,48.691135
2025-08-06 01:30:00,48.232,47.091137
2025-08-06 02:30:00,50.711,47.835796
2025-08-06 03:30:00,46.017,49.799545
2025-08-06 04:30:00,47.474,52.932396
2025-08-06 05:30:00,57.33,57.727276
2025-08-06 06:30:00,63.60399999999999,66.481544
2025-08-06 07:30:00,78.726,79.42441
2025-08-06 08:30:00,88.856,86.76228
2025-08-06 09:30:00,88.846,86.1176
2025-08-06 10:30:00,84.721,82.53891
2025-08-06 11:30:00,81.672,79.857254
2025-08-06 12:30:00,78.205,78.982
2025-08-06 13:30:00,90.018,79.093185
2025-08-06 14:30:00,82.472,79.67971
2025-08-06 15:30:00,79.654,80.59736
2025-08-06 16:30:00,79.949,81.5853
2025-08-06 17:30:00,83.261,84.22229
2025-08-06 18:30:00,88.59,89.61302
2025-08-06 19:30:00,96.381,100.28062
2025-08-06 20:30:00,98.513,102.72029
2025-08-06 21:30:00,91.973,92.82338
2025-08-06 22:30:00,78.184,76.75895
2025-08-06 23:30:00,63.571,59.22361
2025-08-07 00:30:00,46.068,48.014355
2025-08-07 01:30:00,47.315,45.91257
2025-08-07 02:30:00,42.68,46.394012
2025-08-07 03:30:00,45.671,47.98698
2025-08-07 04:30:00,51.799,51.261448
2025-08-07 05:30:00,52.231,57.29179
2025-08-07 06:30:00,65.492,66.65348
2025-08-07 07:30:00,77.793,81.2126
2025-08-07 08:30:00,87.182,88.98697
2025-08-07 09:30:00,91.963,88.202156
2025-08-07 10:30:00,85.541,84.667656
2025-08-07 11:30:00,76.271,82.07091
2025-08-07 12:30:00,81.594,80.40257
2025-08-07 13:30:00,78.555,79.7507
2025-08-07 14:30:00,75.347,79.25895
2025-08-07 15:30:00,81.736,78.48869
2025-08-07 16:30:00,74.154,79.31759
2025-08-07 17:30:00,78.287,82.001015
2025-08-07 18:30:00,87.36,87.41739
2025-08-07 19:30:00,96.659,99.228004
2025-08-07 20:30:00,98.491,102.48016
2025-08-07 21:30:00,89.029,92.72246
2025-08-07 22:30:00,74.244,76.03191
2025-08-07 23:30:00,58.53,58.166245
2025-08-08 00:30:00,45.829,46.31448
2025-08-08 01:30:00,45.083,44.035156
2025-08-08 02:30:00,42.683,44.281136
2025-08-08 03:30:00,47.2,45.57132
2025-08-08 04:30:00,48.053,48.692062
2025-08-08 05:30:00,56.954,54.619144
2025-08-08 06:30:00,67.291,64.5569
2025-08-08 07:30:00,82.607,78.54834
2025-08-08 08:30:00,89.012,85.93604
2025-08-08 09:30:00,81.995,84.77802
2025-08-08 10:30:00,87.387,79.17055
2025-08-08 11:30:00,67.315,74.73677
2025-08-08 12:30:00,68.326,71.3498
2025-08-08 13:30:00,63.59199999999999,70.13736
2025-08-08 14:30:00,66.239,69.123116
2025-08-08 15:30:00,68.913,68.88522
2025-08-08 16:30:00,69.107,70.16207
2025-08-08 17:30:00,78.432,73.07799
2025-08-08 18:30:00,86.181,79.18265
2025-08-08 19:30:00,96.431,92.598854
2025-08-08 20:30:00,108.326,99.61801
2025-08-08 21:30:00,93.664,94.538795
2025-08-08 22:30:00,78.243,78.979065
2025-08-08 23:30:00,65.901,59.7403
2025-08-09 00:30:00,44.161,45.187237
2025-08-09 01:30:00,40.295,42.39563
2025-08-09 02:30:00,45.694,42.18948
2025-08-09 03:30:00,41.128,42.72213
2025-08-09 04:30:00,48.108,44.441906
2025-08-09 05:30:00,45.179,48.914696
2025-08-09 06:30:00,57.512,57.32174
2025-08-09 07:30:00,69.934,69.354805
2025-08-09 08:30:00,76.533,75.469986
2025-08-09 09:30:00,70.367,74.28028
2025-08-09 10:30:00,63.346,69.58978
2025-08-09 11:30:00,67.423,65.612885
2025-08-09 12:30:00,64.494,63.59915
2025-08-09 13:30:00,64.367,62.702152
2025-08-09 14:30:00,71.438,63.582092
2025-08-09 15:30:00,63.833999999999996,65.62178
2025-08-09 16:30:00,63.032999999999994,67.46954
2025-08-09 17:30:00,60.993,70.02654
2025-08-09 18:30:00,72.147,73.76785
2025-08-09 19:30:00,88.57,83.41242
2025-08-09 20:30:00,85.922,88.08842
2025-08-09 21:30:00,83.346,81.945885
2025-08-09 22:30:00,62.88099999999999,68.26263
2025-08-09 23:30:00,51.469,50.79355
2025-08-10 00:30:00,37.225,41.70493
2025-08-10 01:30:00,42.589,40.80797
2025-08-10 02:30:00,40.599,40.775047
2025-08-10 03:30:00,38.113,41.35618
2025-08-10 04:30:00,46.45,42.396263
2025-08-10 05:30:00,50.81,46.95126
2025-08-10 06:30:00,59.49,56.22555
2025-08-10 07:30:00,70.571,68.08194
2025-08-10 08:30:00,73.005,74.17431
2025-08-10 09:30:00,77.987,72.535034
2025-08-10 10:30:00,65.956,68.46062
2025-08-10 11:30:00,61.775,64.73817
2025-08-10 12:30:00,61.253,62.212025
2025-08-10 13:30:00,57.761,61.51634
2025-08-10 14:30:00,68.316,61.296524
2025-08-10 15:30:00,61.377,62.70085
2025-08-10 16:30:00,62.016,65.53996
2025-08-10 17:30:00,65.66,70.381485
2025-08-10 18:30:00,80.045,75.88243
2025-08-10 19:30:00,89.894,85.83138
2025-08-10 20:30:00,89.56,88.61071
2025-08-10 21:30:00,76.609,80.68191
2025-08-10 22:30:00,67.238,67.51481
2025-08-10 23:30:00,54.514,51.31171
2025-08-11 00:30:00,44.375,42.8275
2025-08-11 01:30:00,43.019,42.494793
2025-08-11 02:30:00,41.473,42.98166
2025-08-11 03:30:00,52.854,44.06329
2025-08-11 04:30:00,52.488,47.54099
2025-08-11 05:30:00,55.775,55.60973
2025-08-11 06:30:00,64.023,64.88811
2025-08-11 07:30:00,80.398,77.4002
2025-08-11 08:30:00,86.744,83.578094
2025-08-11 09:30:00,81.913,81.191864
2025-08-11 10:30:00,76.715,75.1365
2025-08-11 11:30:00,74.072,70.31587
2025-08-11 12:30:00,74.163,68.41118
2025-08-11 13:30:00,68.708,68.56665
2025-08-11 14:30:00,72.698,69.69441
2025-08-11 15:30:00,74.547,72.39465
2025-08-11 16:30:00,71.4,75.89803
2025-08-11 17:30:00,84.19,79.770294
2025-08-11 18:30:00,86.713,85.35529
2025-08-11 19:30:00,92.014,96.29281
2025-08-11 20:30:00,98.151,99.20751
2025-08-11 21:30:00,90.114,90.48768
2025-08-11 22:30:00,78.447,75.21309
2025-08-11 23:30:00,64.543,58.26134
2025-08-12 00:30:00,45.978,47.665833
2025-08-12 01:30:00,47.215,45.982693
2025-08-12 02:30:00,53.492,46.775303
2025-08-12 03:30:00,44.51,48.86169
2025-08-12 04:30:00,49.218,52.054756
2025-08-12 05:30:00,53.434,58.385406
2025-08-12 06:30:00,60.846,66.939514
2025-08-12 07:30:00,70.526,79.51589
2025-08-12 08:30:00,90.072,86.07495
2025-08-12 09:30:00,82.887,85.51106
2025-08-12 10:30:00,80.085,80.32104
2025-08-12 11:30:00,78.098,75.134125
2025-08-12 12:30:00,70.826,72.43418
2025-08-12 13:30:00,71.25,72.17868
2025-08-12 14:30:00,72.653,73.47411
2025-08-12 15:30:00,69.288,75.596756
2025-08-12 16:30:00,65.875,77.44408
2025-08-12 17:30:00,77.891,78.9861
2025-08-12 18:30:00,85.509,82.73566
2025-08-12 19:30:00,98.311,92.922485
2025-08-12 20:30:00,101.102,96.75511
2025-08-12 21:30:00,95.685,89.623055
2025-08-12 22:30:00,77.571,75.471214
2025-08-12 23:30:00,58.429,58.463955
2025-08-13 00:30:00,49.388,46.940536
2025-08-13 01:30:00,44.34,45.481205
2025-08-13 02:30:00,43.732,45.611504
2025-08-13 03:30:00,43.981,47.087955
2025-08-13 04:30:00,41.184,49.154095
2025-08-13 05:30:00,52.855,54.656
2025-08-13 06:30:00,66.631,62.989307
2025-08-13 07:30:00,72.846,75.89221
2025-08-13 08:30:00,91.514,82.85277
2025-08-13 09:30:00,75.475,83.413795
2025-08-13 10:30:00,75.646,78.18769
2025-08-13 11:30:00,69.778,73.27285
2025-08-13 12:30:00,76.356,70.532486
2025-08-13 13:30:00,74.958,70.674576
2025-08-13 14:30:00,71.93,72.036385
2025-08-13 15:30:00,67.474,73.72782
2025-08-13 16:30:00,67.686,75.56913
2025-08-13 17:30:00,76.641,78.01343
2025-08-13 18:30:00,83.867,82.134766
2025-08-13 19:30:00,95.109,92.40485
2025-08-13 20:30:00,100.007,96.01277
2025-08-13 21:30:00,90.257,88.50756
2025-08-13 22:30:00,69.672,73.88106
2025-08-13 23:30:00,56.398,56.524994
2025-08-14 00:30:00,40.426,45.71842
2025-08-14 01:30:00,43.268,43.816418
2025-08-14 02:30:00,46.829,43.614304
2025-08-14 03:30:00,47.669,44.70526
2025-08-14 04:30:00,54.0,47.4728
2025-08-14 05:30:00,50.632,55.626057
2025-08-14 06:30:00,66.689,65.0515
2025-08-14 07:30:00,74.86,79.20833
2025-08-14 08:30:00,93.461,85.61546
2025-08-14 09:30:00,89.019,85.26324
2025-08-14 10:30:00,82.604,81.23763
2025-08-14 11:30:00,80.762,78.16742
2025-08-14 12:30:00,78.585,77.19645
2025-08-14 13:30:00,76.184,77.12454
2025-08-14 14:30:00,79.252,77.18061
2025-08-14 15:30:00,81.124,77.884674
2025-08-14 16:30:00,78.218,79.82676
2025-08-14 17:30:00,75.839,83.139145
2025-08-14 18:30:00,92.196,87.71781
2025-08-14 19:30:00,98.546,98.83456
2025-08-14 20:30:00,96.268,102.17658
2025-08-14 21:30:00,91.648,92.74853
2025-08-14 22:30:00,74.873,76.330795
2025-08-14 23:30:00,59.029,58.241917
2025-08-15 00:30:00,45.844,46.10723
2025-08-15 01:30:00,38.851,43.751392
2025-08-15 02:30:00,51.755,43.54987
2025-08-15 03:30:00,49.243,44.88148
2025-08-15 04:30:00,42.978,47.86237
2025-08-15 05:30:00,57.323,54.374275
2025-08-15 06:30:00,67.059,64.71492
2025-08-15 07:30:00,83.047,79.26866
2025-08-15 08:30:00,91.568,87.23716
2025-08-15 09:30:00,91.855,86.94503
2025-08-15 10:30:00,79.901,82.59799
2025-08-15 11:30:00,79.517,78.41404
2025-08-15 12:30:00,75.686,76.64172
2025-08-15 13:30:00,81.445,76.479355
2025-08-15 14:30:00,69.982,77.01365
2025-08-15 15:30:00,71.638,77.0934
2025-08-15 16:30:00,73.662,77.76807
2025-08-15 17:30:00,76.392,79.75284
2025-08-15 18:30:00,86.833,83.97197
2025-08-15 19:30:00,101.534,95.61571
2025-08-15 20:30:00,97.986,100.90523
2025-08-15 21:30:00,87.121,93.18965
2025-08-15 22:30:00,74.392,76.774155
2025-08-15 23:30:00,58.798,58.056698
2025-08-16 00:30:00,41.382,43.930073
2025-08-16 01:30:00,45.421,41.885536
2025-08-16 02:30:00,45.785,41.88303
2025-08-16 03:30:00,45.454,42.33365
2025-08-16 04:30:00,41.684,44.178284
2025-08-16 05:30:00,48.22,48.49002
2025-08-16 06:30:00,59.397,57.54577
2025-08-16 07:30:00,66.068,70.81252
2025-08-16 08:30:00,72.899,77.59851
2025-08-16 09:30:00,74.998,76.13723
2025-08-16 10:30:00,64.089,71.24728
2025-08-16 11:30:00,68.707,66.189064
2025-08-16 12:30:00,62.806000000000004,63.725254
2025-08-16 13:30:00,67.355,62.803593
2025-08-16 14:30:00,66.874,63.856686
2025-08-16 15:30:00,70.178,64.821465
2025-08-16 16:30:00,58.052,66.693695
2025-08-16 17:30:00,71.667,69.177635
2025-08-16 18:30:00,80.591,73.95593
2025-08-16 19:30:00,86.928,85.15057
2025-08-16 20:30:00,90.671,90.193756
2025-08-16 21:30:00,83.451,83.76748
2025-08-16 22:30:00,64.292,69.435646
2025-08-16 23:30:00,54.562,51.764107
2025-08-17 00:30:00,43.252,41.993515
2025-08-17 01:30:00,34.467,41.05242
2025-08-17 02:30:00,42.948,41.07091
2025-08-17 03:30:00,42.353,41.64653
2025-08-17 04:30:00,46.123,42.743977
2025-08-17 05:30:00,44.492,47.416245
2025-08-17 06:30:00,55.631,56.231903
2025-08-17 07:30:00,64.444,67.695366
2025-08-17 08:30:00,70.346,74.20408
2025-08-17 09:30:00,76.847,73.55222
2025-08-17 10:30:00,67.752,69.42922
2025-08-17 11:30:00,64.075,64.65003
2025-08-17 12:30:00,68.648,62.04124
2025-08-17 13:30:00,62.596,61.85731
2025-08-17 14:30:00,65.71,62.360806
2025-08-17 15:30:00,57.063,63.38204
2025-08-17 16:30:00,60.687,64.39842
2025-08-17 17:30:00,64.398,66.95249
2025-08-17 18:30:00,78.949,72.09254
2025-08-17 19:30:00,110.427,83.687675
2025-08-17 20:30:00,91.895,91.16529
2025-08-17 21:30:00,82.322,85.930435
2025-08-17 22:30:00,61.022,71.42457
2025-08-17 23:30:00,53.879,54.0839
2025-08-18 00:30:00,40.74,43.211586
2025-08-18 01:30:00,47.974,42.514145
2025-08-18 02:30:00,49.24,42.903328
2025-08-18 03:30:00,50.4,43.86714
2025-08-18 04:30:00,49.833,47.27303
2025-08-18 05:30:00,50.255,55.407677
2025-08-18 06:30:00,67.198,64.16151
2025-08-18 07:30:00,80.15,77.015854
2025-08-18 08:30:00,84.895,84.22536
2025-08-18 09:30:00,84.805,83.50916
2025-08-18 10:30:00,72.99,79.553154
2025-08-18 11:30:00,75.282,75.03131
2025-08-18 12:30:00,73.556,71.914635
2025-08-18 13:30:00,70.475,70.67496
2025-08-18 14:30:00,76.734,70.79518
2025-08-18 15:30:00,72.568,72.732864
2025-08-18 16:30:00,89.345,74.834946
2025-08-18 17:30:00,77.474,79.96727
2025-08-18 18:30:00,87.195,86.20767
2025-08-18 19:30:00,92.299,98.0443
2025-08-18 20:30:00,98.96,101.50751
2025-08-18 21:30:00,99.262,91.96715
2025-08-18 22:30:00,80.761,76.254654
2025-08-18 23:30:00,63.953,58.904114
2025-08-19 00:30:00,45.918,48.20342
2025-08-19 01:30:00,42.254,46.42177
2025-08-19 02:30:00,45.794,47.11384
2025-08-19 03:30:00,45.776,48.92124
2025-08-19 04:30:00,49.191,51.678135
2025-08-19 05:30:00,50.172,57.224373
2025-08-19 06:30:00,68.97,65.67184
2025-08-19 07:30:00,68.403,79.402954
2025-08-19 08:30:00,88.534,85.96827
2025-08-19 09:30:00,89.112,84.70275
2025-08-19 10:30:00,90.073,80.367744
2025-08-19 11:30:00,77.652,77.31528
2025-08-19 12:30:00,76.735,76.290726
2025-08-19 13:30:00,80.267,77.00809
2025-08-19 14:30:00,81.816,77.71634
2025-08-19 15:30:00,78.624,78.54967
2025-08-19 16:30:00,99.774,79.57722
2025-08-19 17:30:00,80.141,84.07061
2025-08-19 18:30:00,85.913,89.17715
2025-08-19 19:30:00,92.982,100.13705
2025-08-19 20:30:00,93.847,102.72236
2025-08-19 21:30:00,99.447,92.552635
2025-08-19 22:30:00,77.71,76.66601
2025-08-19 23:30:00,61.808,59.154686
2025-08-20 00:30:00,43.298,48.030895
2025-08-20 01:30:00,47.129,46.305298
2025-08-20 02:30:00,41.956,46.82865
2025-08-20 03:30:00,47.495,48.414062
2025-08-20 04:30:00,50.086,51.101124
2025-08-20 05:30:00,51.503,56.007137
2025-08-20 06:30:00,64.24,64.779205
2025-08-20 07:30:00,76.168,79.0754
2025-08-20 08:30:00,82.86,87.180084
2025-08-20 09:30:00,82.774,86.66783
2025-08-20 10:30:00,74.261,82.53509
2025-08-20 11:30:00,80.706,78.6558
2025-08-20 12:30:00,82.813,76.72278
2025-08-20 13:30:00,76.23,76.23979
2025-08-20 14:30:00,84.49,76.007904
2025-08-20 15:30:00,79.312,76.984436
2025-08-20 16:30:00,78.423,78.7462
2025-08-20 17:30:00,74.973,82.42281
2025-08-20 18:30:00,84.359,87.163734
2025-08-20 19:30:00,98.376,97.61166
2025-08-20 20:30:00,96.4,99.671364
2025-08-20 21:30:00,88.797,89.05214
2025-08-20 22:30:00,73.907,73.67387
2025-08-20 23:30:00,49.037,56.513638
2025-08-21 00:30:00,46.05,45.951576
2025-08-21 01:30:00,47.813,44.237526
2025-08-21 02:30:00,47.509,44.713387
2025-08-21 03:30:00,50.402,46.34741
2025-08-21 04:30:00,47.683,49.697746
2025-08-21 05:30:00,61.25,56.176155
2025-08-21 06:30:00,61.983,66.12491
2025-08-21 07:30:00,76.827,80.615616
2025-08-21 08:30:00,84.403,88.30654
2025-08-21 09:30:00,87.248,86.89062
2025-08-21 10:30:00,81.377,82.48576
2025-08-21 11:30:00,77.968,79.208664
2025-08-21 12:30:00,74.662,78.07167
2025-08-21 13:30:00,75.869,77.41908
2025-08-21 14:30:00,69.837,76.68714
2025-08-21 15:30:00,79.922,76.05478
2025-08-21 16:30:00,73.759,77.19679
2025-08-21 17:30:00,78.823,80.24343
2025-08-21 18:30:00,84.692,86.31485
2025-08-21 19:30:00,98.769,98.30357
2025-08-21 20:30:00,97.877,101.59875
2025-08-21 21:30:00,83.175,91.36232
2025-08-21 22:30:00,77.199,74.489265
2025-08-21 23:30:00,59.083,56.765347
2025-08-22 00:30:00,45.685,45.125034
2025-08-22 01:30:00,49.436,43.230145
2025-08-22 02:30:00,43.653,43.61095
2025-08-22 03:30:00,47.694,44.96976
2025-08-22 04:30:00,47.272,47.98951
2025-08-22 05:30:00,59.088,53.79027
2025-08-22 06:30:00,66.075,64.118004
2025-08-22 07:30:00,77.808,78.08955
2025-08-22 08:30:00,81.191,85.207596
2025-08-22 09:30:00,87.571,83.21537
2025-08-22 10:30:00,81.633,77.99663
2025-08-22 11:30:00,70.521,73.88173
2025-08-22 12:30:00,71.922,71.61878
2025-08-22 13:30:00,73.852,70.932434
2025-08-22 14:30:00,80.052,71.07491
2025-08-22 15:30:00,73.313,72.06578
2025-08-22 16:30:00,72.649,73.648964
2025-08-22 17:30:00,75.744,76.78636
2025-08-22 18:30:00,86.68,82.62478
2025-08-22 19:30:00,100.419,95.57219
2025-08-22 20:30:00,97.848,101.76662
2025-08-22 21:30:00,95.701,94.35001
2025-08-22 22:30:00,71.337,77.99459
2025-08-22 23:30:00,64.4,58.85981
2025-08-23 00:30:00,43.792,44.720104
2025-08-23 01:30:00,43.875,42.329716
2025-08-23 02:30:00,42.459,42.31701
2025-08-23 03:30:00,43.624,42.88593
2025-08-23 04:30:00,42.791,44.75886
2025-08-23 05:30:00,45.366,49.13628
2025-08-23 06:30:00,59.681,57.683727
2025-08-23 07:30:00,70.6,69.5507
2025-08-23 08:30:00,80.195,75.08804
2025-08-23 09:30:00,73.674,73.53305
2025-08-23 10:30:00,66.866,68.912605
2025-08-23 11:30:00,61.843,64.708595
2025-08-23 12:30:00,62.42,62.340763
2025-08-23 13:30:00,65.647,61.954327
2025-08-23 14:30:00,60.199,62.837025
2025-08-23 15:30:00,66.096,63.835735
2025-08-23 16:30:00,62.931999999999995,65.491684
2025-08-23 17:30:00,69.316,68.216675
2025-08-23 18:30:00,81.619,73.30263
2025-08-23 19:30:00,78.464,85.01615
2025-08-23 20:30:00,93.003,89.427055
2025-08-23 21:30:00,80.941,82.92686
2025-08-23 22:30:00,64.482,68.54162
2025-08-23 23:30:00,52.887,50.77427
2025-08-24 00:30:00,36.579,41.683525
2025-08-24 01:30:00,42.536,40.82806
2025-08-24 02:30:00,37.622,40.841904
2025-08-24 03:30:00,46.164,41.390175
2025-08-24 04:30:00,46.316,42.49273
2025-08-24 05:30:00,49.755,47.198597
2025-08-24 06:30:00,50.865,56.57367
2025-08-24 07:30:00,64.085,67.894295
2025-08-24 08:30:00,74.99,73.62636
2025-08-24 09:30:00,75.94,72.7602
2025-08-24 10:30:00,75.639,69.38134
2025-08-24 11:30:00,59.2,67.15798
2025-08-24 12:30:00,66.878,65.34854
2025-08-24 13:30:00,73.93,64.7481
2025-08-24 14:30:00,70.43,65.25357
2025-08-24 15:30:00,94.878,66.13907
2025-08-24 16:30:00,65.569,69.67269
2025-08-24 17:30:00,76.168,73.547806
2025-08-24 18:30:00,76.986,79.90062
2025-08-24 19:30:00,90.422,90.47336
2025-08-24 20:30:00,93.321,92.39274
2025-08-24 21:30:00,84.519,82.94469
2025-08-24 22:30:00,66.122,68.856316
2025-08-24 23:30:00,52.307,51.961254
2025-08-25 00:30:00,43.646,42.892666
2025-08-25 01:30:00,53.071,42.67838
2025-08-25 02:30:00,46.0,43.489338
2025-08-25 03:30:00,51.302,45.619976
2025-08-25 04:30:00,51.55,49.82933
2025-08-25 05:30:00,54.05,57.2915
2025-08-25 06:30:00,64.551,66.5572
2025-08-25 07:30:00,81.839,79.74612
2025-08-25 08:30:00,85.644,87.477356
2025-08-25 09:30:00,83.269,86.80123
2025-08-25 10:30:00,77.675,82.63597
2025-08-25 11:30:00,77.689,79.059975
2025-08-25 12:30:00,74.349,77.049965
2025-08-25 13:30:00,79.351,76.34319
2025-08-25 14:30:00,86.518,76.63347
2025-08-25 15:30:00,78.729,77.83591
2025-08-25 16:30:00,83.409,79.436905
2025-08-25 17:30:00,75.684,82.14338
2025-08-25 18:30:00,89.695,86.77029
2025-08-25 19:30:00,101.587,98.40259
2025-08-25 20:30:00,104.364,102.827034
2025-08-25 21:30:00,95.284,94.56002
2025-08-25 22:30:00,74.972,78.23496
2025-08-25 23:30:00,63.85900000000001,60.676414
2025-08-26 00:30:00,41.292,49.532288
2025-08-26 01:30:00,51.212,47.386913
2025-08-26 02:30:00,42.868,48.280693
2025-08-26 03:30:00,51.378,50.23721
2025-08-26 04:30:00,52.864,53.31163
2025-08-26 05:30:00,58.656,58.398064
2025-08-26 06:30:00,72.202,67.579605
2025-08-26 07:30:00,81.296,82.29161
2025-08-26 08:30:00,83.245,91.225685
2025-08-26 09:30:00,91.366,90.39311
2025-08-26 10:30:00,76.923,86.06642
2025-08-26 11:30:00,78.141,81.816055
2025-08-26 12:30:00,75.449,79.82532
2025-08-26 13:30:00,79.636,79.122
2025-08-26 14:30:00,74.974,79.109634
2025-08-26 15:30:00,75.086,79.21201
2025-08-26 16:30:00,79.75,79.69561
2025-08-26 17:30:00,83.794,82.39623
2025-08-26 18:30:00,87.288,87.31942
2025-08-26 19:30:00,104.641,98.68938
2025-08-26 20:30:00,98.333,102.81795
2025-08-26 21:30:00,93.585,93.652176
2025-08-26 22:30:00,77.195,77.28933
2025-08-26 23:30:00,59.998,59.594494
2025-08-27 00:30:00,49.67,48.246777
2025-08-27 01:30:00,42.731,46.56187
2025-08-27 02:30:00,39.259,47.081806
2025-08-27 03:30:00,46.973,48.56622
2025-08-27 04:30:00,48.788,51.21381
2025-08-27 05:30:00,59.225,56.143764
2025-08-27 06:30:00,61.142,65.37788
2025-08-27 07:30:00,79.446,79.113075
2025-08-27 08:30:00,86.944,86.73456
2025-08-27 09:30:00,87.769,85.311966
2025-08-27 10:30:00,85.804,80.722626
2025-08-27 11:30:00,77.784,77.16833
2025-08-27 12:30:00,76.604,75.71084
2025-08-27 13:30:00,77.968,75.78574
2025-08-27 14:30:00,75.87,76.20484
2025-08-27 15:30:00,70.771,76.70278
2025-08-27 16:30:00,73.524,77.75795
2025-08-27 17:30:00,76.752,80.702095
2025-08-27 18:30:00,84.629,85.687416
2025-08-27 19:30:00,95.54,96.8696
2025-08-27 20:30:00,101.497,100.534744
2025-08-27 21:30:00,91.39,91.83368
2025-08-27 22:30:00,79.569,75.9122
2025-08-27 23:30:00,65.051,58.31491
2025-08-28 00:30:00,37.666,46.825043
2025-08-28 01:30:00,41.628,44.8274
2025-08-28 02:30:00,38.806,44.90478
2025-08-28 03:30:00,47.061,46.153996
2025-08-28 04:30:00,48.967,49.03721
2025-08-28 05:30:00,56.368,55.87854
2025-08-28 06:30:00,69.324,65.65262
2025-08-28 07:30:00,78.446,80.18149
2025-08-28 08:30:00,83.424,87.31403
2025-08-28 09:30:00,85.04,85.5051
2025-08-28 10:30:00,79.541,80.50113
2025-08-28 11:30:00,73.378,76.9387
2025-08-28 12:30:00,81.643,75.30735
2025-08-28 13:30:00,80.518,75.71066
2025-08-28 14:30:00,83.63,76.63807
2025-08-28 15:30:00,73.334,77.84082
2025-08-28 16:30:00,70.981,79.27066
2025-08-28 17:30:00,74.514,81.95532
2025-08-28 18:30:00,87.606,86.51066
2025-08-28 19:30:00,100.079,97.60626
2025-08-28 20:30:00,101.507,101.09588
2025-08-28 21:30:00,92.641,92.21943
2025-08-28 22:30:00,79.254,76.053314
2025-08-28 23:30:00,59.761,58.33404
2025-08-29 00:30:00,48.802,46.10738
2025-08-29 01:30:00,52.557,43.734585
2025-08-29 02:30:00,42.315,43.924507
2025-08-29 03:30:00,45.867,45.196888
2025-08-29 04:30:00,44.04,48.047905
2025-08-29 05:30:00,51.232,54.09432
2025-08-29 06:30:00,66.197,63.99699
2025-08-29 07:30:00,71.713,78.30055
2025-08-29 08:30:00,82.806,84.86955
2025-08-29 09:30:00,88.127,83.03425
2025-08-29 10:30:00,82.579,78.970245
2025-08-29 11:30:00,81.258,76.05264
2025-08-29 12:30:00,73.302,75.33938
2025-08-29 13:30:00,79.049,75.61394
2025-08-29 14:30:00,85.691,76.07885
2025-08-29 15:30:00,75.963,77.15943
2025-08-29 16:30:00,75.65,78.24349
2025-08-29 17:30:00,80.31,81.108376
2025-08-29 18:30:00,82.766,86.688225
2025-08-29 19:30:00,99.021,98.18657
2025-08-29 20:30:00,93.46,101.54072
2025-08-29 21:30:00,82.734,91.32496
2025-08-29 22:30:00,76.347,74.07992
2025-08-29 23:30:00,56.95,55.68213
2025-08-30 00:30:00,36.896,42.90704
2025-08-30 01:30:00,42.506,41.46762
2025-08-30 02:30:00,42.409,41.555473
2025-08-30 03:30:00,36.892,41.76615
2025-08-30 04:30:00,45.127,42.900803
2025-08-30 05:30:00,47.526,46.271286
2025-08-30 06:30:00,58.699,54.983257
2025-08-30 07:30:00,68.229,68.79182
2025-08-30 08:30:00,71.17,76.18294
2025-08-30 09:30:00,76.07,75.57006
2025-08-30 10:30:00,66.056,72.24877
2025-08-30 11:30:00,71.726,69.14518
2025-08-30 12:30:00,72.028,68.00687
2025-08-30 13:30:00,68.844,67.589615
2025-08-30 14:30:00,70.915,67.25032
2025-08-30 15:30:00,66.813,67.505974
2025-08-30 16:30:00,73.673,68.30326
2025-08-30 17:30:00,65.658,71.27049
2025-08-30 18:30:00,75.289,76.288185
2025-08-30 19:30:00,80.793,86.71679
2025-08-30 20:30:00,89.142,89.20566
2025-08-30 21:30:00,84.566,80.42426
2025-08-30 22:30:00,59.814,66.7048
2025-08-30 23:30:00,56.444,49.247414
2025-08-31 00:30:00,59.755,41.5692
2025-08-31 01:30:00,41.215,41.074135
2025-08-31 02:30:00,38.934,41.374573
2025-08-31 03:30:00,41.902,42.064198
2025-08-31 04:30:00,42.083,43.76944
2025-08-31 05:30:00,55.965,49.04002
2025-08-31 06:30:00,60.768,58.52102
2025-08-31 07:30:00,71.451,70.78076
2025-08-31 08:30:00,83.394,77.74753
2025-08-31 09:30:00,82.285,77.44666
2025-08-31 10:30:00,73.106,74.030846
2025-08-31 11:30:00,70.567,70.63225
2025-08-31 12:30:00,78.491,69.23908
2025-08-31 13:30:00,68.122,69.98219
2025-08-31 14:30:00,70.119,70.60368
2025-08-31 15:30:00,66.367,71.10474
2025-08-31 16:30:00,63.105000000000004,71.402824
2025-08-31 17:30:00,68.242,73.12421
2025-08-31 18:30:00,74.802,76.92918
2025-08-31 19:30:00,83.769,86.94337
2025-08-31 20:30:00,90.524,90.90802
2025-08-31 21:30:00,81.032,84.457405
2025-08-31 22:30:00,70.793,70.806595
2025-08-31 23:30:00,54.958,54.508625
2025-09-01 00:30:00,69.36,43.849743
2025-09-01 01:30:00,45.596,43.31846
2025-09-01 02:30:00,53.933,44.235157
2025-09-01 03:30:00,46.415,46.85025
2025-09-01 04:30:00,53.279,51.32472
2025-09-01 05:30:00,51.661,58.70975
2025-09-01 06:30:00,65.209,67.53483
2025-09-01 07:30:00,85.325,80.433784
2025-09-01 08:30:00,87.932,87.53849
2025-09-01 09:30:00,80.552,86.39206
2025-09-01 10:30:00,76.69,81.105774
2025-09-01 11:30:00,81.956,76.65057
2025-09-01 12:30:00,76.422,74.956696
2025-09-01 13:30:00,76.353,74.52947
2025-09-01 14:30:00,74.71,74.12714
2025-09-01 15:30:00,75.189,75.18751
2025-09-01 16:30:00,79.997,77.80735
2025-09-01 17:30:00,74.13,82.42276
2025-09-01 18:30:00,83.986,87.83667
2025-09-01 19:30:00,98.847,98.22291
2025-09-01 20:30:00,96.32,100.85178
2025-09-01 21:30:00,88.137,91.38157
2025-09-01 22:30:00,75.515,75.8308
2025-09-01 23:30:00,60.869,58.611427
2025-09-02 00:30:00,41.935,48.20103
2025-09-02 01:30:00,47.184,46.40723
2025-09-02 02:30:00,46.811,47.127506
2025-09-02 03:30:00,39.876,48.873535
2025-09-02 04:30:00,51.708,51.405754
2025-09-02 05:30:00,52.739,56.90972
2025-09-02 06:30:00,67.911,65.706055
2025-09-02 07:30:00,84.892,79.54604
2025-09-02 08:30:00,85.3,87.91707
2025-09-02 09:30:00,82.776,86.452805
2025-09-02 10:30:00,85.611,81.08789
2025-09-02 11:30:00,74.49,77.60737
2025-09-02 12:30:00,83.991,75.781975
2025-09-02 13:30:00,76.486,75.70742
2025-09-02 14:30:00,75.375,76.3275
2025-09-02 15:30:00,84.712,77.13204
2025-09-02 16:30:00,77.001,79.457405
2025-09-02 17:30:00,82.631,83.010445
2025-09-02 18:30:00,86.788,88.21419
2025-09-02 19:30:00,97.5,98.71924
2025-09-02 20:30:00,90.907,101.05011
2025-09-02 21:30:00,96.154,90.417046
2025-09-02 22:30:00,78.056,75.11266
2025-09-02 23:30:00,61.41,58.0685
2025-09-03 00:30:00,47.62,47.59807
2025-09-03 01:30:00,46.251,46.084774
2025-09-03 02:30:00,43.3,46.712803
2025-09-03 03:30:00,48.619,48.32175
2025-09-03 04:30:00,48.822,51.036777
2025-09-03 05:30:00,57.809,56.480656
2025-09-03 06:30:00,64.458,65.73463
2025-09-03 07:30:00,75.973,79.830444
2025-09-03 08:30:00,84.752,87.6011
2025-09-03 09:30:00,85.724,86.12847
2025-09-03 10:30:00,82.366,80.83193
2025-09-03 11:30:00,81.666,76.72476
2025-09-03 12:30:00,76.437,74.843834
2025-09-03 13:30:00,75.358,74.76875
2025-09-03 14:30:00,81.894,75.87193
2025-09-03 15:30:00,77.51,77.89684
2025-09-03 16:30:00,80.134,80.82849
2025-09-03 17:30:00,78.669,84.49597
2025-09-03 18:30:00,102.675,89.031
2025-09-03 19:30:00,91.421,99.98187
2025-09-03 20:30:00,96.919,101.57776
2025-09-03 21:30:00,89.493,91.264244
2025-09-03 22:30:00,77.861,75.59429
2025-09-03 23:30:00,61.848,58.002953
2025-09-04 00:30:00,42.535,46.93569
2025-09-04 01:30:00,36.949,45.045628
2025-09-04 02:30:00,48.723,45.103523
2025-09-04 03:30:00,50.91,46.602875
2025-09-04 04:30:00,53.204,50.015785
2025-09-04 05:30:00,51.959,57.70737
2025-09-04 06:30:00,68.842,67.47236
2025-09-04 07:30:00,79.594,82.11419
2025-09-04 08:30:00,88.753,88.9342
2025-09-04 09:30:00,86.861,87.62741
2025-09-04 10:30:00,83.577,83.37072
2025-09-04 11:30:00,85.641,80.26888
2025-09-04 12:30:00,83.832,79.30504
2025-09-04 13:30:00,78.181,79.58635
2025-09-04 14:30:00,79.054,80.286705
2025-09-04 15:30:00,69.959,81.47547
2025-09-04 16:30:00,81.594,82.139755
2025-09-04 17:30:00,81.258,84.71002
2025-09-04 18:30:00,87.541,89.149
2025-09-04 19:30:00,94.426,100.262665
2025-09-04 20:30:00,99.922,102.7232
2025-09-04 21:30:00,96.53,93.10184
2025-09-04 22:30:00,77.269,76.86459
2025-09-04 23:30:00,70.736,59.026756
2025-09-05 00:30:00,48.284,47.012672
2025-09-05 01:30:00,42.775,44.55468
2025-09-05 02:30:00,45.027,44.74925
2025-09-05 03:30:00,44.831,46.01949
2025-09-05 04:30:00,52.516,48.90298
2025-09-05 05:30:00,59.243,55.208504
2025-09-05 06:30:00,71.505,65.61593
2025-09-05 07:30:00,76.624,80.92703
2025-09-05 08:30:00,87.172,88.26186
2025-09-05 09:30:00,90.439,86.83223
2025-09-05 10:30:00,87.024,82.624985
2025-09-05 11:30:00,73.868,80.19831
2025-09-05 12:30:00,80.132,79.0398
2025-09-05 13:30:00,74.988,78.89653
2025-09-05 14:30:00,77.641,78.43353
2025-09-05 15:30:00,74.762,78.35135
2025-09-05 16:30:00,77.275,78.807556
2025-09-05 17:30:00,76.06,81.86303
2025-09-05 18:30:00,83.89,87.27926
2025-09-05 19:30:00,93.433,98.363335
2025-09-05 20:30:00,100.595,100.52076
2025-09-05 21:30:00,91.393,90.71562
2025-09-05 22:30:00,69.941,74.678604
2025-09-05 23:30:00,70.712,56.253166
2025-09-06 00:30:00,38.075,43.624916
2025-09-06 01:30:00,35.926,41.821754
2025-09-06 02:30:00,43.25,42.018734
2025-09-06 03:30:00,41.959,42.63747
2025-09-06 04:30:00,41.058,44.11567
2025-09-06 05:30:00,50.319,47.8053
2025-09-06 06:30:00,55.503,56.69716
2025-09-06 07:30:00,67.264,69.62875
2025-09-06 08:30:00,82.104,76.08895
2025-09-06 09:30:00,79.289,76.11286
2025-09-06 10:30:00,76.803,73.212814
2025-09-06 11:30:00,69.425,71.12814
2025-09-06 12:30:00,71.465,69.89964
2025-09-06 13:30:00,69.309,69.610756
2025-09-06 14:30:00,69.725,69.16985
2025-09-06 15:30:00,70.773,69.168396
2025-09-06 16:30:00,69.71,70.0124
2025-09-06 17:30:00,76.774,72.912
2025-09-06 18:30:00,81.02,78.6345
2025-09-06 19:30:00,78.649,89.497055
2025-09-06 20:30:00,93.674,91.086174
2025-09-06 21:30:00,82.899,81.803116
2025-09-06 22:30:00,71.032,67.60404
2025-09-06 23:30:00,53.628,50.132603
2025-09-07 00:30:00,34.896,41.67668
2025-09-07 01:30:00,36.135,41.094753
2025-09-07 02:30:00,47.264,41.25702
2025-09-07 03:30:00,36.278,41.87895
2025-09-07 04:30:00,38.765,43.273537
2025-09-07 05:30:00,47.258,47.736534
2025-09-07 06:30:00,52.937,56.761723
2025-09-07 07:30:00,70.165,68.17972
2025-09-07 08:30:00,78.744,75.09703
2025-09-07 09:30:00,79.762,75.32111
2025-09-07 10:30:00,71.323,72.506996
2025-09-07 11:30:00,70.443,69.91779
2025-09-07 12:30:00,74.926,68.8823
2025-09-07 13:30:00,64.355,68.84136
2025-09-07 14:30:00,73.505,68.35809
2025-09-07 15:30:00,72.101,68.43247
2025-09-07 16:30:00,69.469,69.70516
2025-09-07 17:30:00,72.29,72.95275
2025-09-07 18:30:00,79.738,78.59213
2025-09-07 19:30:00,83.08,89.20264
2025-09-07 20:30:00,81.877,91.16694
2025-09-07 21:30:00,83.543,81.70119
2025-09-07 22:30:00,62.636,68.07467
2025-09-07 23:30:00,50.405,51.560364
2025-09-08 00:30:00,43.787,42.88426
2025-09-08 01:30:00,47.271,42.651894
2025-09-08 02:30:00,45.055,43.236927
2025-09-08 03:30:00,45.05,44.90212
2025-09-08 04:30:00,53.036,48.641716
2025-09-08 05:30:00,54.274,56.25959
2025-09-08 06:30:00,63.098,65.47679
2025-09-08 07:30:00,79.541,78.3508
2025-09-08 08:30:00,85.739,85.86131
2025-09-08 09:30:00,86.696,85.38845
2025-09-08 10:30:00,83.591,81.50786
2025-09-08 11:30:00,77.649,78.23587
2025-09-08 12:30:00,80.918,76.55007
2025-09-08 13:30:00,74.297,76.212906
2025-09-08 14:30:00,84.465,75.54521
2025-09-08 15:30:00,76.646,76.712036
2025-09-08 16:30:00,74.6,78.2928
2025-09-08 17:30:00,79.673,81.39927
2025-09-08 18:30:00,87.794,86.96277
2025-09-08 19:30:00,94.334,97.794106
2025-09-08 20:30:00,96.367,99.699974
2025-09-08 21:30:00,95.097,89.5832
2025-09-08 22:30:00,72.97,74.83214
2025-09-08 23:30:00,53.564,58.116875
2025-09-09 00:30:00,44.407,47.914444
2025-09-09 01:30:00,53.538,46.362415
2025-09-09 02:30:00,43.268,47.525047
2025-09-09 03:30:00,44.635,49.766464
2025-09-09 04:30:00,48.463,52.89053
2025-09-09 05:30:00,60.847,57.96231
2025-09-09 06:30:00,63.605999999999995,67.114426
2025-09-09 07:30:00,74.031,80.84924
2025-09-09 08:30:00,89.313,88.58401
2025-09-09 09:30:00,90.334,88.190445
2025-09-09 10:30:00,85.679,84.457634
2025-09-09 11:30:00,75.754,81.50626
2025-09-09 12:30:00,76.271,79.66635
2025-09-09 13:30:00,82.444,78.77571
2025-09-09 14:30:00,79.595,78.32619
2025-09-09 15:30:00,79.944,78.23978
2025-09-09 16:30:00,76.729,79.0907
2025-09-09 17:30:00,81.554,81.85909
2025-09-09 18:30:00,86.941,87.13788
2025-09-09 19:30:00,94.921,98.125374
2025-09-09 20:30:00,103.045,100.37868
2025-09-09 21:30:00,89.264,90.757866
2025-09-09 22:30:00,82.157,75.21446
2025-09-09 23:30:00,65.617,58.259426
2025-09-10 00:30:00,45.006,47.99688
2025-09-10 01:30:00,46.027,46.461704
2025-09-10 02:30:00,47.693,47.205856
2025-09-10 03:30:00,47.449,49.05662
2025-09-10 04:30:00,54.836,51.92365
2025-09-10 05:30:00,54.046,57.20323
2025-09-10 06:30:00,60.659,66.2379
2025-09-10 07:30:00,77.285,79.537964
2025-09-10 08:30:00,88.63,86.68018
2025-09-10 09:30:00,91.093,85.82226
2025-09-10 10:30:00,82.922,81.89229
2025-09-10 11:30:00,75.846,78.72209
2025-09-10 12:30:00,76.949,77.21932
2025-09-10 13:30:00,75.001,76.74893
2025-09-10 14:30:00,68.973,76.587776
2025-09-10 15:30:00,73.604,76.0564
2025-09-10 16:30:00,78.001,76.912254
2025-09-10 17:30:00,76.931,80.268005
2025-09-10 18:30:00,85.276,86.170654
2025-09-10 19:30:00,101.294,97.73362
2025-09-10 20:30:00,97.491,100.680534
2025-09-10 21:30:00,89.452,90.80701
2025-09-10 22:30:00,77.877,74.83728
2025-09-10 23:30:00,59.459,57.576965
2025-09-11 00:30:00,43.317,46.755573
2025-09-11 01:30:00,51.913,44.803646
2025-09-11 02:30:00,43.233,45.305347
2025-09-11 03:30:00,45.161,46.852745
2025-09-11 04:30:00,51.364,50.080326
2025-09-11 05:30:00,55.377,56.782116
2025-09-11 06:30:00,61.425,66.18912
2025-09-11 07:30:00,85.29,79.8226
2025-09-11 08:30:00,82.754,87.496376
2025-09-11 09:30:00,107.954,85.78527
2025-09-11 10:30:00,80.84,82.98092
2025-09-11 11:30:00,82.047,79.52183
2025-09-11 12:30:00,71.555,77.937805
2025-09-11 13:30:00,70.006,77.30783
2025-09-11 14:30:00,75.153,76.57151
2025-09-11 15:30:00,80.286,76.20874
2025-09-11 16:30:00,73.676,77.65864
2025-09-11 17:30:00,74.789,81.020996
2025-09-11 18:30:00,88.021,86.67336
2025-09-11 19:30:00,90.269,98.9904
2025-09-11 20:30:00,98.491,102.63686
2025-09-11 21:30:00,85.458,93.5698
2025-09-11 22:30:00,74.708,76.62637
2025-09-11 23:30:00,59.511,58.472485
2025-09-12 00:30:00,36.123,45.9046
2025-09-12 01:30:00,46.658,43.371918
2025-09-12 02:30:00,48.794,43.224392
2025-09-12 03:30:00,46.813,44.482815
2025-09-12 04:30:00,44.356,47.297203
2025-09-12 05:30:00,59.937,53.668045
2025-09-12 06:30:00,72.372,64.25553
2025-09-12 07:30:00,79.323,79.08793
2025-09-12 08:30:00,84.295,86.63758
2025-09-12 09:30:00,85.05,84.98594
2025-09-12 10:30:00,82.83,80.868
2025-09-12 11:30:00,77.433,77.298546
2025-09-12 12:30:00,77.307,75.732124
2025-09-12 13:30:00,77.835,75.09762
2025-09-12 14:30:00,73.929,75.08284
2025-09-12 15:30:00,72.76,75.45656
2025-09-12 16:30:00,74.551,76.77145
2025-09-12 17:30:00,79.295,80.13136
2025-09-12 18:30:00,81.251,85.75014
2025-09-12 19:30:00,97.017,96.28164
2025-09-12 20:30:00,101.021,98.80154
2025-09-12 21:30:00,90.894,89.85272
2025-09-12 22:30:00,81.513,74.273125
2025-09-12 23:30:00,65.757,56.791534
2025-09-13 00:30:00,41.201,43.957886
2025-09-13 01:30:00,46.803,42.096455
2025-09-13 02:30:00,44.356,42.471317
2025-09-13 03:30:00,42.609,43.40404
2025-09-13 04:30:00,42.418,45.29577
2025-09-13 05:30:00,47.782,49.31264
2025-09-13 06:30:00,59.623,57.961983
2025-09-13 07:30:00,67.83,70.76642
2025-09-13 08:30:00,69.961,76.88271
2025-09-13 09:30:00,72.374,74.58099
2025-09-13 10:30:00,71.764,69.26585
2025-09-13 11:30:00,54.983,65.041565
2025-09-13 12:30:00,68.212,61.739887
2025-09-13 13:30:00,66.311,61.08943
2025-09-13 14:30:00,63.491,62.08931
2025-09-13 15:30:00,64.685,64.236824
2025-09-13 16:30:00,67.432,67.349495
2025-09-13 17:30:00,67.004,71.62204
2025-09-13 18:30:00,79.196,76.57977
2025-09-13 19:30:00,88.924,86.38508
2025-09-13 20:30:00,89.634,89.43987
2025-09-13 21:30:00,77.69,81.81256
2025-09-13 22:30:00,67.286,67.683914
2025-09-13 23:30:00,47.394,50.275875
2025-09-14 00:30:00,41.849,41.596012
2025-09-14 01:30:00,39.35,40.764324
2025-09-14 02:30:00,39.192,40.765846
2025-09-14 03:30:00,44.382,41.370632
2025-09-14 04:30:00,39.544,42.464996
2025-09-14 05:30:00,49.408,46.978954
2025-09-14 06:30:00,57.029,55.903496
2025-09-14 07:30:00,68.628,67.35658
2025-09-14 08:30:00,102.638,73.30996
2025-09-14 09:30:00,81.773,75.291115
2025-09-14 10:30:00,86.525,73.26456
2025-09-14 11:30:00,71.902,71.79738
2025-09-14 12:30:00,71.573,70.4884
2025-09-14 13:30:00,70.596,70.2334
2025-09-14 14:30:00,62.233,69.94358
2025-09-14 15:30:00,67.35,69.702934
2025-09-14 16:30:00,64.277,70.88553
2025-09-14 17:30:00,78.575,73.77705
2025-09-14 18:30:00,72.092,79.134125
2025-09-14 19:30:00,79.716,88.53311
2025-09-14 20:30:00,78.643,89.6273
2025-09-14 21:30:00,77.707,79.59347
2025-09-14 22:30:00,68.152,66.24861
2025-09-14 23:30:00,58.615,50.24689
2025-09-15 00:30:00,42.32,42.695076
2025-09-15 01:30:00,50.706,42.536797
2025-09-15 02:30:00,46.955,43.200165
2025-09-15 03:30:00,46.355,45.27707
2025-09-15 04:30:00,50.774,49.628098
2025-09-15 05:30:00,60.821,57.625477
2025-09-15 06:30:00,66.149,67.43832
2025-09-15 07:30:00,73.851,81.164024
2025-09-15 08:30:00,87.173,87.80835
2025-09-15 09:30:00,87.87,87.07171
2025-09-15 10:30:00,79.943,82.27564
2025-09-15 11:30:00,79.462,78.05631
2025-09-15 12:30:00,66.979,75.674255
2025-09-15 13:30:00,104.161,73.84483
2025-09-15 14:30:00,79.61,75.172325
2025-09-15 15:30:00,71.405,75.99969
2025-09-15 16:30:00,71.881,77.437004
2025-09-15 17:30:00,83.264,80.67221
2025-09-15 18:30:00,91.808,87.08811
2025-09-15 19:30:00,101.27,98.67997
2025-09-15 20:30:00,97.431,101.446815
2025-09-15 21:30:00,92.714,91.3899
2025-09-15 22:30:00,77.768,75.9348
2025-09-15 23:30:00,56.216,59.267944
2025-09-16 00:30:00,46.848,49.160492
2025-09-16 01:30:00,47.601,47.81173
2025-09-16 02:30:00,50.387,49.004543
2025-09-16 03:30:00,46.534,51.319603
2025-09-16 04:30:00,54.974,54.84135
2025-09-16 05:30:00,56.612,60.288994
2025-09-16 06:30:00,72.762,68.76049
2025-09-16 07:30:00,81.666,81.98794
2025-09-16 08:30:00,86.576,87.97345
2025-09-16 09:30:00,81.403,86.24987
2025-09-16 10:30:00,75.901,80.542305
2025-09-16 11:30:00,81.929,75.54089
2025-09-16 12:30:00,78.239,73.37261
2025-09-16 13:30:00,74.316,73.2996
2025-09-16 14:30:00,73.756,74.579666
2025-09-16 15:30:00,75.316,75.61202
2025-09-16 16:30:00,69.614,76.86363
2025-09-16 17:30:00,75.17,79.31555
2025-09-16 18:30:00,89.179,84.61707
2025-09-16 19:30:00,100.061,97.10762
2025-09-16 20:30:00,99.236,102.46641
2025-09-16 21:30:00,97.951,94.69825
2025-09-16 22:30:00,80.627,78.71532
2025-09-16 23:30:00,59.569,60.805416
2025-09-17 00:30:00,41.596,48.27576
2025-09-17 01:30:00,48.894,46.26861
2025-09-17 02:30:00,45.853,46.701138
2025-09-17 03:30:00,46.125,48.2614
2025-09-17 04:30:00,51.383,51.06115
2025-09-17 05:30:00,58.878,56.99418
2025-09-17 06:30:00,69.733,65.99034
2025-09-17 07:30:00,79.894,79.55585
2025-09-17 08:30:00,78.755,85.69225
2025-09-17 09:30:00,87.088,82.391106
2025-09-17 10:30:00,72.577,76.77095
2025-09-17 11:30:00,70.212,71.83019
2025-09-17 12:30:00,66.82,69.503845
2025-09-17 13:30:00,75.678,68.17001
2025-09-17 14:30:00,75.909,68.28188
2025-09-17 15:30:00,67.907,69.19172
2025-09-17 16:30:00,67.115,71.22418
2025-09-17 17:30:00,73.668,75.40829
2025-09-17 18:30:00,89.515,82.5655
2025-09-17 19:30:00,97.401,96.13413
2025-09-17 20:30:00,98.524,100.571785
2025-09-17 21:30:00,91.96,91.62473
2025-09-17 22:30:00,79.427,75.38913
2025-09-17 23:30:00,62.661,57.856895
2025-09-18 00:30:00,44.982,46.3096
2025-09-18 01:30:00,45.881,44.32514
2025-09-18 02:30:00,46.899,44.588547
2025-09-18 03:30:00,48.894,46.195026
2025-09-18 04:30:00,51.212,49.555622
2025-09-18 05:30:00,50.198,56.696358
2025-09-18 06:30:00,67.23,65.7331
2025-09-18 07:30:00,78.376,79.509865
2025-09-18 08:30:00,83.248,85.55356
2025-09-18 09:30:00,82.013,82.56599
2025-09-18 10:30:00,81.752,77.44157
2025-09-18 11:30:00,75.923,74.19664
2025-09-18 12:30:00,72.009,72.877235
2025-09-18 13:30:00,68.896,72.33927
2025-09-18 14:30:00,67.442,71.92833
2025-09-18 15:30:00,67.833,72.08864
2025-09-18 16:30:00,70.977,73.55918
2025-09-18 17:30:00,77.166,78.010826
2025-09-18 18:30:00,85.75,85.48945
2025-09-18 19:30:00,101.946,98.29848
2025-09-18 20:30:00,103.522,101.525345
2025-09-18 21:30:00,84.421,91.63644
2025-09-18 22:30:00,78.249,74.93019
2025-09-18 23:30:00,65.669,57.50757
2025-09-19 00:30:00,47.506,46.641434
2025-09-19 01:30:00,49.387,44.68613
2025-09-19 02:30:00,46.896,45.20563
2025-09-19 03:30:00,48.335,46.837986
2025-09-19 04:30:00,50.504,50.48418
2025-09-19 05:30:00,56.981,56.79777
2025-09-19 06:30:00,64.911,65.00302
2025-09-19 07:30:00,83.426,77.10448
2025-09-19 08:30:00,91.47,82.73699
2025-09-19 09:30:00,81.459,80.74409
2025-09-19 10:30:00,72.009,75.627304
2025-09-19 11:30:00,66.25,71.6225
2025-09-19 12:30:00,71.04,69.03214
2025-09-19 13:30:00,72.267,68.497765
2025-09-19 14:30:00,72.225,68.80895
2025-09-19 15:30:00,72.313,70.3139
2025-09-19 16:30:00,68.549,73.14156
2025-09-19 17:30:00,69.712,77.87755
2025-09-19 18:30:00,85.697,84.25893
2025-09-19 19:30:00,103.95,96.38083
2025-09-19 20:30:00,102.258,101.05739
2025-09-19 21:30:00,94.276,92.71263
2025-09-19 22:30:00,80.188,76.32613
2025-09-19 23:30:00,59.262,57.939735
2025-09-20 00:30:00,41.288,44.047012
2025-09-20 01:30:00,42.805,42.075195
2025-09-20 02:30:00,38.162,42.03129
2025-09-20 03:30:00,43.266,42.30328
2025-09-20 04:30:00,48.232,43.593807
2025-09-20 05:30:00,47.268,47.50684
2025-09-20 06:30:00,52.039,56.190384
2025-09-20 07:30:00,69.778,68.205246
2025-09-20 08:30:00,72.972,74.55776
2025-09-20 09:30:00,75.889,73.35137
2025-09-20 10:30:00,67.35,69.237854
2025-09-20 11:30:00,66.2,65.58332
2025-09-20 12:30:00,69.223,63.973656
2025-09-20 13:30:00,65.308,64.28939
2025-09-20 14:30:00,59.836,65.076584
2025-09-20 15:30:00,66.658,65.78384
2025-09-20 16:30:00,65.744,68.02239
2025-09-20 17:30:00,68.292,71.88169
2025-09-20 18:30:00,80.098,77.202065
2025-09-20 19:30:00,84.418,87.40931
2025-09-20 20:30:00,87.979,89.48
2025-09-20 21:30:00,77.906,80.44239
2025-09-20 22:30:00,68.313,66.29213
2025-09-20 23:30:00,55.166,48.904957
2025-09-21 00:30:00,39.397,41.378506
2025-09-21 01:30:00,43.467,40.695732
2025-09-21 02:30:00,37.703,40.81507
2025-09-21 03:30:00,42.485,41.423378
2025-09-21 04:30:00,46.063,42.584393
2025-09-21 05:30:00,47.142,47.60895
2025-09-21 06:30:00,53.412,56.83067
2025-09-21 07:30:00,63.436,68.01996
2025-09-21 08:30:00,75.814,73.714386
2025-09-21 09:30:00,80.371,72.740166
2025-09-21 10:30:00,66.827,69.29083
2025-09-21 11:30:00,66.036,65.6355
2025-09-21 12:30:00,54.677,63.789825
2025-09-21 13:30:00,64.95,62.44497
2025-09-21 14:30:00,60.173,62.291344
2025-09-21 15:30:00,62.186,62.766647
2025-09-21 16:30:00,64.441,64.71399
2025-09-21 17:30:00,60.952,68.85804
2025-09-21 18:30:00,86.615,74.32899
2025-09-21 19:30:00,82.811,85.96506
2025-09-21 20:30:00,89.891,89.24434
2025-09-21 21:30:00,85.634,81.46489
2025-09-21 22:30:00,67.997,68.051254
2025-09-21 23:30:00,50.048,51.71415
2025-09-22 00:30:00,46.185,42.61849
2025-09-22 01:30:00,40.16,42.36054
2025-09-22 02:30:00,46.025,42.856037
2025-09-22 03:30:00,53.905,43.98051
2025-09-22 04:30:00,45.261,47.568386
2025-09-22 05:30:00,53.038,54.983845
2025-09-22 06:30:00,72.801,63.82488
2025-09-22 07:30:00,78.407,76.92481
2025-09-22 08:30:00,82.406,83.62138
2025-09-22 09:30:00,86.462,81.93672
2025-09-22 10:30:00,77.891,77.22433
2025-09-22 11:30:00,65.391,73.28327
2025-09-22 12:30:00,69.262,70.720795
2025-09-22 13:30:00,82.271,69.79412
2025-09-22 14:30:00,76.562,70.75848
2025-09-22 15:30:00,79.817,72.03544
2025-09-22 16:30:00,70.72,74.82744
2025-09-22 17:30:00,76.516,79.0025
2025-09-22 18:30:00,86.359,85.133514
2025-09-22 19:30:00,95.999,97.05339
2025-09-22 20:30:00,101.906,99.93722
2025-09-22 21:30:00,88.737,90.82265
2025-09-22 22:30:00,81.247,75.253044
2025-09-22 23:30:00,63.949,58.409187
2025-09-23 00:30:00,45.551,48.025204
2025-09-23 01:30:00,47.24,46.39842
2025-09-23 02:30:00,46.247,47.369205
2025-09-23 03:30:00,42.003,49.470554
2025-09-23 04:30:00,61.202,52.354816
2025-09-23 05:30:00,55.199,58.22547
2025-09-23 06:30:00,65.063,67.10085
2025-09-23 07:30:00,81.219,80.612724
2025-09-23 08:30:00,87.496,87.73082
2025-09-23 09:30:00,81.358,85.664345
2025-09-23 10:30:00,73.52,79.870125
2025-09-23 11:30:00,75.756,74.897995
2025-09-23 12:30:00,73.542,72.74153
2025-09-23 13:30:00,71.884,72.7396
2025-09-23 14:30:00,70.074,73.37982
2025-09-23 15:30:00,70.964,73.77374
2025-09-23 16:30:00,74.154,74.98565
2025-09-23 17:30:00,82.354,78.20166
2025-09-23 18:30:00,86.322,84.55544
2025-09-23 19:30:00,94.976,96.94159
2025-09-23 20:30:00,108.694,100.60687
2025-09-23 21:30:00,91.306,92.23125
2025-09-23 22:30:00,73.947,76.0366
2025-09-23 23:30:00,60.446,58.485874
2025-09-24 00:30:00,44.033,47.321777
2025-09-24 01:30:00,50.612,45.606945
2025-09-24 02:30:00,40.747,46.21045
2025-09-24 03:30:00,49.447,47.73202
2025-09-24 04:30:00,49.516,50.396534
2025-09-24 05:30:00,53.387,55.75843
2025-09-24 06:30:00,64.711,64.46988
2025-09-24 07:30:00,77.643,77.66106
2025-09-24 08:30:00,85.843,84.71894
2025-09-24 09:30:00,81.738,83.004234
2025-09-24 10:30:00,76.662,77.59683
2025-09-24 11:30:00,70.328,73.57389
2025-09-24 12:30:00,80.56,71.869514
2025-09-24 13:30:00,78.01,72.267075
2025-09-24 14:30:00,76.727,72.86903
2025-09-24 15:30:00,72.392,73.83539
2025-09-24 16:30:00,75.481,75.615074
2025-09-24 17:30:00,77.087,79.77066
2025-09-24 18:30:00,87.282,86.26302
2025-09-24 19:30:00,95.743,98.03928
2025-09-24 20:30:00,101.718,100.340126
2025-09-24 21:30:00,97.993,90.39761
2025-09-24 22:30:00,76.427,74.681625
2025-09-24 23:30:00,60.356,57.17407
2025-09-25 00:30:00,45.395,46.499687
2025-09-25 01:30:00,45.845,44.609226
2025-09-25 02:30:00,44.395,44.98915
2025-09-25 03:30:00,44.664,46.457607
2025-09-25 04:30:00,52.266,49.367596
2025-09-25 05:30:00,59.425,55.955936
2025-09-25 06:30:00,73.394,65.89261
2025-09-25 07:30:00,79.217,81.4506
2025-09-25 08:30:00,85.943,89.385345
2025-09-25 09:30:00,89.444,88.05912
2025-09-25 10:30:00,78.619,83.50491
2025-09-25 11:30:00,80.027,79.43313
2025-09-25 12:30:00,80.453,77.406624
2025-09-25 13:30:00,80.901,77.0933
2025-09-25 14:30:00,83.052,77.286255
2025-09-25 15:30:00,73.941,78.34566
2025-09-25 16:30:00,74.051,80.11868
2025-09-25 17:30:00,75.783,84.16344
2025-09-25 18:30:00,82.66,90.13664
2025-09-25 19:30:00,99.155,101.04056
2025-09-25 20:30:00,103.093,102.70129
2025-09-25 21:30:00,94.516,92.07501
2025-09-25 22:30:00,77.249,75.80242
2025-09-25 23:30:00,65.429,57.968998
2025-09-26 00:30:00,47.806,46.364582
2025-09-26 01:30:00,44.386,44.232216
2025-09-26 02:30:00,36.756,44.44322
2025-09-26 03:30:00,46.554,45.42912
2025-09-26 04:30:00,49.629,47.86601
2025-09-26 05:30:00,54.985,53.61807
2025-09-26 06:30:00,64.788,63.973103
2025-09-26 07:30:00,76.15,78.55616
2025-09-26 08:30:00,82.571,85.24168
2025-09-26 09:30:00,81.528,83.04656
2025-09-26 10:30:00,101.595,78.393814
2025-09-26 11:30:00,80.751,77.277596
2025-09-26 12:30:00,71.998,77.260056
2025-09-26 13:30:00,76.925,76.97029
2025-09-26 14:30:00,79.626,76.60803
2025-09-26 15:30:00,74.737,76.87051
2025-09-26 16:30:00,76.762,77.74252
2025-09-26 17:30:00,79.541,81.053505
2025-09-26 18:30:00,87.978,87.10924
2025-09-26 19:30:00,95.633,98.87689
2025-09-26 20:30:00,105.095,101.598045
2025-09-26 21:30:00,90.968,91.953995
2025-09-26 22:30:00,75.124,75.20665
2025-09-26 23:30:00,63.14600000000001,56.512238
2025-09-27 00:30:00,38.804,43.540543
2025-09-27 01:30:00,39.669,41.749138
2025-09-27 02:30:00,39.727,42.05147
2025-09-27 03:30:00,41.234,42.499977
2025-09-27 04:30:00,44.576,43.7811
2025-09-27 05:30:00,42.158,47.401352
2025-09-27 06:30:00,58.023,55.70768
2025-09-27 07:30:00,63.13099999999999,68.60572
2025-09-27 08:30:00,73.847,74.38355
2025-09-27 09:30:00,74.716,72.805435
2025-09-27 10:30:00,68.416,69.07953
2025-09-27 11:30:00,68.853,66.836685
2025-09-27 12:30:00,67.344,65.51444
2025-09-27 13:30:00,59.214,64.590294
2025-09-27 14:30:00,69.956,64.209656
2025-09-27 15:30:00,64.359,64.92843
2025-09-27 16:30:00,59.907,66.42641
2025-09-27 17:30:00,65.03,69.961685
2025-09-27 18:30:00,68.727,76.22614
2025-09-27 19:30:00,86.465,86.53261
2025-09-27 20:30:00,90.937,88.32157
2025-09-27 21:30:00,78.85,78.96631
2025-09-27 22:30:00,64.19,64.883095
2025-09-27 23:30:00,54.809,47.624573
2025-09-28 00:30:00,44.248,41.153473
2025-09-28 01:30:00,44.337,40.568184
2025-09-28 02:30:00,43.995,40.73787
2025-09-28 03:30:00,49.016,41.395153
2025-09-28 04:30:00,47.175,42.717346
2025-09-28 05:30:00,53.114,48.461517
2025-09-28 06:30:00,58.65,58.314842
2025-09-28 07:30:00,68.139,70.507225
2025-09-28 08:30:00,79.242,76.31636
2025-09-28 09:30:00,70.021,74.96683
2025-09-28 10:30:00,71.451,70.33689
2025-09-28 11:30:00,64.981,66.99971
2025-09-28 12:30:00,68.264,65.33525
2025-09-28 13:30:00,69.344,65.03971
2025-09-28 14:30:00,68.947,65.02953
2025-09-28 15:30:00,79.91,65.957695
2025-09-28 16:30:00,68.816,68.60091
2025-09-28 17:30:00,70.084,72.85009
2025-09-28 18:30:00,71.558,79.16237
2025-09-28 19:30:00,85.976,89.431725
2025-09-28 20:30:00,87.632,91.622116
2025-09-28 21:30:00,82.274,82.41203
2025-09-28 22:30:00,66.172,68.57221
2025-09-28 23:30:00,58.876,51.974247
2025-09-29 00:30:00,45.211,43.024757
2025-09-29 01:30:00,49.388,42.726673
2025-09-29 02:30:00,43.118,43.32367
2025-09-29 03:30:00,46.376,45.150593
2025-09-29 04:30:00,47.528,48.822983
2025-09-29 05:30:00,56.91,55.903008
2025-09-29 06:30:00,61.723,65.102264
2025-09-29 07:30:00,71.958,77.720795
2025-09-29 08:30:00,83.345,83.80385
2025-09-29 09:30:00,88.163,82.34922
2025-09-29 10:30:00,78.677,78.61894
2025-09-29 11:30:00,78.51,75.860825
2025-09-29 12:30:00,74.903,74.70537
2025-09-29 13:30:00,72.105,74.45922
2025-09-29 14:30:00,81.431,74.518074
2025-09-29 15:30:00,79.937,75.38304
2025-09-29 16:30:00,76.757,77.48511
2025-09-29 17:30:00,77.632,81.18374
2025-09-29 18:30:00,85.23,86.741356
2025-09-29 19:30:00,93.035,97.45374
2025-09-29 20:30:00,104.447,99.72633
2025-09-29 21:30:00,91.134,90.53917
2025-09-29 22:30:00,77.203,75.268555
2025-09-29 23:30:00,59.832,58.408012
2025-09-30 00:30:00,47.196,48.179134
2025-09-30 01:30:00,50.298,46.49452
2025-09-30 02:30:00,47.464,47.475056
2025-09-30 03:30:00,48.979,49.607006
2025-09-30 04:30:00,52.987,52.63138
2025-09-30 05:30:00,58.119,57.979137
2025-09-30 06:30:00,69.727,67.08543
2025-09-30 07:30:00,79.559,81.070206
2025-09-30 08:30:00,86.655,88.64379
2025-09-30 09:30:00,84.441,87.21741
2025-09-30 10:30:00,82.008,81.88336
2025-09-30 11:30:00,73.737,77.42719
2025-09-30 12:30:00,76.848,75.32576
2025-09-30 13:30:00,84.125,75.28281
2025-09-30 14:30:00,100.098,76.291695
2025-09-30 15:30:00,71.098,79.48562
2025-09-30 16:30:00,73.439,81.8568
2025-09-30 17:30:00,77.939,85.306046
2025-09-30 18:30:00,83.568,90.20423
2025-09-30 19:30:00,93.088,100.25919
2025-09-30 20:30:00,94.707,101.82146
2025-09-30 21:30:00,90.077,91.43566
2025-09-30 22:30:00,80.693,75.57258
2025-09-30 23:30:00,58.811,58.426937
2025-10-01 00:30:00,48.15,47.630047
2025-10-01 01:30:00,44.757,46.14382
2025-10-01 02:30:00,44.942,46.72091
2025-10-01 03:30:00,48.987,48.369953
2025-10-01 04:30:00,43.993,51.054195
2025-10-01 05:30:00,60.84,56.247643
2025-10-01 06:30:00,67.082,65.588684
2025-10-01 07:30:00,81.293,79.66753
2025-10-01 08:30:00,84.632,87.298134
2025-10-01 09:30:00,86.507,85.842575
2025-10-01 10:30:00,82.73,80.85701
2025-10-01 11:30:00,74.909,76.91369
2025-10-01 12:30:00,71.737,74.93495
2025-10-01 13:30:00,73.179,74.27799
2025-10-01 14:30:00,76.111,74.664986
2025-10-01 15:30:00,77.622,76.22432
2025-10-01 16:30:00,75.622,77.86776
2025-10-01 17:30:00,74.537,81.1094
2025-10-01 18:30:00,88.528,85.79009
2025-10-01 19:30:00,95.541,96.63781
2025-10-01 20:30:00,98.4,99.411095
2025-10-01 21:30:00,95.192,90.1523
2025-10-01 22:30:00,77.816,75.03275
2025-10-01 23:30:00,57.557,57.92779
2025-10-02 00:30:00,41.11,46.76021
2025-10-02 01:30:00,42.524,44.768127
2025-10-02 02:30:00,46.894,44.876575
2025-10-02 03:30:00,51.961,46.34336
2025-10-02 04:30:00,55.054,49.649326
2025-10-02 05:30:00,74.957,57.034122
2025-10-02 06:30:00,72.82,68.70112
2025-10-02 07:30:00,79.15,84.60331
2025-10-02 08:30:00,89.416,91.17256
2025-10-02 09:30:00,85.212,88.721924
2025-10-02 10:30:00,77.451,83.581474
2025-10-02 11:30:00,77.622,79.841255
2025-10-02 12:30:00,77.721,78.380196
2025-10-02 13:30:00,88.365,78.50109
2025-10-02 14:30:00,79.635,79.71014
2025-10-02 15:30:00,75.707,80.76657
2025-10-02 16:30:00,82.34,82.24755
2025-10-02 17:30:00,77.86,85.90013
2025-10-02 18:30:00,89.035,91.132385
2025-10-02 19:30:00,101.165,102.38276
2025-10-02 20:30:00,96.274,104.82974
2025-10-02 21:30:00,96.809,93.90062
2025-10-02 22:30:00,80.405,77.15702
2025-10-02 23:30:00,62.94,59.21323
2025-10-03 00:30:00,51.8,47.11068
2025-10-03 01:30:00,45.088,44.90248
2025-10-03 02:30:00,49.826,45.236313
2025-10-03 03:30:00,48.868,46.862267
2025-10-03 04:30:00,47.865,50.496525
2025-10-03 05:30:00,53.797,57.09899
2025-10-03 06:30:00,73.624,67.0133
2025-10-03 07:30:00,82.375,81.779755
2025-10-03 08:30:00,88.648,88.63554
2025-10-03 09:30:00,82.427,86.27733
2025-10-03 10:30:00,81.085,80.03306
2025-10-03 11:30:00,72.442,75.37187
2025-10-03 12:30:00,78.602,73.37794
2025-10-03 13:30:00,77.469,73.469215
2025-10-03 14:30:00,76.541,74.141136
2025-10-03 15:30:00,75.774,75.236115
2025-10-03 16:30:00,87.611,77.26076
2025-10-03 17:30:00,77.999,82.38001
2025-10-03 18:30:00,91.31,89.1336
2025-10-03 19:30:00,98.311,101.6513
2025-10-03 20:30:00,97.182,104.84241
2025-10-03 21:30:00,96.298,94.388176
2025-10-03 22:30:00,73.922,77.333855
2025-10-03 23:30:00,61.508,58.297134
2025-10-04 00:30:00,38.385,44.28159
2025-10-04 01:30:00,31.478,42.067375
2025-10-04 02:30:00,41.67,42.11648
2025-10-04 03:30:00,49.338,42.448826
2025-10-04 04:30:00,44.769,43.976646
2025-10-04 05:30:00,59.088,47.94827
2025-10-04 06:30:00,57.522,58.08624
2025-10-04 07:30:00,70.074,72.03501
2025-10-04 08:30:00,74.905,79.3205
2025-10-04 09:30:00,76.86,78.25854
2025-10-04 10:30:00,72.831,73.109245
2025-10-04 11:30:00,72.027,68.83032
2025-10-04 12:30:00,62.069,67.08848
2025-10-04 13:30:00,65.281,66.53885
2025-10-04 14:30:00,67.589,66.46449
2025-10-04 15:30:00,69.766,66.87139
2025-10-04 16:30:00,58.432,68.668976
2025-10-04 17:30:00,63.05800000000001,71.864174
2025-10-04 18:30:00,75.747,76.98818
2025-10-04 19:30:00,89.159,87.202835
2025-10-04 20:30:00,86.494,89.71489
2025-10-04 21:30:00,83.065,80.75337
2025-10-04 22:30:00,73.987,66.77962
2025-10-04 23:30:00,54.328,49.57613
2025-10-05 00:30:00,39.27,41.457985
2025-10-05 01:30:00,42.184,40.778664
2025-10-05 02:30:00,41.562,40.943375
2025-10-05 03:30:00,42.481,41.6099
2025-10-05 04:30:00,42.851,42.99137
2025-10-05 05:30:00,47.718,48.338715
2025-10-05 06:30:00,54.164,57.770573
2025-10-05 07:30:00,70.809,69.0462
2025-10-05 08:30:00,71.631,75.559555
2025-10-05 09:30:00,73.751,74.59712
2025-10-05 10:30:00,67.286,70.65659
2025-10-05 11:30:00,65.774,66.89908
2025-10-05 12:30:00,65.696,64.50205
2025-10-05 13:30:00,62.118,63.163433
2025-10-05 14:30:00,65.393,62.502117
2025-10-05 15:30:00,66.471,63.25509
2025-10-05 16:30:00,60.53,65.88626
2025-10-05 17:30:00,65.778,70.29681
2025-10-05 18:30:00,81.941,76.87708
2025-10-05 19:30:00,82.449,87.994286
2025-10-05 20:30:00,90.618,89.635376
2025-10-05 21:30:00,79.29,79.96531
2025-10-05 22:30:00,68.273,66.42808
2025-10-05 23:30:00,51.941,49.98992
2025-10-06 00:30:00,39.425,42.368443
2025-10-06 01:30:00,45.146,42.2336
2025-10-06 02:30:00,48.737,42.829906
2025-10-06 03:30:00,50.318,44.198414
2025-10-06 04:30:00,50.535,47.949535
2025-10-06 05:30:00,52.951,55.700375
2025-10-06 06:30:00,69.398,64.7338
2025-10-06 07:30:00,76.033,77.86771
2025-10-06 08:30:00,83.222,84.47764
2025-10-06 09:30:00,81.009,82.45843
2025-10-06 10:30:00,77.963,77.509995
2025-10-06 11:30:00,73.708,73.91352
2025-10-06 12:30:00,74.412,72.196815
2025-10-06 13:30:00,68.995,71.43007
2025-10-06 14:30:00,72.262,70.76159
2025-10-06 15:30:00,70.462,71.21589
2025-10-06 16:30:00,75.687,73.72585
2025-10-06 17:30:00,77.793,79.02599
2025-10-06 18:30:00,82.69,86.25189
2025-10-06 19:30:00,99.324,96.839714
2025-10-06 20:30:00,100.658,97.696915
2025-10-06 21:30:00,94.853,87.07199
2025-10-06 22:30:00,73.669,72.91463
2025-10-06 23:30:00,63.088,56.63059
2025-10-07 00:30:00,48.306,47.1249
2025-10-07 01:30:00,46.527,46.02324
2025-10-07 02:30:00,54.371,47.17813
2025-10-07 03:30:00,49.603,49.690582
2025-10-07 04:30:00,56.246,53.175278
2025-10-07 05:30:00,64.673,58.78661
2025-10-07 06:30:00,60.511,68.266624
2025-10-07 07:30:00,82.245,81.55965
2025-10-07 08:30:00,87.342,88.59913
2025-10-07 09:30:00,86.457,86.83484
2025-10-07 10:30:00,77.526,81.92631
2025-10-07 11:30:00,71.953,78.02897
2025-10-07 12:30:00,70.425,75.62065
2025-10-07 13:30:00,82.766,74.32646
2025-10-07 14:30:00,77.053,74.51908
2025-10-07 15:30:00,69.915,75.795334
2025-10-07 16:30:00,71.078,78.40448
2025-10-07 17:30:00,70.548,82.82231
2025-10-07 18:30:00,90.084,88.39179
2025-10-07 19:30:00,97.157,98.77753
2025-10-07 20:30:00,102.186,99.9102
2025-10-07 21:30:00,92.001,89.38884
2025-10-07 22:30:00,79.669,74.28528
2025-10-07 23:30:00,60.363,57.42963
2025-10-08 00:30:00,46.822,47.45944
2025-10-08 01:30:00,47.51,46.013012
2025-10-08 02:30:00,43.147,46.77714
2025-10-08 03:30:00,45.577,48.499565
2025-10-08 04:30:00,49.255,51.17604
2025-10-08 05:30:00,57.201,56.153343
2025-10-08 06:30:00,93.882,64.9281
2025-10-08 07:30:00,78.4,80.63413
2025-10-08 08:30:00,85.227,88.389275
2025-10-08 09:30:00,87.02,86.451225
2025-10-08 10:30:00,79.862,81.01569
2025-10-08 11:30:00,75.697,76.520744
2025-10-08 12:30:00,80.033,74.61512
2025-10-08 13:30:00,74.599,74.47531
2025-10-08 14:30:00,76.22,74.79792
2025-10-08 15:30:00,71.864,76.19176
2025-10-08 16:30:00,78.207,78.19256
2025-10-08 17:30:00,72.913,82.275635
2025-10-08 18:30:00,86.86,87.507706
2025-10-08 19:30:00,101.444,98.5872
2025-10-08 20:30:00,98.395,101.41139
2025-10-08 21:30:00,96.171,91.577225
2025-10-08 22:30:00,70.294,75.776764
2025-10-08 23:30:00,58.969,57.960846
2025-10-09 00:30:00,46.349,46.872524
2025-10-09 01:30:00,55.791,44.979298
2025-10-09 02:30:00,48.389,45.634056
2025-10-09 03:30:00,49.23,47.492424
2025-10-09 04:30:00,54.82,51.425457
2025-10-09 05:30:00,52.774,58.746128
2025-10-09 06:30:00,56.217,68.26394
2025-10-09 07:30:00,85.12,82.18515
2025-10-09 08:30:00,87.651,88.232285
2025-10-09 09:30:00,82.859,85.652306
2025-10-09 10:30:00,78.962,79.67799
2025-10-09 11:30:00,77.633,75.08269
2025-10-09 12:30:00,72.317,73.40576
2025-10-09 13:30:00,74.083,73.211426
2025-10-09 14:30:00,81.085,73.48855
2025-10-09 15:30:00,68.889,75.39299
2025-10-09 16:30:00,74.944,77.59618
2025-10-09 17:30:00,72.175,82.2106
2025-10-09 18:30:00,92.855,88.05914
2025-10-09 19:30:00,99.265,99.81228
2025-10-09 20:30:00,99.305,102.29798
2025-10-09 21:30:00,88.152,91.94759
2025-10-09 22:30:00,76.46,75.37919
2025-10-09 23:30:00,63.588,57.468216
2025-10-10 00:30:00,50.82,45.88578
2025-10-10 01:30:00,43.497,43.88103
2025-10-10 02:30:00,44.876,44.143112
2025-10-10 03:30:00,46.71,45.513832
2025-10-10 04:30:00,47.795,48.56261
2025-10-10 05:30:00,54.453,54.873764
2025-10-10 06:30:00,63.617000000000004,64.259575
2025-10-10 07:30:00,80.29,77.111664
2025-10-10 08:30:00,83.844,84.39745
2025-10-10 09:30:00,84.609,83.278465
2025-10-10 10:30:00,79.738,78.50499
2025-10-10 11:30:00,68.441,74.55817
2025-10-10 12:30:00,72.801,71.96894
2025-10-10 13:30:00,71.251,70.95688
2025-10-10 14:30:00,71.266,70.50563
2025-10-10 15:30:00,69.409,71.01798
2025-10-10 16:30:00,69.397,72.51418
2025-10-10 17:30:00,76.923,77.10638
2025-10-10 18:30:00,87.942,84.578316
2025-10-10 19:30:00,94.285,97.33114
2025-10-10 20:30:00,107.152,99.8114
2025-10-10 21:30:00,90.599,90.242836
2025-10-10 22:30:00,77.217,73.83263
2025-10-10 23:30:00,65.91,55.776134
2025-10-11 00:30:00,38.844,43.382385
2025-10-11 01:30:00,41.832,41.875355
2025-10-11 02:30:00,34.08,41.962666
2025-10-11 03:30:00,35.498,42.358364
2025-10-11 04:30:00,44.251,43.40396
2025-10-11 05:30:00,50.059,46.584038
2025-10-11 06:30:00,62.427,54.876305
2025-10-11 07:30:00,72.181,67.93548
2025-10-11 08:30:00,69.698,74.93466
2025-10-11 09:30:00,80.294,73.57427
2025-10-11 10:30:00,66.982,70.09209
2025-10-11 11:30:00,70.013,66.82511
2025-10-11 12:30:00,64.198,65.28986
2025-10-11 13:30:00,75.511,64.365944
2025-10-11 14:30:00,63.949,64.73068
2025-10-11 15:30:00,64.581,65.47481
2025-10-11 16:30:00,64.583,67.64296
2025-10-11 17:30:00,66.288,71.80719
2025-10-11 18:30:00,73.219,77.80827
2025-10-11 19:30:00,94.096,87.62798
2025-10-11 20:30:00,87.344,89.467384
2025-10-11 21:30:00,79.994,79.82887
2025-10-11 22:30:00,68.031,65.79198
2025-10-11 23:30:00,56.01,48.390194
2025-10-12 00:30:00,38.476,41.394306
2025-10-12 01:30:00,44.496,40.803337
2025-10-12 02:30:00,42.057,41.063293
2025-10-12 03:30:00,42.515,41.727272
2025-10-12 04:30:00,46.44,43.232224
2025-10-12 05:30:00,46.661,48.950596
2025-10-12 06:30:00,56.85,58.27668
2025-10-12 07:30:00,69.572,69.79926
2025-10-12 08:30:00,78.644,75.417404
2025-10-12 09:30:00,73.898,73.47913
2025-10-12 10:30:00,68.452,69.01836
2025-10-12 11:30:00,57.891,65.41475
2025-10-12 12:30:00,61.764,63.257725
2025-10-12 13:30:00,58.815,62.070427
2025-10-12 14:30:00,59.638,61.63483
2025-10-12 15:30:00,64.959,62.155304
2025-10-12 16:30:00,74.406,65.00301
2025-10-12 17:30:00,68.362,70.68145
2025-10-12 18:30:00,78.43,77.76318
2025-10-12 19:30:00,84.188,88.57067
2025-10-12 20:30:00,98.638,90.19149
2025-10-12 21:30:00,89.533,81.2377
2025-10-12 22:30:00,65.551,68.02632
2025-10-12 23:30:00,48.294,51.6094
2025-10-13 00:30:00,47.385,42.80239
2025-10-13 01:30:00,45.403,42.66076
2025-10-13 02:30:00,49.416,43.254906
2025-10-13 03:30:00,53.695,45.08884
2025-10-13 04:30:00,51.846,49.36005
2025-10-13 05:30:00,57.215,56.947758
2025-10-13 06:30:00,69.369,65.89798
2025-10-13 07:30:00,88.766,78.76382
2025-10-13 08:30:00,93.694,86.00762
2025-10-13 09:30:00,83.818,85.17919
2025-10-13 10:30:00,82.548,79.94073
2025-10-13 11:30:00,80.488,75.76158
2025-10-13 12:30:00,75.174,73.70686
2025-10-13 13:30:00,72.882,72.68731
2025-10-13 14:30:00,71.141,72.398674
2025-10-13 15:30:00,71.937,73.099075
2025-10-13 16:30:00,66.659,75.44118
2025-10-13 17:30:00,80.14,79.801506
2025-10-13 18:30:00,92.688,86.76151
2025-10-13 19:30:00,97.319,99.09
2025-10-13 20:30:00,100.422,101.8362
2025-10-13 21:30:00,89.815,92.1384
2025-10-13 22:30:00,79.273,76.06449
2025-10-13 23:30:00,62.76,58.83684
2025-10-14 00:30:00,41.55,48.511192
2025-10-14 01:30:00,57.363,46.710373
2025-10-14 02:30:00,41.431,47.917603
2025-10-14 03:30:00,43.398,50.07232
2025-10-14 04:30:00,53.917,53.15279
2025-10-14 05:30:00,58.752,58.578537
2025-10-14 06:30:00,64.384,67.51297
2025-10-14 07:30:00,76.189,80.86145
2025-10-14 08:30:00,87.137,87.74847
2025-10-14 09:30:00,85.939,85.663475
2025-10-14 10:30:00,76.21,79.27166
2025-10-14 11:30:00,77.055,73.86542
2025-10-14 12:30:00,74.177,71.36744
2025-10-14 13:30:00,77.132,70.696945
2025-10-14 14:30:00,72.159,71.1598
2025-10-14 15:30:00,73.965,72.62807
2025-10-14 16:30:00,69.541,75.60435
2025-10-14 17:30:00,79.1,80.230354
2025-10-14 18:30:00,89.281,87.357544
2025-10-14 19:30:00,101.886,99.326126
2025-10-14 20:30:00,104.024,101.83389
2025-10-14 21:30:00,87.021,91.68219
2025-10-14 22:30:00,75.493,75.21749
2025-10-14 23:30:00,62.99399999999999,57.7582
2025-10-15 00:30:00,48.088,47.307465
2025-10-15 01:30:00,50.084,45.873337
2025-10-15 02:30:00,49.795,46.65621
2025-10-15 03:30:00,46.217,48.47847
2025-10-15 04:30:00,54.036,51.34122
2025-10-15 05:30:00,53.723,57.07586
2025-10-15 06:30:00,71.457,65.77617
2025-10-15 07:30:00,84.118,79.216805
2025-10-15 08:30:00,86.034,86.19334
2025-10-15 09:30:00,81.445,84.24778
2025-10-15 10:30:00,75.247,77.89427
2025-10-15 11:30:00,68.691,72.3824
2025-10-15 12:30:00,67.692,69.31597
2025-10-15 13:30:00,70.568,68.419075
2025-10-15 14:30:00,69.187,68.95831
2025-10-15 15:30:00,64.549,70.16915
2025-10-15 16:30:00,68.648,72.41571
2025-10-15 17:30:00,77.17,76.81415
2025-10-15 18:30:00,86.544,83.83248
2025-10-15 19:30:00,95.652,96.35764
2025-10-15 20:30:00,93.732,100.03038
2025-10-15 21:30:00,97.6,90.50786
2025-10-15 22:30:00,77.622,74.69245
2025-10-15 23:30:00,64.063,57.218536
2025-10-16 00:30:00,47.409,46.20834
2025-10-16 01:30:00,49.137,44.482388
2025-10-16 02:30:00,48.729,44.78601
2025-10-16 03:30:00,48.984,46.51151
2025-10-16 04:30:00,53.412,50.05045
2025-10-16 05:30:00,59.889,57.53819
2025-10-16 06:30:00,72.035,67.18165
2025-10-16 07:30:00,77.221,81.57355
2025-10-16 08:30:00,88.134,87.41581
2025-10-16 09:30:00,78.536,84.51002
2025-10-16 10:30:00,73.922,77.88116
2025-10-16 11:30:00,69.851,72.48514
2025-10-16 12:30:00,72.062,69.423515
2025-10-16 13:30:00,69.292,68.59859
2025-10-16 14:30:00,71.63,68.99784
2025-10-16 15:30:00,67.755,70.81324
2025-10-16 16:30:00,69.373,74.06312
2025-10-16 17:30:00,75.2,79.42741
2025-10-16 18:30:00,91.015,86.64199
2025-10-16 19:30:00,98.057,99.139145
2025-10-16 20:30:00,94.051,102.16165
2025-10-16 21:30:00,96.151,92.00199
2025-10-16 22:30:00,74.707,76.1182
2025-10-16 23:30:00,63.68300000000001,58.145386
2025-10-17 00:30:00,42.792,46.070435
2025-10-17 01:30:00,47.389,43.62447
2025-10-17 02:30:00,37.812,43.596752
2025-10-17 03:30:00,48.485,44.58286
2025-10-17 04:30:00,47.664,47.23312
2025-10-17 05:30:00,52.036,53.699608
2025-10-17 06:30:00,69.906,63.176594
2025-10-17 07:30:00,79.656,76.81577
2025-10-17 08:30:00,86.449,83.04505
2025-10-17 09:30:00,81.587,81.20612
2025-10-17 10:30:00,78.856,75.17561
2025-10-17 11:30:00,68.975,69.93415
2025-10-17 12:30:00,74.236,67.20404
2025-10-17 13:30:00,73.655,67.07606
2025-10-17 14:30:00,74.22,68.012596
2025-10-17 15:30:00,72.338,69.975716
2025-10-17 16:30:00,69.527,73.16609
2025-10-17 17:30:00,78.378,78.13355
2025-10-17 18:30:00,88.034,85.572754
2025-10-17 19:30:00,102.402,98.313
2025-10-17 20:30:00,102.559,102.194695
2025-10-17 21:30:00,93.103,93.03922
2025-10-17 22:30:00,83.809,76.61426
2025-10-17 23:30:00,61.953,58.16237
2025-10-18 00:30:00,39.028,44.22185
2025-10-18 01:30:00,40.001,42.177162
2025-10-18 02:30:00,45.212,42.16277
2025-10-18 03:30:00,42.807,42.826252
2025-10-18 04:30:00,45.925,44.810993
2025-10-18 05:30:00,50.416,49.560837
2025-10-18 06:30:00,51.356,58.472687
2025-10-18 07:30:00,66.279,69.96544
2025-10-18 08:30:00,75.096,75.32991
2025-10-18 09:30:00,74.481,73.894905
2025-10-18 10:30:00,62.961,69.33937
2025-10-18 11:30:00,57.961,64.88992
2025-10-18 12:30:00,58.781,61.09818
2025-10-18 13:30:00,64.491,59.04956
2025-10-18 14:30:00,52.653,59.067795
2025-10-18 15:30:00,51.223,59.888912
2025-10-18 16:30:00,68.596,61.493298
2025-10-18 17:30:00,63.19499999999999,65.810585
2025-10-18 18:30:00,76.515,71.7277
2025-10-18 19:30:00,82.142,83.222694
2025-10-18 20:30:00,89.061,87.45187
2025-10-18 21:30:00,81.967,80.86875
2025-10-18 22:30:00,74.018,67.19878
2025-10-18 23:30:00,57.826,50.51955
2025-10-19 00:30:00,36.599,41.6018
2025-10-19 01:30:00,34.907,40.74727
2025-10-19 02:30:00,43.77,40.73992
2025-10-19 03:30:00,40.952,41.39602
2025-10-19 04:30:00,42.174,42.436428
2025-10-19 05:30:00,53.926,47.05935
2025-10-19 06:30:00,53.0,55.761456
2025-10-19 07:30:00,68.939,66.03314
2025-10-19 08:30:00,78.316,71.25473
2025-10-19 09:30:00,69.188,70.45235
2025-10-19 10:30:00,70.853,66.5952
2025-10-19 11:30:00,57.47,63.24712
2025-10-19 12:30:00,59.202,60.601677
2025-10-19 13:30:00,57.229,59.537186
2025-10-19 14:30:00,50.597,59.39582
2025-10-19 15:30:00,59.031,59.433044
2025-10-19 16:30:00,64.915,61.45531
2025-10-19 17:30:00,64.636,66.27017
2025-10-19 18:30:00,75.444,72.566025
2025-10-19 19:30:00,85.324,83.56399
2025-10-19 20:30:00,91.85,86.987595
2025-10-19 21:30:00,81.229,79.96035
2025-10-19 22:30:00,68.628,66.85108
2025-10-19 23:30:00,55.606,50.700436
2025-10-20 00:30:00,44.982,42.373104
2025-10-20 01:30:00,53.269,42.12109
2025-10-20 02:30:00,44.235,42.733414
2025-10-20 03:30:00,51.043,44.05266
2025-10-20 04:30:00,55.202,47.958145
2025-10-20 05:30:00,56.009,56.18895
2025-10-20 06:30:00,67.45,65.236755
2025-10-20 07:30:00,81.858,77.60379
2025-10-20 08:30:00,85.832,83.598564
2025-10-20 09:30:00,77.493,81.38205
2025-10-20 10:30:00,74.614,74.75021
2025-10-20 11:30:00,74.893,69.232765
2025-10-20 12:30:00,69.238,66.43078
2025-10-20 13:30:00,68.016,65.650764
2025-10-20 14:30:00,71.042,65.82264
2025-10-20 15:30:00,68.61,67.264206
2025-10-20 16:30:00,71.784,70.870995
2025-10-20 17:30:00,76.761,76.85608
2025-10-20 18:30:00,90.434,84.43529
2025-10-20 19:30:00,97.649,97.06922
2025-10-20 20:30:00,101.565,100.680534
2025-10-20 21:30:00,97.092,91.93964
2025-10-20 22:30:00,77.398,76.3643
2025-10-20 23:30:00,65.142,59.106956
2025-10-21 00:30:00,49.181,48.220036
2025-10-21 01:30:00,47.175,46.39856
2025-10-21 02:30:00,46.669,47.308475
2025-10-21 03:30:00,44.0,49.130276
2025-10-21 04:30:00,46.881,52.04724
2025-10-21 05:30:00,58.566,57.521294
2025-10-21 06:30:00,69.295,66.027145
2025-10-21 07:30:00,76.775,78.92154
2025-10-21 08:30:00,88.999,84.85685
2025-10-21 09:30:00,85.299,82.96212
2025-10-21 10:30:00,79.117,78.16259
2025-10-21 11:30:00,76.778,73.50961
2025-10-21 12:30:00,69.831,70.38633
2025-10-21 13:30:00,65.592,68.55424
2025-10-21 14:30:00,70.997,68.546715
2025-10-21 15:30:00,65.85,71.064514
2025-10-21 16:30:00,79.964,74.27246
2025-10-21 17:30:00,74.187,78.84438
2025-10-21 18:30:00,90.299,84.17841
2025-10-21 19:30:00,99.419,95.83743
2025-10-21 20:30:00,101.017,100.021645
2025-10-21 21:30:00,92.094,92.66992
2025-10-21 22:30:00,82.49,77.474464
2025-10-21 23:30:00,64.729,59.655174
2025-10-22 00:30:00,45.989,47.531883
2025-10-22 01:30:00,53.141,45.69392
2025-10-22 02:30:00,47.158,46.101166
2025-10-22 03:30:00,50.804,47.51919
2025-10-22 04:30:00,45.754,50.566853
2025-10-22 05:30:00,51.632,57.94416
2025-10-22 06:30:00,69.604,65.92813
2025-10-22 07:30:00,81.488,78.44748
2025-10-22 08:30:00,95.694,83.86543
2025-10-22 09:30:00,83.023,83.091255
2025-10-22 10:30:00,79.507,78.14717
2025-10-22 11:30:00,69.936,73.222466
2025-10-22 12:30:00,71.888,69.71854
2025-10-22 13:30:00,72.012,68.10433
2025-10-22 14:30:00,69.913,67.89453
2025-10-22 15:30:00,68.016,69.53435
2025-10-22 16:30:00,71.403,73.060974
2025-10-22 17:30:00,74.755,78.85619
2025-10-22 18:30:00,90.192,85.501366
2025-10-22 19:30:00,89.725,97.283005
2025-10-22 20:30:00,100.613,99.53881
2025-10-22 21:30:00,97.171,90.502785
2025-10-22 22:30:00,81.099,75.31033
2025-10-22 23:30:00,57.429,58.156982
2025-10-23 00:30:00,48.865,46.6093
2025-10-23 01:30:00,43.41,44.696945
2025-10-23 02:30:00,46.577,44.891808
2025-10-23 03:30:00,51.357,46.44864
2025-10-23 04:30:00,47.41,50.11456
2025-10-23 05:30:00,61.549,57.458717
2025-10-23 06:30:00,68.298,67.06573
2025-10-23 07:30:00,81.833,81.146805
2025-10-23 08:30:00,90.953,87.58325
2025-10-23 09:30:00,87.041,85.69945
2025-10-23 10:30:00,78.163,79.82681
2025-10-23 11:30:00,67.402,74.8226
2025-10-23 12:30:00,64.393,71.46025
2025-10-23 13:30:00,67.968,69.74115
2025-10-23 14:30:00,70.979,69.18808
2025-10-23 15:30:00,64.496,70.51943
2025-10-23 16:30:00,72.564,73.37745
2025-10-23 17:30:00,79.115,79.04542
2025-10-23 18:30:00,87.646,86.6967
2025-10-23 19:30:00,99.347,99.071335
2025-10-23 20:30:00,102.556,101.63471
2025-10-23 21:30:00,95.219,92.05197
2025-10-23 22:30:00,80.217,76.115715
2025-10-23 23:30:00,72.571,58.454704
2025-10-24 00:30:00,46.875,46.769684
2025-10-24 01:30:00,44.714,44.466698
2025-10-24 02:30:00,40.915,44.683876
2025-10-24 03:30:00,43.526,45.94116
2025-10-24 04:30:00,47.965,48.947315
2025-10-24 05:30:00,58.751,54.89595
2025-10-24 06:30:00,65.799,64.193855
2025-10-24 07:30:00,81.439,77.27505
2025-10-24 08:30:00,84.855,83.52618
2025-10-24 09:30:00,85.999,81.32959
2025-10-24 10:30:00,78.81,75.65577
2025-10-24 11:30:00,67.725,70.58118
2025-10-24 12:30:00,68.77,67.25291
2025-10-24 13:30:00,66.205,66.11825
2025-10-24 14:30:00,64.083,67.31937
2025-10-24 15:30:00,70.692,69.44943
2025-10-24 16:30:00,71.785,72.87297
2025-10-24 17:30:00,78.158,78.44789
2025-10-24 18:30:00,90.624,85.65267
2025-10-24 19:30:00,97.656,97.741844
2025-10-24 20:30:00,101.296,100.870766
2025-10-24 21:30:00,92.495,92.047585
2025-10-24 22:30:00,78.89,76.255424
2025-10-24 23:30:00,62.32,57.756023
2025-10-25 00:30:00,41.287,44.210865
2025-10-25 01:30:00,38.632,42.23747
2025-10-25 02:30:00,38.089,41.896904
2025-10-25 03:30:00,39.367,42.142982
2025-10-25 04:30:00,45.949,43.440823
2025-10-25 05:30:00,49.361,47.66127
2025-10-25 06:30:00,57.23,56.56207
2025-10-25 07:30:00,96.987,68.77292
2025-10-25 08:30:00,81.537,77.27783
2025-10-25 09:30:00,71.613,76.714554
2025-10-25 10:30:00,62.515,71.95431
2025-10-25 11:30:00,64.958,67.25942
2025-10-25 12:30:00,61.4,64.48366
2025-10-25 13:30:00,61.646,63.347763
2025-10-25 14:30:00,66.228,63.325138
2025-10-25 15:30:00,61.114,64.724945
2025-10-25 16:30:00,63.289,67.49593
2025-10-25 17:30:00,68.483,72.06132
2025-10-25 18:30:00,88.881,77.85058
2025-10-25 19:30:00,86.709,88.65291
2025-10-25 20:30:00,93.426,90.1188
2025-10-25 21:30:00,81.757,80.980354
2025-10-25 22:30:00,70.211,67.05157
2025-10-25 23:30:00,54.836,49.733242
2025-10-26 00:30:00,43.994,41.665688
2025-10-26 01:30:00,41.308,41.08187
2025-10-26 02:30:00,43.806,41.319798
2025-10-26 03:30:00,40.099,42.011364
2025-10-26 04:30:00,41.871,43.646343
2025-10-26 05:30:00,43.128,49.172775
2025-10-26 06:30:00,60.416,57.729202
2025-10-26 07:30:00,68.005,68.86024
2025-10-26 08:30:00,83.857,74.88972
2025-10-26 09:30:00,71.666,73.35335
2025-10-26 10:30:00,70.672,68.011475
2025-10-26 11:30:00,65.423,63.971626
2025-10-26 12:30:00,58.781,62.043243
2025-10-26 13:30:00,57.038,61.08799
2025-10-26 14:30:00,59.716,60.62453
2025-10-26 15:30:00,64.621,61.54542
2025-10-26 16:30:00,70.524,64.851974
2025-10-26 17:30:00,64.264,70.92193
2025-10-26 18:30:00,77.901,77.633026
2025-10-26 19:30:00,85.22,88.31615
2025-10-26 20:30:00,88.874,89.98615
2025-10-26 21:30:00,88.553,80.932816
2025-10-26 22:30:00,65.809,67.706535
2025-10-26 23:30:00,49.562,51.30991
2025-10-27 00:30:00,47.28,42.669395
2025-10-27 01:30:00,48.687,42.413307
2025-10-27 02:30:00,46.361,42.991306
2025-10-27 03:30:00,46.119,44.424637
2025-10-27 04:30:00,51.123,48.09542
2025-10-27 05:30:00,51.515,55.72552
2025-10-27 06:30:00,68.675,64.2991
2025-10-27 07:30:00,78.875,77.07213
2025-10-27 08:30:00,92.416,83.74313
2025-10-27 09:30:00,85.633,83.15456
2025-10-27 10:30:00,75.352,77.258125
2025-10-27 11:30:00,68.426,70.474815
2025-10-27 12:30:00,77.654,65.71142
2025-10-27 13:30:00,67.312,64.76953
2025-10-27 14:30:00,67.684,65.99259
2025-10-27 15:30:00,68.934,69.15415
2025-10-27 16:30:00,70.549,73.84507
2025-10-27 17:30:00,82.918,79.58942
2025-10-27 18:30:00,87.262,85.90885
2025-10-27 19:30:00,95.816,96.278275
2025-10-27 20:30:00,95.96,98.07164
2025-10-27 21:30:00,91.576,88.75512
2025-10-27 22:30:00,73.547,74.365715
2025-10-27 23:30:00,57.778,57.291546
2025-10-28 00:30:00,45.015,46.905544
2025-10-28 01:30:00,50.594,45.43668
2025-10-28 02:30:00,50.281,46.21084
2025-10-28 03:30:00,43.254,47.972725
2025-10-28 04:30:00,49.997,50.933037
2025-10-28 05:30:00,57.081,58.327744
2025-10-28 06:30:00,68.535,66.753456
2025-10-28 07:30:00,85.186,79.71738
2025-10-28 08:30:00,83.06,87.10334
2025-10-28 09:30:00,81.187,85.708015
2025-10-28 10:30:00,73.048,80.135704
2025-10-28 11:30:00,70.415,73.83449
2025-10-28 12:30:00,58.073,69.5177
2025-10-28 13:30:00,68.442,67.304794
2025-10-28 14:30:00,63.806999999999995,67.70911
2025-10-28 15:30:00,69.01,69.48899
2025-10-28 16:30:00,77.585,73.172966
2025-10-28 17:30:00,79.919,78.536995
2025-10-28 18:30:00,83.013,84.187485
2025-10-28 19:30:00,96.671,93.4954
2025-10-28 20:30:00,98.247,94.880844
2025-10-28 21:30:00,97.288,85.85006
2025-10-28 22:30:00,69.121,72.44566
2025-10-28 23:30:00,60.433,55.684734
2025-10-29 00:30:00,43.42,45.99395
2025-10-29 01:30:00,42.424,44.730583
2025-10-29 02:30:00,52.947,44.827114
2025-10-29 03:30:00,42.659,46.282894
2025-10-29 04:30:00,46.362,48.497253
2025-10-29 05:30:00,62.103,55.24074
2025-10-29 06:30:00,66.5,64.16001
2025-10-29 07:30:00,78.521,76.76619
2025-10-29 08:30:00,83.346,82.45695
2025-10-29 09:30:00,83.31,80.31883
2025-10-29 10:30:00,76.467,75.70145
2025-10-29 11:30:00,71.489,71.836555
2025-10-29 12:30:00,68.766,69.67356
2025-10-29 13:30:00,75.169,68.73587
2025-10-29 14:30:00,73.829,69.73768
2025-10-29 15:30:00,73.58,71.8663
2025-10-29 16:30:00,76.103,75.73815
2025-10-29 17:30:00,74.473,81.66448
2025-10-29 18:30:00,86.292,88.04448
2025-10-29 19:30:00,103.595,98.00039
2025-10-29 20:30:00,102.654,98.45107
2025-10-29 21:30:00,91.145,87.08683
2025-10-29 22:30:00,73.43,72.04435
2025-10-29 23:30:00,61.963,55.098152
2025-10-30 00:30:00,48.93,45.692352
2025-10-30 01:30:00,44.561,44.336887
2025-10-30 02:30:00,46.877,44.911903
2025-10-30 03:30:00,45.678,46.622192
2025-10-30 04:30:00,48.622,49.85117
2025-10-30 05:30:00,51.416,56.29682
2025-10-30 06:30:00,66.926,65.42054
2025-10-30 07:30:00,78.649,79.40678
2025-10-30 08:30:00,90.483,86.17491
2025-10-30 09:30:00,84.987,84.7279
2025-10-30 10:30:00,76.896,79.91523
2025-10-30 11:30:00,80.124,75.70667
2025-10-30 12:30:00,75.685,73.98203
2025-10-30 13:30:00,76.164,73.56603
2025-10-30 14:30:00,75.947,74.007614
2025-10-30 15:30:00,76.069,75.28748
2025-10-30 16:30:00,72.755,78.11856
2025-10-30 17:30:00,76.133,83.34994
2025-10-30 18:30:00,85.634,90.34062
2025-10-30 19:30:00,98.885,101.23014
2025-10-30 20:30:00,105.176,101.85495
2025-10-30 21:30:00,96.393,90.35898
2025-10-30 22:30:00,79.123,74.297714
2025-10-30 23:30:00,56.554,56.827053
2025-10-31 00:30:00,44.976,45.60532
2025-10-31 01:30:00,40.907,43.68547
2025-10-31 02:30:00,51.699,43.883427
2025-10-31 03:30:00,48.28,45.25038
2025-10-31 04:30:00,50.302,48.2178
2025-10-31 05:30:00,54.006,54.34681
2025-10-31 06:30:00,70.892,64.35666
2025-10-31 07:30:00,78.726,79.13082
2025-10-31 08:30:00,84.885,86.37971
2025-10-31 09:30:00,86.015,84.76155
2025-10-31 10:30:00,80.87,79.86546
2025-10-31 11:30:00,75.232,76.033615
2025-10-31 12:30:00,79.316,74.250656
2025-10-31 13:30:00,80.197,73.873535
2025-10-31 14:30:00,76.571,74.3347
2025-10-31 15:30:00,73.087,75.37912
2025-10-31 16:30:00,77.594,77.64825
2025-10-31 17:30:00,103.069,82.74799
2025-10-31 18:30:00,90.662,92.09437
2025-10-31 19:30:00,102.627,103.88016
2025-10-31 20:30:00,103.333,104.33417
2025-10-31 21:30:00,88.629,91.91738
2025-10-31 22:30:00,75.485,74.536766
2025-10-31 23:30:00,61.93,55.524315
2025-11-01 00:30:00,34.528,43.56842
2025-11-01 01:30:00,36.923,41.960938
2025-11-01 02:30:00,39.175,42.436188
2025-11-01 03:30:00,40.801,43.079643
2025-11-01 04:30:00,45.03,44.445343
2025-11-01 05:30:00,44.797,48.24053
2025-11-01 06:30:00,52.031,56.658318
2025-11-01 07:30:00,57.933,69.087944
2025-11-01 08:30:00,69.47,74.19458
2025-11-01 09:30:00,66.005,71.676216
2025-11-01 10:30:00,62.49,66.45097
2025-11-01 11:30:00,57.599,62.55956
2025-11-01 12:30:00,56.911,60.581776
2025-11-01 13:30:00,62.145,59.97608
2025-11-01 14:30:00,59.972,60.39976
2025-11-01 15:30:00,65.344,61.584488
2025-11-01 16:30:00,56.107,64.54418
2025-11-01 17:30:00,65.054,69.35191
2025-11-01 18:30:00,67.829,76.429054
2025-11-01 19:30:00,78.118,85.51613
2025-11-01 20:30:00,82.691,85.16981
2025-11-01 21:30:00,77.608,74.383224
2025-11-01 22:30:00,64.947,61.247284
2025-11-01 23:30:00,53.272,45.59697
2025-11-02 00:30:00,36.177,40.614986
2025-11-02 01:30:00,43.819,40.12578
2025-11-02 02:30:00,40.06,40.23121
2025-11-02 03:30:00,28.167,40.842617
2025-11-02 04:30:00,40.294,41.787655
2025-11-02 05:30:00,43.347,45.234028
2025-11-02 06:30:00,51.896,52.83099
2025-11-02 07:30:00,64.979,63.275433
2025-11-02 08:30:00,69.43,68.31709
2025-11-02 09:30:00,64.213,66.96726
2025-11-02 10:30:00,66.907,62.86238
2025-11-02 11:30:00,52.415,59.935436
2025-11-02 12:30:00,50.351,57.88872
2025-11-02 13:30:00,51.314,56.576763
2025-11-02 14:30:00,56.926,56.079876
2025-11-02 15:30:00,56.75,56.852367
2025-11-02 16:30:00,53.345,59.847565
2025-11-02 17:30:00,59.49,65.13551
2025-11-02 18:30:00,69.33,72.36995
2025-11-02 19:30:00,73.86,82.5597
2025-11-02 20:30:00,82.812,83.24936
2025-11-02 21:30:00,78.991,73.70072
2025-11-02 22:30:00,60.524,61.55632
2025-11-02 23:30:00,50.75,46.154827
2025-11-03 00:30:00,42.084,41.293743
2025-11-03 01:30:00,47.162,41.065784
2025-11-03 02:30:00,49.597,41.639496
2025-11-03 03:30:00,42.12,42.70679
2025-11-03 04:30:00,45.428,44.95872
2025-11-03 05:30:00,53.594,52.24277
2025-11-03 06:30:00,61.364,61.143246
2025-11-03 07:30:00,68.222,72.561356
2025-11-03 08:30:00,71.366,77.81061
2025-11-03 09:30:00,74.491,74.89529
2025-11-03 10:30:00,72.822,69.55574
2025-11-03 11:30:00,66.298,66.16167
2025-11-03 12:30:00,63.29099999999999,64.57982
2025-11-03 13:30:00,65.706,63.999504
2025-11-03 14:30:00,73.974,64.31967
2025-11-03 15:30:00,62.121,66.006355
2025-11-03 16:30:00,63.730000000000004,68.69997
2025-11-03 17:30:00,68.339,73.28676
2025-11-03 18:30:00,86.635,79.547714
2025-11-03 19:30:00,84.421,90.87259
2025-11-03 20:30:00,89.499,92.54941
2025-11-03 21:30:00,84.486,82.998634
2025-11-03 22:30:00,70.545,69.40084
2025-11-03 23:30:00,60.356,53.60743
2025-11-04 00:30:00,45.072,44.561577
2025-11-04 01:30:00,39.367,43.902905
2025-11-04 02:30:00,43.173,44.547745
2025-11-04 03:30:00,42.054,46.29556
2025-11-04 04:30:00,43.021,48.803326
2025-11-04 05:30:00,53.436,53.828796
2025-11-04 06:30:00,60.485,61.958225
2025-11-04 07:30:00,76.734,73.48585
2025-11-04 08:30:00,79.369,80.09752
2025-11-04 09:30:00,78.931,78.62266
2025-11-04 10:30:00,61.319,73.3341
2025-11-04 11:30:00,67.058,67.36057
2025-11-04 12:30:00,66.865,64.27268
2025-11-04 13:30:00,67.242,63.68764
2025-11-04 14:30:00,70.51,64.77909
2025-11-04 15:30:00,66.632,66.94782
2025-11-04 16:30:00,59.708,69.65681
2025-11-04 17:30:00,72.087,73.36794
2025-11-04 18:30:00,82.469,79.182884
2025-11-04 19:30:00,87.114,90.56857
2025-11-04 20:30:00,90.651,93.234924
2025-11-04 21:30:00,86.976,84.47133
2025-11-04 22:30:00,69.665,70.39893
2025-11-04 23:30:00,59.916,54.054676
2025-11-05 00:30:00,42.151,44.89348
2025-11-05 01:30:00,34.639,43.611725
2025-11-05 02:30:00,43.043,43.744457
2025-11-05 03:30:00,42.181,44.573402
2025-11-05 04:30:00,47.708,46.694134
2025-11-05 05:30:00,52.262,52.244034
2025-11-05 06:30:00,57.15,60.632816
2025-11-05 07:30:00,72.344,72.01211
2025-11-05 08:30:00,79.622,77.73302
2025-11-05 09:30:00,79.145,76.199425
2025-11-05 10:30:00,75.363,71.785446
2025-11-05 11:30:00,63.667,67.82093
2025-11-05 12:30:00,65.324,65.61649
2025-11-05 13:30:00,58.166,64.995735
2025-11-05 14:30:00,69.744,64.65342
2025-11-05 15:30:00,64.546,65.81001
2025-11-05 16:30:00,63.618,68.12972
2025-11-05 17:30:00,69.864,72.488556
2025-11-05 18:30:00,81.68,79.13748
2025-11-05 19:30:00,93.503,90.46104
2025-11-05 20:30:00,91.795,92.6253
2025-11-05 21:30:00,86.408,82.97846
2025-11-05 22:30:00,71.777,68.91948
2025-11-05 23:30:00,49.055,52.91713
2025-11-06 00:30:00,39.53,43.90209
2025-11-06 01:30:00,44.013,42.821693
2025-11-06 02:30:00,47.33,42.980923
2025-11-06 03:30:00,48.561,44.06411
2025-11-06 04:30:00,41.483,46.935165
2025-11-06 05:30:00,54.592,54.03355
2025-11-06 06:30:00,64.751,62.890205
2025-11-06 07:30:00,73.948,75.10538
2025-11-06 08:30:00,71.461,80.37596
2025-11-06 09:30:00,73.939,77.14415
2025-11-06 10:30:00,69.509,71.00936
2025-11-06 11:30:00,63.82699999999999,65.87237
2025-11-06 12:30:00,55.867,62.827663
2025-11-06 13:30:00,62.696,61.581093
2025-11-06 14:30:00,60.003,61.96394
2025-11-06 15:30:00,64.634,64.4069
2025-11-06 16:30:00,65.943,68.14782
2025-11-06 17:30:00,72.261,73.27579
2025-11-06 18:30:00,79.028,79.65346
2025-11-06 19:30:00,90.222,90.597374
2025-11-06 20:30:00,92.689,93.68842
2025-11-06 21:30:00,88.27,85.5037
2025-11-06 22:30:00,68.636,71.075584
2025-11-06 23:30:00,54.295,54.1028
2025-11-07 00:30:00,45.534,43.491005
2025-11-07 01:30:00,45.56,42.030174
2025-11-07 02:30:00,44.784,41.880524
2025-11-07 03:30:00,49.412,42.424686
2025-11-07 04:30:00,53.132,44.86604
2025-11-07 05:30:00,55.362,52.654755
2025-11-07 06:30:00,58.208,62.33013
2025-11-07 07:30:00,75.243,74.00591
2025-11-07 08:30:00,78.768,79.121956
2025-11-07 09:30:00,73.851,76.71164
2025-11-07 10:30:00,67.597,71.32123
2025-11-07 11:30:00,66.616,66.71466
2025-11-07 12:30:00,67.297,64.50661
2025-11-07 13:30:00,69.66,63.941376
2025-11-07 14:30:00,67.121,65.189255
2025-11-07 15:30:00,65.696,67.485115
2025-11-07 16:30:00,63.289,71.39007
2025-11-07 17:30:00,70.731,76.44503
2025-11-07 18:30:00,74.39,82.21346
2025-11-07 19:30:00,91.379,91.2265
2025-11-07 20:30:00,93.765,92.10376
2025-11-07 21:30:00,91.068,82.43943
2025-11-07 22:30:00,69.747,68.57893
2025-11-07 23:30:00,60.579,51.23031
2025-11-08 00:30:00,35.082,41.857525
2025-11-08 01:30:00,43.271,40.9193
2025-11-08 02:30:00,42.918,40.853268
2025-11-08 03:30:00,42.484,41.208046
2025-11-08 04:30:00,40.464,42.35667
2025-11-08 05:30:00,44.097,46.13978
2025-11-08 06:30:00,52.019,53.865864
2025-11-08 07:30:00,59.744,64.71578
2025-11-08 08:30:00,70.133,69.11148
2025-11-08 09:30:00,65.851,67.37028
2025-11-08 10:30:00,61.98,63.024548
2025-11-08 11:30:00,57.453,59.71264
2025-11-08 12:30:00,52.155,58.083626
2025-11-08 13:30:00,59.886,57.4187
2025-11-08 14:30:00,56.34,57.917267
2025-11-08 15:30:00,58.076,59.163452
2025-11-08 16:30:00,52.25,61.81555
2025-11-08 17:30:00,58.424,65.7698
2025-11-08 18:30:00,68.202,71.36332
2025-11-08 19:30:00,79.116,80.42067
2025-11-08 20:30:00,105.184,81.646545
2025-11-08 21:30:00,78.776,74.74874
2025-11-08 22:30:00,64.875,62.43469
2025-11-08 23:30:00,46.773,46.40567
2025-11-09 00:30:00,46.629,40.68309
2025-11-09 01:30:00,36.426,40.184227
2025-11-09 02:30:00,41.588,40.270966
2025-11-09 03:30:00,36.655,40.884594
2025-11-09 04:30:00,41.52,41.88684
2025-11-09 05:30:00,47.241,45.27691
2025-11-09 06:30:00,46.965,53.077286
2025-11-09 07:30:00,68.267,63.200462
2025-11-09 08:30:00,65.761,68.72876
2025-11-09 09:30:00,65.499,67.28956
2025-11-09 10:30:00,58.223,63.10034
2025-11-09 11:30:00,53.376,59.45836
2025-11-09 12:30:00,52.031,57.28819
2025-11-09 13:30:00,50.072,56.268986
2025-11-09 14:30:00,57.435,56.17478
2025-11-09 15:30:00,55.461,57.335262
2025-11-09 16:30:00,55.844,59.77714
2025-11-09 17:30:00,65.374,64.33662
2025-11-09 18:30:00,76.431,71.19319
2025-11-09 19:30:00,73.414,82.13531
2025-11-09 20:30:00,87.083,83.866005
2025-11-09 21:30:00,74.405,75.93543
2025-11-09 22:30:00,56.953,63.048897
2025-11-09 23:30:00,51.164,47.223724
2025-11-10 00:30:00,41.309,41.628826
2025-11-10 01:30:00,45.263,41.303135
2025-11-10 02:30:00,43.174,41.793148
2025-11-10 03:30:00,44.591,42.75717
2025-11-10 04:30:00,43.73,44.82186
2025-11-10 05:30:00,46.835,51.85446
2025-11-10 06:30:00,62.476,59.76805
2025-11-10 07:30:00,68.9,70.390976
2025-11-10 08:30:00,79.245,75.52928
2025-11-10 09:30:00,81.019,73.749664
2025-11-10 10:30:00,68.01,69.84764
2025-11-10 11:30:00,66.562,66.43278
2025-11-10 12:30:00,62.82999999999999,64.65107
2025-11-10 13:30:00,62.094,63.946022
2025-11-10 14:30:00,57.812,63.668278
2025-11-10 15:30:00,62.428,63.957973
2025-11-10 16:30:00,81.687,65.921165
2025-11-10 17:30:00,67.356,71.91279
2025-11-10 18:30:00,72.935,79.50967
2025-11-10 19:30:00,83.992,90.429825
2025-11-10 20:30:00,98.946,91.37326
2025-11-10 21:30:00,84.958,82.22865
2025-11-10 22:30:00,65.285,68.67681
2025-11-10 23:30:00,54.634,52.879932
2025-11-11 00:30:00,41.984,44.115612
2025-11-11 01:30:00,44.002,43.614967
2025-11-11 02:30:00,42.038,44.192364
2025-11-11 03:30:00,50.585,45.92785
2025-11-11 04:30:00,52.651,49.070045
2025-11-11 05:30:00,51.937,55.065853
2025-11-11 06:30:00,58.885,63.154694
2025-11-11 07:30:00,72.158,74.49928
2025-11-11 08:30:00,73.185,80.102806
2025-11-11 09:30:00,79.317,77.22433
2025-11-11 10:30:00,69.231,71.853004
2025-11-11 11:30:00,60.227,67.23256
2025-11-11 12:30:00,61.512,64.464745
2025-11-11 13:30:00,66.138,63.268597
2025-11-11 14:30:00,58.153,63.517197
2025-11-11 15:30:00,59.659,64.25066
2025-11-11 16:30:00,62.379,66.764694
2025-11-11 17:30:00,73.823,72.096344
2025-11-11 18:30:00,86.106,79.32924
2025-11-11 19:30:00,91.347,90.839485
2025-11-11 20:30:00,81.953,92.645195
2025-11-11 21:30:00,81.3,82.004326
2025-11-11 22:30:00,82.988,67.860794
2025-11-11 23:30:00,57.789,52.49563
2025-11-12 00:30:00,33.365,44.335495
2025-11-12 01:30:00,51.278,43.439217
2025-11-12 02:30:00,38.637,43.82496
2025-11-12 03:30:00,45.897,44.953907
2025-11-12 04:30:00,41.718,47.332874
2025-11-12 05:30:00,58.566,52.48248
2025-11-12 06:30:00,55.345,60.67619
2025-11-12 07:30:00,69.356,71.32626
2025-11-12 08:30:00,81.508,76.4208
2025-11-12 09:30:00,73.883,74.42086
2025-11-12 10:30:00,70.792,68.96636
2025-11-12 11:30:00,67.5,64.55014
2025-11-12 12:30:00,64.017,62.6836
2025-11-12 13:30:00,59.882,62.481228
2025-11-12 14:30:00,60.906,63.029644
2025-11-12 15:30:00,61.244,64.273094
2025-11-12 16:30:00,66.065,67.11657
2025-11-12 17:30:00,73.366,72.26842
2025-11-12 18:30:00,80.956,79.449974
2025-11-12 19:30:00,92.584,90.99099
2025-11-12 20:30:00,87.508,93.30868
2025-11-12 21:30:00,86.375,83.058426
2025-11-12 22:30:00,70.74,68.65817
2025-11-12 23:30:00,59.227,52.625717
2025-11-13 00:30:00,45.419,43.9062
2025-11-13 01:30:00,39.637,42.824112
2025-11-13 02:30:00,43.372,42.977463
2025-11-13 03:30:00,49.096,43.798904
2025-11-13 04:30:00,47.444,46.314102
2025-11-13 05:30:00,51.323,53.43467
2025-11-13 06:30:00,56.774,62.335445
2025-11-13 07:30:00,73.872,73.875336
2025-11-13 08:30:00,73.17,79.19034
2025-11-13 09:30:00,75.195,76.39376
2025-11-13 10:30:00,67.551,70.670235
2025-11-13 11:30:00,66.61,66.0105
2025-11-13 12:30:00,62.323,63.794426
2025-11-13 13:30:00,63.742999999999995,63.059402
2025-11-13 14:30:00,60.694,63.862232
2025-11-13 15:30:00,61.696,65.43277
2025-11-13 16:30:00,65.233,68.206924
2025-11-13 17:30:00,69.474,73.25335
2025-11-13 18:30:00,79.228,79.96522
2025-11-13 19:30:00,90.746,91.24513
2025-11-13 20:30:00,96.498,93.97097
2025-11-13 21:30:00,87.68,85.03274
2025-11-13 22:30:00,65.985,70.08658
2025-11-13 23:30:00,59.577,53.134327
2025-11-14 00:30:00,46.844,43.209145
2025-11-14 01:30:00,45.016,41.904076
2025-11-14 02:30:00,34.478,41.865578
2025-11-14 03:30:00,44.502,42.219494
2025-11-14 04:30:00,50.359,43.828465
2025-11-14 05:30:00,49.226,50.043354
2025-11-14 06:30:00,70.615,59.018265
2025-11-14 07:30:00,63.85399999999999,72.50726
2025-11-14 08:30:00,78.348,77.57479
2025-11-14 09:30:00,78.351,75.316025
2025-11-14 10:30:00,69.172,70.4474
2025-11-14 11:30:00,63.45000000000001,66.26813
2025-11-14 12:30:00,57.554,64.124016
2025-11-14 13:30:00,59.635,63.19527
2025-11-14 14:30:00,64.247,63.418068
2025-11-14 15:30:00,55.168,64.63655
2025-11-14 16:30:00,67.178,66.28168
2025-11-14 17:30:00,69.338,70.70205
2025-11-14 18:30:00,81.365,77.08268
2025-11-14 19:30:00,92.261,88.80493
2025-11-14 20:30:00,105.368,92.50658
2025-11-14 21:30:00,89.473,85.359406
2025-11-14 22:30:00,65.934,70.510345
2025-11-14 23:30:00,64.17,52.406376
2025-11-15 00:30:00,27.319,42.215584
2025-11-15 01:30:00,35.72,40.94319
2025-11-15 02:30:00,38.199,40.699394
2025-11-15 03:30:00,36.964,40.91018
2025-11-15 04:30:00,67.62,41.474903
2025-11-15 05:30:00,43.747,45.676075
2025-11-15 06:30:00,57.253,54.1817
2025-11-15 07:30:00,60.815,66.86857
2025-11-15 08:30:00,68.091,71.21757
2025-11-15 09:30:00,72.921,68.84988
2025-11-15 10:30:00,63.730000000000004,64.54032
2025-11-15 11:30:00,54.767,60.664062
2025-11-15 12:30:00,55.505,57.968624
2025-11-15 13:30:00,60.805,56.939484
2025-11-15 14:30:00,49.925,57.416286
2025-11-15 15:30:00,51.252,58.391537
2025-11-15 16:30:00,54.317,60.226948
2025-11-15 17:30:00,62.475,64.02434
2025-11-15 18:30:00,73.534,69.45328
2025-11-15 19:30:00,76.17,79.60897
2025-11-15 20:30:00,78.114,82.135124
2025-11-15 21:30:00,70.015,74.323456
2025-11-15 22:30:00,58.642,61.407356
2025-11-15 23:30:00,47.741,45.942917
2025-11-16 00:30:00,29.486,40.64206
2025-11-16 01:30:00,35.552,40.087254
2025-11-16 02:30:00,34.153,40.11377
2025-11-16 03:30:00,37.895,40.5328
2025-11-16 04:30:00,46.167,41.60218
2025-11-16 05:30:00,39.201,45.34559
2025-11-16 06:30:00,56.782,51.958668
2025-11-16 07:30:00,69.037,62.14806
2025-11-16 08:30:00,71.873,67.13377
2025-11-16 09:30:00,67.919,65.86563
2025-11-16 10:30:00,64.94,61.46367
2025-11-16 11:30:00,57.576,57.496914
2025-11-16 12:30:00,57.739,55.32029
2025-11-16 13:30:00,54.666,55.008724
2025-11-16 14:30:00,51.06,55.583942
2025-11-16 15:30:00,59.131,56.488865
2025-11-16 16:30:00,66.021,59.022205
2025-11-16 17:30:00,61.033,63.99193
2025-11-16 18:30:00,70.726,70.145874
2025-11-16 19:30:00,79.599,80.55004
2025-11-16 20:30:00,76.506,83.40004
2025-11-16 21:30:00,71.682,75.412445
2025-11-16 22:30:00,62.85699999999999,62.59322
2025-11-16 23:30:00,49.444,47.42738
2025-11-17 00:30:00,41.793,41.64512
2025-11-17 01:30:00,42.324,41.24835
2025-11-17 02:30:00,42.245,41.675537
2025-11-17 03:30:00,40.666,42.659237
2025-11-17 04:30:00,46.836,44.846275
2025-11-17 05:30:00,68.628,52.20439
2025-11-17 06:30:00,57.192,61.453
2025-11-17 07:30:00,73.111,73.124794
2025-11-17 08:30:00,75.654,79.12982
2025-11-17 09:30:00,78.105,77.27854
2025-11-17 10:30:00,68.419,71.718216
2025-11-17 11:30:00,64.29,65.88094
2025-11-17 12:30:00,61.811,62.05214
2025-11-17 13:30:00,61.452,60.330738
2025-11-17 14:30:00,63.38400000000001,60.500786
2025-11-17 15:30:00,65.513,62.607353
2025-11-17 16:30:00,65.077,66.49162
2025-11-17 17:30:00,70.9,72.04775
2025-11-17 18:30:00,78.62,78.33863
2025-11-17 19:30:00,83.129,88.66927
2025-11-17 20:30:00,92.488,90.50454
2025-11-17 21:30:00,80.09,82.177826
2025-11-17 22:30:00,68.012,68.673225
2025-11-17 23:30:00,53.424,52.933582
2025-11-18 00:30:00,39.201,44.355114
2025-11-18 01:30:00,39.932,43.59587
2025-11-18 02:30:00,44.446,44.01701
2025-11-18 03:30:00,44.556,45.115314
2025-11-18 04:30:00,45.841,47.478188
2025-11-18 05:30:00,55.047,54.214653
2025-11-18 06:30:00,71.594,62.553883
2025-11-18 07:30:00,74.705,74.27201
2025-11-18 08:30:00,83.032,79.18057
2025-11-18 09:30:00,78.513,76.74101
2025-11-18 10:30:00,72.13,70.781456
2025-11-18 11:30:00,58.095,65.237076
2025-11-18 12:30:00,52.243,61.438244
2025-11-18 13:30:00,54.514,59.478672
2025-11-18 14:30:00,60.284,59.832726
2025-11-18 15:30:00,68.077,62.242374
2025-11-18 16:30:00,66.402,66.87999
2025-11-18 17:30:00,70.067,72.65459
2025-11-18 18:30:00,82.829,78.69259
2025-11-18 19:30:00,91.829,88.73889
2025-11-18 20:30:00,88.682,90.74771
2025-11-18 21:30:00,87.127,81.998474
2025-11-18 22:30:00,73.838,68.749214
2025-11-18 23:30:00,64.67,53.1484
2025-11-19 00:30:00,42.312,44.66134
2025-11-19 01:30:00,49.049,43.62834
2025-11-19 02:30:00,42.136,43.995842
2025-11-19 03:30:00,52.37,45.278633
2025-11-19 04:30:00,44.098,48.102455
2025-11-19 05:30:00,53.679,54.359962
2025-11-19 06:30:00,62.204,62.21508
2025-11-19 07:30:00,77.798,73.46203
2025-11-19 08:30:00,83.209,78.23927
2025-11-19 09:30:00,72.17,75.7017
2025-11-19 10:30:00,67.393,69.85308
2025-11-19 11:30:00,70.933,65.25563
2025-11-19 12:30:00,85.72,63.27273
2025-11-19 13:30:00,65.859,64.40307
2025-11-19 14:30:00,58.693,65.8645
2025-11-19 15:30:00,61.705,67.65615
2025-11-19 16:30:00,61.529,71.064476
2025-11-19 17:30:00,73.215,76.09406
2025-11-19 18:30:00,82.427,82.55364
2025-11-19 19:30:00,94.147,92.916084
2025-11-19 20:30:00,89.074,93.961494
2025-11-19 21:30:00,87.077,83.0182
2025-11-19 22:30:00,70.753,68.86934
2025-11-19 23:30:00,48.659,52.85189
2025-11-20 00:30:00,43.999,44.225735
2025-11-20 01:30:00,47.273,43.088966
2025-11-20 02:30:00,48.568,43.265488
2025-11-20 03:30:00,43.581,44.40234
2025-11-20 04:30:00,48.504,47.08869
2025-11-20 05:30:00,52.718,54.220306
2025-11-20 06:30:00,57.631,62.960373
2025-11-20 07:30:00,68.076,74.78153
2025-11-20 08:30:00,77.669,79.46466
2025-11-20 09:30:00,74.994,76.37637
2025-11-20 10:30:00,68.878,70.378716
2025-11-20 11:30:00,61.448,66.14454
2025-11-20 12:30:00,61.938,64.31495
2025-11-20 13:30:00,57.916,64.101456
2025-11-20 14:30:00,67.572,64.22359
2025-11-20 15:30:00,56.196,65.60219
2025-11-20 16:30:00,63.849,67.980995
2025-11-20 17:30:00,70.069,72.6549
2025-11-20 18:30:00,79.984,79.36719
2025-11-20 19:30:00,87.321,90.808586
2025-11-20 20:30:00,87.862,93.14544
2025-11-20 21:30:00,86.158,83.334145
2025-11-20 22:30:00,70.057,68.68665
2025-11-20 23:30:00,58.538,52.164307
2025-11-21 00:30:00,36.639,42.853733
2025-11-21 01:30:00,48.923,41.755287
2025-11-21 02:30:00,43.088,41.7006
2025-11-21 03:30:00,33.427,42.193203
2025-11-21 04:30:00,46.718,43.70042
2025-11-21 05:30:00,49.685,49.31745
2025-11-21 06:30:00,57.177,57.829586
2025-11-21 07:30:00,77.125,69.469765
2025-11-21 08:30:00,103.162,74.78633
2025-11-21 09:30:00,77.176,74.89215
2025-11-21 10:30:00,69.1,70.44826
2025-11-21 11:30:00,65.679,66.351105
2025-11-21 12:30:00,56.973,64.080826
2025-11-21 13:30:00,81.104,62.905895
2025-11-21 14:30:00,66.731,64.38
2025-11-21 15:30:00,66.206,66.44272
2025-11-21 16:30:00,61.269,69.549255
2025-11-21 17:30:00,71.875,74.20466
2025-11-21 18:30:00,76.872,80.77213
2025-11-21 19:30:00,91.202,91.54538
2025-11-21 20:30:00,90.876,93.97901
2025-11-21 21:30:00,82.585,84.71289
2025-11-21 22:30:00,72.33,69.645424
2025-11-21 23:30:00,54.947,52.101242
2025-11-22 00:30:00,34.791,42.194233
2025-11-22 01:30:00,39.225,40.982323
2025-11-22 02:30:00,33.161,40.843136
2025-11-22 03:30:00,37.788,41.11152
2025-11-22 04:30:00,35.211,41.816467
2025-11-22 05:30:00,40.434,44.776962
2025-11-22 06:30:00,57.99,51.74303
2025-11-22 07:30:00,62.929,63.48242
2025-11-22 08:30:00,67.904,68.744644
2025-11-22 09:30:00,70.779,67.046295
2025-11-22 10:30:00,66.306,61.854355
2025-11-22 11:30:00,56.242,57.905876
2025-11-22 12:30:00,57.424,55.698105
2025-11-22 13:30:00,52.32,54.94635
2025-11-22 14:30:00,54.961,55.581097
2025-11-22 15:30:00,55.084,57.100445
2025-11-22 16:30:00,58.395,59.766888
2025-11-22 17:30:00,66.085,64.18369
2025-11-22 18:30:00,65.913,70.42769
2025-11-22 19:30:00,76.53,79.963104
2025-11-22 20:30:00,80.466,81.98778
2025-11-22 21:30:00,71.833,73.832985
2025-11-22 22:30:00,63.214,61.098785
2025-11-22 23:30:00,51.222,45.9487
2025-11-23 00:30:00,37.666,40.639305
2025-11-23 01:30:00,36.521,40.13893
2025-11-23 02:30:00,43.023,40.211555
2025-11-23 03:30:00,39.65,40.721428
2025-11-23 04:30:00,40.051,41.85273
2025-11-23 05:30:00,45.399,45.679573
2025-11-23 06:30:00,56.444,53.170197
2025-11-23 07:30:00,64.965,64.23242
2025-11-23 08:30:00,67.109,69.515305
2025-11-23 09:30:00,73.744,67.578186
2025-11-23 10:30:00,62.211,62.86622
2025-11-23 11:30:00,51.329,58.194378
2025-11-23 12:30:00,47.496,54.770927
2025-11-23 13:30:00,56.662,52.999157
2025-11-23 14:30:00,59.509,53.372807
2025-11-23 15:30:00,57.48,55.181995
2025-11-23 16:30:00,60.139,58.13205
2025-11-23 17:30:00,65.197,63.15755
2025-11-23 18:30:00,71.217,69.86628
2025-11-23 19:30:00,73.854,80.694176
2025-11-23 20:30:00,79.765,83.83569
2025-11-23 21:30:00,78.054,76.6853
2025-11-23 22:30:00,64.528,64.10047
2025-11-23 23:30:00,49.825,48.706665
2025-11-24 00:30:00,40.677,41.816322
2025-11-24 01:30:00,43.679,41.38157
2025-11-24 02:30:00,42.258,41.78652
2025-11-24 03:30:00,43.804,42.756966
2025-11-24 04:30:00,46.456,45.118908
2025-11-24 05:30:00,48.521,52.346073
2025-11-24 06:30:00,63.924,59.944397
2025-11-24 07:30:00,72.281,71.18626
2025-11-24 08:30:00,81.051,76.85539
2025-11-24 09:30:00,76.505,75.62907
2025-11-24 10:30:00,87.808,70.55933
2025-11-24 11:30:00,64.811,66.474655
2025-11-24 12:30:00,62.621,63.17233
2025-11-24 13:30:00,62.94800000000001,61.824673
2025-11-24 14:30:00,69.533,62.21039
2025-11-24 15:30:00,62.411,64.61718
2025-11-24 16:30:00,65.561,67.880844
2025-11-24 17:30:00,71.252,72.78361
2025-11-24 18:30:00,73.495,78.91302
2025-11-24 19:30:00,90.516,88.908195
2025-11-24 20:30:00,96.631,91.44369
2025-11-24 21:30:00,87.048,83.8231
2025-11-24 22:30:00,76.058,70.55371
2025-11-24 23:30:00,60.033,54.807182
2025-11-25 00:30:00,44.25,45.182426
2025-11-25 01:30:00,46.178,44.19212
2025-11-25 02:30:00,44.819,44.757954
2025-11-25 03:30:00,43.276,46.565624
2025-11-25 04:30:00,45.752,49.133106
2025-11-25 05:30:00,43.109,55.109856
2025-11-25 06:30:00,66.634,62.260494
2025-11-25 07:30:00,71.65,73.6771
2025-11-25 08:30:00,74.651,79.06693
2025-11-25 09:30:00,74.537,76.560265
2025-11-25 10:30:00,74.72,70.78344
2025-11-25 11:30:00,63.162,66.70111
2025-11-25 12:30:00,62.094,63.80876
2025-11-25 13:30:00,68.951,62.70401
2025-11-25 14:30:00,65.163,63.164577
2025-11-25 15:30:00,61.557,65.05198
2025-11-25 16:30:00,84.194,68.03587
2025-11-25 17:30:00,72.676,74.32962
2025-11-25 18:30:00,77.783,81.44337
2025-11-25 19:30:00,92.233,92.18117
2025-11-25 20:30:00,92.586,94.27161
2025-11-25 21:30:00,86.328,84.62919
2025-11-25 22:30:00,73.543,70.15665
2025-11-25 23:30:00,50.799,53.964138
2025-11-26 00:30:00,42.527,44.914917
2025-11-26 01:30:00,42.517,43.746204
2025-11-26 02:30:00,44.07,43.98363
2025-11-26 03:30:00,45.589,44.987732
2025-11-26 04:30:00,46.229,47.27619
2025-11-26 05:30:00,48.547,52.76247
2025-11-26 06:30:00,56.553,60.55658
2025-11-26 07:30:00,66.375,71.69805
2025-11-26 08:30:00,78.658,76.549805
2025-11-26 09:30:00,77.662,74.04895
2025-11-26 10:30:00,67.373,68.87643
2025-11-26 11:30:00,65.818,64.62396
2025-11-26 12:30:00,60.794,62.57077
2025-11-26 13:30:00,61.349,61.81411
2025-11-26 14:30:00,57.206,62.259785
2025-11-26 15:30:00,61.014,63.07524
2025-11-26 16:30:00,67.62,65.509834
2025-11-26 17:30:00,75.172,70.97626
2025-11-26 18:30:00,79.038,78.45412
2025-11-26 19:30:00,92.514,90.119194
2025-11-26 20:30:00,97.279,93.046776
2025-11-26 21:30:00,81.215,84.09456
2025-11-26 22:30:00,71.12,68.98241
2025-11-26 23:30:00,57.154,52.653698
2025-11-27 00:30:00,45.485,43.771835
2025-11-27 01:30:00,39.33,42.71249
2025-11-27 02:30:00,43.76,42.83777
2025-11-27 03:30:00,42.432,43.514744
2025-11-27 04:30:00,46.762,45.59567
2025-11-27 05:30:00,54.776,52.23609
2025-11-27 06:30:00,65.313,61.30461
2025-11-27 07:30:00,75.366,74.09271
2025-11-27 08:30:00,74.37,80.30364
2025-11-27 09:30:00,74.164,77.82881
2025-11-27 10:30:00,72.092,72.04636
2025-11-27 11:30:00,65.027,67.43157
2025-11-27 12:30:00,60.275,65.13464
2025-11-27 13:30:00,58.441,64.13018
2025-11-27 14:30:00,48.566,63.811195
2025-11-27 15:30:00,56.986,63.6856
2025-11-27 16:30:00,62.96000000000001,65.65633
2025-11-27 17:30:00,68.847,70.63532
2025-11-27 18:30:00,80.907,78.12553
2025-11-27 19:30:00,91.523,90.470276
2025-11-27 20:30:00,100.47,93.84402
2025-11-27 21:30:00,82.208,85.457344
2025-11-27 22:30:00,63.806000000000004,69.76177
2025-11-27 23:30:00,53.859,52.602634
2025-11-28 00:30:00,48.091,42.89043
2025-11-28 01:30:00,42.537,41.785603
2025-11-28 02:30:00,46.403,41.6457
2025-11-28 03:30:00,41.626,42.07486
2025-11-28 04:30:00,43.826,43.663166
2025-11-28 05:30:00,44.66,49.74367
2025-11-28 06:30:00,59.271,58.17262
2025-11-28 07:30:00,72.034,70.35762
2025-11-28 08:30:00,81.23,75.7007
2025-11-28 09:30:00,77.783,73.59903
2025-11-28 10:30:00,75.525,68.37581
2025-11-28 11:30:00,62.372,64.47837
2025-11-28 12:30:00,62.044,61.99682
2025-11-28 13:30:00,61.594,61.45706
2025-11-28 14:30:00,59.807,61.742783
2025-11-28 15:30:00,64.0,62.827477
2025-11-28 16:30:00,63.044999999999995,66.04938
2025-11-28 17:30:00,75.871,71.474304
2025-11-28 18:30:00,76.76,79.044525
2025-11-28 19:30:00,88.172,90.51995
2025-11-28 20:30:00,87.894,93.15023
2025-11-28 21:30:00,85.561,83.780624
2025-11-28 22:30:00,65.291,68.43522
2025-11-28 23:30:00,56.505,50.513992
2025-11-29 00:30:00,32.724,41.670265
2025-11-29 01:30:00,33.874,40.668118
2025-11-29 02:30:00,35.126,40.41717
2025-11-29 03:30:00,41.061,40.626564
2025-11-29 04:30:00,39.953,41.27296
2025-11-29 05:30:00,44.499,43.910065
2025-11-29 06:30:00,55.637,50.853287
2025-11-29 07:30:00,61.853,62.902454
2025-11-29 08:30:00,63.28099999999999,68.72579
2025-11-29 09:30:00,64.012,67.082
2025-11-29 10:30:00,60.051,61.779408
2025-11-29 11:30:00,55.481,57.0432
2025-11-29 12:30:00,55.807,53.67256
2025-11-29 13:30:00,53.743,52.283344
2025-11-29 14:30:00,58.33,52.63998
2025-11-29 15:30:00,56.687,55.4197
2025-11-29 16:30:00,52.589,60.174812
2025-11-29 17:30:00,53.684,65.04528
2025-11-29 18:30:00,67.444,69.14546
2025-11-29 19:30:00,80.0,76.728615
2025-11-29 20:30:00,83.259,78.28192
2025-11-29 21:30:00,74.642,71.0887
2025-11-29 22:30:00,62.63,59.96754
2025-11-29 23:30:00,54.85,45.57065
2025-11-30 00:30:00,37.249,40.56859
2025-11-30 01:30:00,38.874,40.093117
2025-11-30 02:30:00,43.605,40.1939
2025-11-30 03:30:00,32.263,40.72279
2025-11-30 04:30:00,46.276,42.301373
2025-11-30 05:30:00,35.947,46.038498
2025-11-30 06:30:00,50.805,51.781403
2025-11-30 07:30:00,62.293,61.25593
2025-11-30 08:30:00,64.56,66.53422
2025-11-30 09:30:00,67.344,65.43326
2025-11-30 10:30:00,60.762,61.507122
2025-11-30 11:30:00,58.234,57.102676
2025-11-30 12:30:00,56.598,54.554882
2025-11-30 13:30:00,55.294,53.730637
2025-11-30 14:30:00,59.428,54.419933
2025-11-30 15:30:00,58.454,56.807842
2025-11-30 16:30:00,56.745,60.658165
2025-11-30 17:30:00,62.968999999999994,65.34362
2025-11-30 18:30:00,68.562,70.60067
2025-11-30 19:30:00,100.272,79.68749
2025-11-30 20:30:00,83.262,83.738266
2025-11-30 21:30:00,69.562,76.23433
2025-11-30 22:30:00,61.435,62.990185
2025-11-30 23:30:00,42.103,47.350346
2025-12-01 00:30:00,42.448,41.569653
2025-12-01 01:30:00,40.159,41.183414
2025-12-01 02:30:00,45.107,41.56188
2025-12-01 03:30:00,43.027,42.49528
2025-12-01 04:30:00,45.227,44.39415
2025-12-01 05:30:00,51.03,51.23586
2025-12-01 06:30:00,58.697,59.520786
2025-12-01 07:30:00,70.371,71.1043
2025-12-01 08:30:00,76.564,77.25867
2025-12-01 09:30:00,75.381,75.9873
2025-12-01 10:30:00,66.62,70.98588
2025-12-01 11:30:00,64.487,65.675285
2025-12-01 12:30:00,55.001,62.387814
2025-12-01 13:30:00,56.402,60.591755
2025-12-01 14:30:00,68.849,60.831215
2025-12-01 15:30:00,61.046,64.02883
2025-12-01 16:30:00,61.21,67.98983
2025-12-01 17:30:00,70.172,72.45413
2025-12-01 18:30:00,82.545,77.42364
2025-12-01 19:30:00,92.014,86.945526
2025-12-01 20:30:00,90.071,89.43163
2025-12-01 21:30:00,83.028,80.578186
2025-12-01 22:30:00,69.098,67.11436
2025-12-01 23:30:00,57.768,51.481365
2025-12-02 00:30:00,42.062,43.82591
2025-12-02 01:30:00,39.223,43.447495
2025-12-02 02:30:00,41.071,43.915684
2025-12-02 03:30:00,42.551,44.964474
2025-12-02 04:30:00,50.542,46.897884
2025-12-02 05:30:00,49.931,53.633472
2025-12-02 06:30:00,72.14,61.657963
2025-12-02 07:30:00,71.569,73.81886
2025-12-02 08:30:00,73.257,78.77271
2025-12-02 09:30:00,77.697,76.16884
2025-12-02 10:30:00,72.554,70.44239
2025-12-02 11:30:00,64.845,65.20923
2025-12-02 12:30:00,62.175,62.026814
2025-12-02 13:30:00,60.68,60.853226
2025-12-02 14:30:00,61.825,62.00379
2025-12-02 15:30:00,55.471,65.30563
2025-12-02 16:30:00,68.772,68.9557
2025-12-02 17:30:00,69.982,74.25525
2025-12-02 18:30:00,84.678,79.83538
2025-12-02 19:30:00,88.449,89.78115
2025-12-02 20:30:00,93.023,90.984314
2025-12-02 21:30:00,89.728,81.57801
2025-12-02 22:30:00,75.509,68.23754
2025-12-02 23:30:00,60.181,52.577503
2025-12-03 00:30:00,35.878,44.44528
2025-12-03 01:30:00,38.456,43.43538
2025-12-03 02:30:00,45.808,43.651276
2025-12-03 03:30:00,41.589,44.44938
2025-12-03 04:30:00,46.258,46.54107
2025-12-03 05:30:00,51.914,52.698486
2025-12-03 06:30:00,62.071,61.114174
2025-12-03 07:30:00,69.498,73.40239
2025-12-03 08:30:00,83.747,79.02203
2025-12-03 09:30:00,75.767,77.52633
2025-12-03 10:30:00,71.848,71.46973
2025-12-03 11:30:00,62.956999999999994,65.03906
2025-12-03 12:30:00,68.737,60.72666
2025-12-03 13:30:00,67.849,59.714897
2025-12-03 14:30:00,71.199,60.77518
2025-12-03 15:30:00,70.292,64.07131
2025-12-03 16:30:00,65.947,68.52056
2025-12-03 17:30:00,69.776,74.09421
2025-12-03 18:30:00,76.947,80.12581
2025-12-03 19:30:00,91.499,90.501236
2025-12-03 20:30:00,93.466,93.107864
2025-12-03 21:30:00,85.341,84.87729
2025-12-03 22:30:00,68.056,70.48118
2025-12-03 23:30:00,58.659,53.7638
2025-12-04 00:30:00,41.285,44.375782
2025-12-04 01:30:00,41.485,43.015514
2025-12-04 02:30:00,44.213,43.07902
2025-12-04 03:30:00,44.059,43.883167
2025-12-04 04:30:00,41.31,46.77769
2025-12-04 05:30:00,48.771,54.233387
2025-12-04 06:30:00,63.191,62.26072
2025-12-04 07:30:00,72.733,74.161514
2025-12-04 08:30:00,72.15,79.496506
2025-12-04 09:30:00,78.265,77.33499
2025-12-04 10:30:00,68.397,71.9283
2025-12-04 11:30:00,60.095,66.92871
2025-12-04 12:30:00,60.355,63.764072
2025-12-04 13:30:00,63.348,62.429756
2025-12-04 14:30:00,54.509,62.859776
2025-12-04 15:30:00,64.139,64.183525
2025-12-04 16:30:00,68.762,67.780624
2025-12-04 17:30:00,74.292,73.394936
2025-12-04 18:30:00,84.806,80.41052
2025-12-04 19:30:00,87.889,91.68636
2025-12-04 20:30:00,97.106,93.39575
2025-12-04 21:30:00,86.571,84.04474
2025-12-04 22:30:00,68.126,69.34457
2025-12-04 23:30:00,59.037,52.65464
2025-12-05 00:30:00,44.136,43.156036
2025-12-05 01:30:00,48.48,41.9531
2025-12-05 02:30:00,47.669,41.956917
2025-12-05 03:30:00,41.728,42.650158
2025-12-05 04:30:00,47.263,44.710445
2025-12-05 05:30:00,52.428,51.39171
2025-12-05 06:30:00,62.034,60.415863
2025-12-05 07:30:00,71.836,73.129135
2025-12-05 08:30:00,85.408,78.67176
2025-12-05 09:30:00,73.797,76.55223
2025-12-05 10:30:00,74.402,70.46266
2025-12-05 11:30:00,57.924,65.428894
2025-12-05 12:30:00,59.86,61.781918
2025-12-05 13:30:00,64.325,60.711327
2025-12-05 14:30:00,58.555,61.831146
2025-12-05 15:30:00,59.993,64.009125
2025-12-05 16:30:00,66.444,67.612755
2025-12-05 17:30:00,64.765,73.14887
2025-12-05 18:30:00,84.344,79.30425
2025-12-05 19:30:00,95.437,90.631
2025-12-05 20:30:00,98.429,93.63125
2025-12-05 21:30:00,86.35,85.37047
2025-12-05 22:30:00,69.175,70.15451
2025-12-05 23:30:00,55.737,52.195305
2025-12-06 00:30:00,38.216,42.080418
2025-12-06 01:30:00,38.067,40.882343
2025-12-06 02:30:00,36.703,40.701084
2025-12-06 03:30:00,44.195,40.968616
2025-12-06 04:30:00,39.496,41.693344
2025-12-06 05:30:00,49.966,45.013012
2025-12-06 06:30:00,53.97,52.885155
2025-12-06 07:30:00,64.087,64.83984
2025-12-06 08:30:00,71.245,70.18891
2025-12-06 09:30:00,68.488,68.70835
2025-12-06 10:30:00,59.835,63.53754
2025-12-06 11:30:00,57.338,59.08648
2025-12-06 12:30:00,56.258,56.57616
2025-12-06 13:30:00,60.037,56.119484
2025-12-06 14:30:00,55.02,56.932167
2025-12-06 15:30:00,52.325,58.540447
2025-12-06 16:30:00,79.753,61.00367
2025-12-06 17:30:00,70.404,66.95545
2025-12-06 18:30:00,64.179,74.0837
2025-12-06 19:30:00,75.397,83.99726
2025-12-06 20:30:00,82.446,84.90068
2025-12-06 21:30:00,73.448,75.44628
2025-12-06 22:30:00,65.647,62.01032
2025-12-06 23:30:00,53.371,46.176407
2025-12-07 00:30:00,35.917,40.7742
2025-12-07 01:30:00,43.491,40.265987
2025-12-07 02:30:00,34.743,40.37347
2025-12-07 03:30:00,36.619,40.946808
2025-12-07 04:30:00,60.222,41.955635
2025-12-07 05:30:00,40.921,46.8028
2025-12-07 06:30:00,55.085,55.20824
2025-12-07 07:30:00,69.201,65.88365
2025-12-07 08:30:00,59.955,71.1368
2025-12-07 09:30:00,65.539,68.13109
2025-12-07 10:30:00,63.65800000000001,62.256042
2025-12-07 11:30:00,54.416,57.82906
2025-12-07 12:30:00,54.059,55.45989
2025-12-07 13:30:00,54.909,54.75328
2025-12-07 14:30:00,55.865,55.185455
2025-12-07 15:30:00,52.237,56.61378
2025-12-07 16:30:00,59.252,58.91319
2025-12-07 17:30:00,63.26,63.701664
2025-12-07 18:30:00,66.906,69.81373
2025-12-07 19:30:00,77.964,79.60317
2025-12-07 20:30:00,77.285,82.58898
2025-12-07 21:30:00,76.208,75.366325
2025-12-07 22:30:00,64.499,63.14256
2025-12-07 23:30:00,51.553,48.14528
2025-12-08 00:30:00,44.866,41.87126
2025-12-08 01:30:00,62.995999999999995,41.501503
2025-12-08 02:30:00,46.536,42.14393
2025-12-08 03:30:00,44.097,43.28828
2025-12-08 04:30:00,48.938,46.89922
2025-12-08 05:30:00,47.201,54.70818
2025-12-08 06:30:00,56.238,61.604004
2025-12-08 07:30:00,72.48,71.05973
2025-12-08 08:30:00,80.232,75.42183
2025-12-08 09:30:00,74.85,72.7901
2025-12-08 10:30:00,70.803,67.88942
2025-12-08 11:30:00,63.995,64.320656
2025-12-08 12:30:00,54.024,62.344048
2025-12-08 13:30:00,69.781,61.12281
2025-12-08 14:30:00,57.834,61.52119
2025-12-08 15:30:00,59.259,62.717186
2025-12-08 16:30:00,68.033,65.28481
2025-12-08 17:30:00,70.507,70.85448
2025-12-08 18:30:00,77.471,78.56307
2025-12-08 19:30:00,88.468,89.91074
2025-12-08 20:30:00,90.024,91.95981
2025-12-08 21:30:00,82.529,82.39248
2025-12-08 22:30:00,73.62,68.6731
2025-12-08 23:30:00,55.447,53.255634
2025-12-09 00:30:00,38.65,44.425335
2025-12-09 01:30:00,40.201,43.782177
2025-12-09 02:30:00,42.77,44.32288
2025-12-09 03:30:00,41.433,45.77632
2025-12-09 04:30:00,45.004,48.14101
2025-12-09 05:30:00,66.493,53.103798
2025-12-09 06:30:00,59.313,61.545013
2025-12-09 07:30:00,69.309,72.724945
2025-12-09 08:30:00,75.992,78.05687
2025-12-09 09:30:00,80.691,75.19693
2025-12-09 10:30:00,76.182,69.59452
2025-12-09 11:30:00,63.071999999999996,65.365906
2025-12-09 12:30:00,63.732000000000006,63.001892
2025-12-09 13:30:00,58.359,61.797535
2025-12-09 14:30:00,60.174,61.96024
2025-12-09 15:30:00,64.141,63.50493
2025-12-09 16:30:00,56.413,67.07544
2025-12-09 17:30:00,73.517,71.97174
2025-12-09 18:30:00,91.961,78.89267
2025-12-09 19:30:00,86.476,90.89044
2025-12-09 20:30:00,94.479,92.96671
2025-12-09 21:30:00,90.377,83.51607
2025-12-09 22:30:00,69.744,69.48325
2025-12-09 23:30:00,58.264,53.397755
2025-12-10 00:30:00,43.956,44.741177
2025-12-10 01:30:00,43.62,43.693302
2025-12-10 02:30:00,39.692,43.977917
2025-12-10 03:30:00,44.647,44.97651
2025-12-10 04:30:00,46.489,47.18151
2025-12-10 05:30:00,41.614,52.541325
2025-12-10 06:30:00,63.76599999999999,60.075077
2025-12-10 07:30:00,66.567,71.01783
2025-12-10 08:30:00,78.285,75.45886
2025-12-10 09:30:00,81.131,72.92339
2025-12-10 10:30:00,67.716,68.24265
2025-12-10 11:30:00,59.249,64.12706
2025-12-10 12:30:00,63.152,61.684227
2025-12-10 13:30:00,66.555,61.084652
2025-12-10 14:30:00,58.359,62.037506
2025-12-10 15:30:00,54.307,63.65656
2025-12-10 16:30:00,68.149,66.37297
2025-12-10 17:30:00,73.2,71.691635
2025-12-10 18:30:00,81.151,79.273705
2025-12-10 19:30:00,83.344,91.03596
2025-12-10 20:30:00,94.666,91.8861
2025-12-10 21:30:00,88.431,81.799675
2025-12-10 22:30:00,77.938,67.7411
2025-12-10 23:30:00,55.957,52.12737
2025-12-11 00:30:00,42.946,43.684643
2025-12-11 01:30:00,35.515,42.729443
2025-12-11 02:30:00,47.066,42.863735
2025-12-11 03:30:00,47.772,43.514267
2025-12-11 04:30:00,47.867,45.75224
2025-12-11 05:30:00,55.859,52.487732
2025-12-11 06:30:00,58.305,61.457996
2025-12-11 07:30:00,71.081,73.68449
2025-12-11 08:30:00,77.209,79.13206
2025-12-11 09:30:00,79.666,76.60019
2025-12-11 10:30:00,72.496,71.30613
2025-12-11 11:30:00,64.022,66.88095
2025-12-11 12:30:00,62.123,64.407135
2025-12-11 13:30:00,63.577,63.738968
2025-12-11 14:30:00,61.062,64.156
2025-12-11 15:30:00,67.332,65.0045
2025-12-11 16:30:00,62.428,67.522606
2025-12-11 17:30:00,72.056,72.50976
2025-12-11 18:30:00,78.168,80.30855
2025-12-11 19:30:00,93.55,92.55968
2025-12-11 20:30:00,92.804,95.480034
2025-12-11 21:30:00,92.823,86.08691
2025-12-11 22:30:00,70.9,70.93787
2025-12-11 23:30:00,61.02,54.06592
2025-12-12 00:30:00,40.735,43.615524
2025-12-12 01:30:00,42.365,42.156487
2025-12-12 02:30:00,43.687,42.07352
2025-12-12 03:30:00,45.666,42.607582
2025-12-12 04:30:00,43.739,44.578053
2025-12-12 05:30:00,49.508,50.7129
2025-12-12 06:30:00,61.221,59.473404
2025-12-12 07:30:00,73.265,71.58117
2025-12-12 08:30:00,77.709,77.019394
2025-12-12 09:30:00,75.191,74.74904
2025-12-12 10:30:00,63.924,69.57736
2025-12-12 11:30:00,64.662,64.97595
2025-12-12 12:30:00,64.145,62.765854
2025-12-12 13:30:00,65.013,62.297123
2025-12-12 14:30:00,62.765,62.6079
2025-12-12 15:30:00,60.454,63.910557
2025-12-12 16:30:00,62.882999999999996,66.41299
2025-12-12 17:30:00,70.757,71.16615
2025-12-12 18:30:00,79.722,78.63382
2025-12-12 19:30:00,86.66,90.491264
2025-12-12 20:30:00,86.649,92.77412
2025-12-12 21:30:00,82.766,82.76954
2025-12-12 22:30:00,69.354,67.72373
2025-12-12 23:30:00,57.981,50.288525
2025-12-13 00:30:00,35.732,41.76941
2025-12-13 01:30:00,36.827,40.779625
2025-12-13 02:30:00,38.581,40.556286
2025-12-13 03:30:00,44.389,40.85352
2025-12-13 04:30:00,40.108,41.582382
2025-12-13 05:30:00,39.924,44.857155
2025-12-13 06:30:00,51.128,51.673233
2025-12-13 07:30:00,68.733,62.402855
2025-12-13 08:30:00,73.515,67.754234
2025-12-13 09:30:00,70.009,66.31227
2025-12-13 10:30:00,62.797,61.87408
2025-12-13 11:30:00,57.857,58.069508
2025-12-13 12:30:00,53.015,56.284843
2025-12-13 13:30:00,57.287,55.57441
2025-12-13 14:30:00,57.942,55.888702
2025-12-13 15:30:00,58.014,57.09451
2025-12-13 16:30:00,54.233,59.717896
2025-12-13 17:30:00,60.689,64.613266
2025-12-13 18:30:00,68.055,71.88646
2025-12-13 19:30:00,82.49,82.40839
2025-12-13 20:30:00,82.665,84.01485
2025-12-13 21:30:00,76.173,74.48476
2025-12-13 22:30:00,64.146,61.11442
2025-12-13 23:30:00,45.324,45.672802
2025-12-14 00:30:00,40.356,40.56604
2025-12-14 01:30:00,35.803,40.112625
2025-12-14 02:30:00,36.472,40.21948
2025-12-14 03:30:00,35.718,40.75004
2025-12-14 04:30:00,40.672,41.7483
2025-12-14 05:30:00,44.83,45.25826
2025-12-14 06:30:00,48.649,52.27599
2025-12-14 07:30:00,56.209,62.15078
2025-12-14 08:30:00,67.787,66.540146
2025-12-14 09:30:00,69.57,64.485054
2025-12-14 10:30:00,62.85199999999999,60.129925
2025-12-14 11:30:00,58.863,56.918472
2025-12-14 12:30:00,53.159,55.50838
2025-12-14 13:30:00,53.013,54.96033
2025-12-14 14:30:00,54.382,54.985462
2025-12-14 15:30:00,57.874,55.839813
2025-12-14 16:30:00,61.973,58.284103
2025-12-14 17:30:00,60.249,63.435898
2025-12-14 18:30:00,69.396,70.74069
2025-12-14 19:30:00,79.151,81.72675
2025-12-14 20:30:00,80.762,84.02244
2025-12-14 21:30:00,72.879,75.133835
2025-12-14 22:30:00,61.794,62.19364
2025-12-14 23:30:00,47.57,46.85006
2025-12-15 00:30:00,44.975,41.564857
2025-12-15 01:30:00,48.168,41.29399
2025-12-15 02:30:00,42.546,41.833355
2025-12-15 03:30:00,50.134,42.848522
2025-12-15 04:30:00,45.932,45.63434
2025-12-15 05:30:00,49.164,52.9303
2025-12-15 06:30:00,63.385,60.70032
2025-12-15 07:30:00,67.775,71.335014
2025-12-15 08:30:00,80.02,76.11955
2025-12-15 09:30:00,76.708,74.07097
2025-12-15 10:30:00,67.157,69.16012
2025-12-15 11:30:00,61.128,64.9267
2025-12-15 12:30:00,58.14,62.59735
2025-12-15 13:30:00,65.259,61.363026
2025-12-15 14:30:00,61.46,61.52931
2025-12-15 15:30:00,63.654999999999994,62.430637
2025-12-15 16:30:00,63.971,65.11353
2025-12-15 17:30:00,69.897,70.10236
2025-12-15 18:30:00,81.456,77.46308
2025-12-15 19:30:00,92.085,89.37084
2025-12-15 20:30:00,93.882,92.24944
2025-12-15 21:30:00,85.085,83.26787
2025-12-15 22:30:00,67.539,69.383194
2025-12-15 23:30:00,55.627,53.551384
2025-12-16 00:30:00,41.87,44.44193
2025-12-16 01:30:00,43.364,43.811275
2025-12-16 02:30:00,60.327,44.370846
2025-12-16 03:30:00,46.202,46.458862
2025-12-16 04:30:00,47.109,49.837337
2025-12-16 05:30:00,49.301,55.562225
2025-12-16 06:30:00,57.7,62.880966
2025-12-16 07:30:00,91.662,73.38386
2025-12-16 08:30:00,73.564,80.57446
2025-12-16 09:30:00,74.631,78.094025
2025-12-16 10:30:00,67.942,71.12074
2025-12-16 11:30:00,66.125,64.46514
2025-12-16 12:30:00,62.85499999999999,61.15085
2025-12-16 13:30:00,66.334,60.296005
2025-12-16 14:30:00,62.632,61.631657
2025-12-16 15:30:00,59.377,64.10046
2025-12-16 16:30:00,71.347,67.741615
2025-12-16 17:30:00,70.222,73.62045
2025-12-16 18:30:00,75.479,80.40456
2025-12-16 19:30:00,91.434,91.290184
2025-12-16 20:30:00,87.913,94.02151
2025-12-16 21:30:00,85.291,84.72466
2025-12-16 22:30:00,69.363,70.2092
2025-12-16 23:30:00,59.241,53.642277
2025-12-17 00:30:00,45.93,44.8764
2025-12-17 01:30:00,41.948,43.67838
2025-12-17 02:30:00,42.094,43.893173
2025-12-17 03:30:00,46.784,44.870506
2025-12-17 04:30:00,43.383,47.06016
2025-12-17 05:30:00,51.526,52.88322
2025-12-17 06:30:00,63.10399999999999,60.498394
2025-12-17 07:30:00,70.124,71.77133
2025-12-17 08:30:00,77.723,77.46152
2025-12-17 09:30:00,76.172,74.87228
2025-12-17 10:30:00,73.227,69.28816
2025-12-17 11:30:00,58.677,64.81971
2025-12-17 12:30:00,60.673,62.024925
2025-12-17 13:30:00,66.387,61.167313
2025-12-17 14:30:00,65.639,61.84812
2025-12-17 15:30:00,61.601,63.750446
2025-12-17 16:30:00,63.76,67.0079
2025-12-17 17:30:00,72.319,72.700905
2025-12-17 18:30:00,82.261,80.462845
2025-12-17 19:30:00,95.597,91.86606
2025-12-17 20:30:00,97.812,93.32768
2025-12-17 21:30:00,81.072,82.778114
2025-12-17 22:30:00,65.76,68.02328
2025-12-17 23:30:00,55.836,51.833687
2025-12-18 00:30:00,36.458,43.598835
2025-12-18 01:30:00,48.034,42.69933
2025-12-18 02:30:00,38.633,42.90956
2025-12-18 03:30:00,43.498,43.620495
2025-12-18 04:30:00,43.432,45.78242
2025-12-18 05:30:00,46.147,51.989326
2025-12-18 06:30:00,65.685,60.234932
2025-12-18 07:30:00,70.236,72.30397
2025-12-18 08:30:00,84.568,77.67413
2025-12-18 09:30:00,80.738,75.85251
2025-12-18 10:30:00,68.559,70.57604
2025-12-18 11:30:00,55.577,65.9645
2025-12-18 12:30:00,60.004,62.813026
2025-12-18 13:30:00,69.65,61.958607
2025-12-18 14:30:00,63.738,62.66773
2025-12-18 15:30:00,61.98,64.13212
2025-12-18 16:30:00,61.869,66.50792
2025-12-18 17:30:00,73.664,71.13383
2025-12-18 18:30:00,81.49,78.86936
2025-12-18 19:30:00,91.053,91.7705
2025-12-18 20:30:00,97.028,95.4129
2025-12-18 21:30:00,89.133,86.605965
2025-12-18 22:30:00,72.514,70.85444
2025-12-18 23:30:00,52.012,53.85845
2025-12-19 00:30:00,39.503,43.414204
2025-12-19 01:30:00,41.282,41.986797
2025-12-19 02:30:00,43.738,41.888073
2025-12-19 03:30:00,49.791,42.28505
2025-12-19 04:30:00,53.666,44.240845
2025-12-19 05:30:00,53.073,51.17464
2025-12-19 06:30:00,63.654999999999994,60.46423
2025-12-19 07:30:00,66.665,73.417625
2025-12-19 08:30:00,76.357,78.3411
2025-12-19 09:30:00,73.883,75.64037
2025-12-19 10:30:00,66.341,69.46771
2025-12-19 11:30:00,64.94,64.31641
2025-12-19 12:30:00,59.616,61.926434
2025-12-19 13:30:00,55.016,61.45541
2025-12-19 14:30:00,65.189,61.726315
2025-12-19 15:30:00,66.778,63.08606
2025-12-19 16:30:00,65.019,65.87982
2025-12-19 17:30:00,69.512,70.55922
2025-12-19 18:30:00,76.471,77.57452
2025-12-19 19:30:00,86.48,89.3464
2025-12-19 20:30:00,95.994,92.44364
2025-12-19 21:30:00,81.675,84.33509
2025-12-19 22:30:00,76.777,69.09719
2025-12-19 23:30:00,59.366,51.86309
2025-12-20 00:30:00,37.36,42.098007
2025-12-20 01:30:00,45.992,40.898617
2025-12-20 02:30:00,41.54,40.72827
2025-12-20 03:30:00,36.752,41.112583
2025-12-20 04:30:00,36.926,42.077507
2025-12-20 05:30:00,43.981,45.3206
2025-12-20 06:30:00,53.544,51.905384
2025-12-20 07:30:00,60.179,62.51563
2025-12-20 08:30:00,64.56,66.94134
2025-12-20 09:30:00,67.545,64.87627
2025-12-20 10:30:00,63.45000000000001,60.447193
2025-12-20 11:30:00,61.863,57.154682
2025-12-20 12:30:00,54.12,56.01312
2025-12-20 13:30:00,56.36,55.73506
2025-12-20 14:30:00,48.292,56.29267
2025-12-20 15:30:00,58.063,57.044796
2025-12-20 16:30:00,52.798,59.42516
2025-12-20 17:30:00,62.814,63.224937
2025-12-20 18:30:00,70.006,69.160255
2025-12-20 19:30:00,78.029,79.13025
2025-12-20 20:30:00,76.273,81.58043
2025-12-20 21:30:00,71.998,73.6464
2025-12-20 22:30:00,58.702,60.966415
2025-12-20 23:30:00,48.136,45.927784
2025-12-21 00:30:00,41.51,40.63896
2025-12-21 01:30:00,36.865,40.16638
2025-12-21 02:30:00,36.249,40.261555
2025-12-21 03:30:00,41.473,40.73586
2025-12-21 04:30:00,42.047,41.838875
2025-12-21 05:30:00,52.611,45.367
2025-12-21 06:30:00,57.8,52.70653
2025-12-21 07:30:00,56.399,63.599525
2025-12-21 08:30:00,71.314,67.98128
2025-12-21 09:30:00,69.122,66.01586
2025-12-21 10:30:00,66.15,61.329258
2025-12-21 11:30:00,54.667,57.729046
2025-12-21 12:30:00,78.008,55.82547
2025-12-21 13:30:00,53.01,56.515503
2025-12-21 14:30:00,55.787,56.99698
2025-12-21 15:30:00,51.366,58.00787
2025-12-21 16:30:00,51.518,59.907692
2025-12-21 17:30:00,64.523,63.220634
2025-12-21 18:30:00,69.89,69.037125
2025-12-21 19:30:00,74.099,79.385086
2025-12-21 20:30:00,84.069,82.32679
2025-12-21 21:30:00,64.828,75.49176
2025-12-21 22:30:00,58.869,62.70205
2025-12-21 23:30:00,44.044,47.564316
2025-12-22 00:30:00,59.316,41.78183
2025-12-22 01:30:00,41.183,41.497852
2025-12-22 02:30:00,43.653,42.021023
2025-12-22 03:30:00,45.318,43.07948
2025-12-22 04:30:00,49.126,46.03922
2025-12-22 05:30:00,54.07,53.538376
2025-12-22 06:30:00,63.825,61.462162
2025-12-22 07:30:00,70.164,72.451935
2025-12-22 08:30:00,80.822,77.20529
2025-12-22 09:30:00,73.525,75.29999
2025-12-22 10:30:00,67.163,69.708725
2025-12-22 11:30:00,57.532,64.88761
2025-12-22 12:30:00,67.062,61.756916
2025-12-22 13:30:00,58.171,61.59147
2025-12-22 14:30:00,67.177,61.027016
2025-12-22 15:30:00,64.446,62.51106
2025-12-22 16:30:00,64.707,65.499756
2025-12-22 17:30:00,71.529,70.52113
2025-12-22 18:30:00,76.2,77.53222
2025-12-22 19:30:00,95.505,88.71056
2025-12-22 20:30:00,91.767,92.27809
2025-12-22 21:30:00,88.936,84.12524
2025-12-22 22:30:00,69.177,70.269936
2025-12-22 23:30:00,52.711,54.35583
2025-12-23 00:30:00,49.883,44.866886
2025-12-23 01:30:00,41.328,44.13101
2025-12-23 02:30:00,45.485,44.691402
2025-12-23 03:30:00,33.947,46.36394
2025-12-23 04:30:00,46.233,48.604267
2025-12-23 05:30:00,53.816,53.52039
2025-12-23 06:30:00,62.215,60.89485
2025-12-23 07:30:00,71.333,71.62144
2025-12-23 08:30:00,77.098,76.88182
2025-12-23 09:30:00,78.866,74.99677
2025-12-23 10:30:00,64.042,69.96783
2025-12-23 11:30:00,62.082,65.2437
2025-12-23 12:30:00,66.216,62.850777
2025-12-23 13:30:00,56.459,62.75253
2025-12-23 14:30:00,61.867,62.797092
2025-12-23 15:30:00,58.704,64.34068
2025-12-23 16:30:00,65.063,67.08044
2025-12-23 17:30:00,69.92,72.03181
2025-12-23 18:30:00,76.093,78.87055
2025-12-23 19:30:00,89.41,89.41535
2025-12-23 20:30:00,92.602,90.856476
2025-12-23 21:30:00,82.618,80.82996
2025-12-23 22:30:00,69.141,67.26118
2025-12-23 23:30:00,55.098,51.72736
2025-12-24 00:30:00,34.868,43.944412
2025-12-24 01:30:00,46.685,43.23433
2025-12-24 02:30:00,48.051,43.576374
2025-12-24 03:30:00,38.419,44.45896
2025-12-24 04:30:00,50.71,46.51166
2025-12-24 05:30:00,53.107,52.029953
2025-12-24 06:30:00,57.738,59.888214
2025-12-24 07:30:00,70.87,70.60669
2025-12-24 08:30:00,75.367,75.87001
2025-12-24 09:30:00,79.051,73.41082
2025-12-24 10:30:00,65.358,68.11456
2025-12-24 11:30:00,70.341,63.139923
2025-12-24 12:30:00,65.25,61.440742
2025-12-24 13:30:00,57.362,61.792263
2025-12-24 14:30:00,67.974,62.24247
2025-12-24 15:30:00,65.12,64.146355
2025-12-24 16:30:00,63.482000000000006,66.65211
2025-12-24 17:30:00,71.966,70.67911
2025-12-24 18:30:00,82.435,76.94528
2025-12-24 19:30:00,86.42,88.96342
2025-12-24 20:30:00,94.938,92.86699
2025-12-24 21:30:00,82.764,85.118126
2025-12-24 22:30:00,72.753,70.085915
2025-12-24 23:30:00,55.974,53.70942
2025-12-25 00:30:00,54.759,44.31824
2025-12-25 01:30:00,44.465,43.00715
2025-12-25 02:30:00,41.487,43.153465
2025-12-25 03:30:00,44.217,44.097015
2025-12-25 04:30:00,47.269,46.45677
2025-12-25 05:30:00,56.358,53.392242
2025-12-25 06:30:00,59.087,61.86972
2025-12-25 07:30:00,67.792,73.6992
2025-12-25 08:30:00,83.597,78.98904
2025-12-25 09:30:00,75.83,77.20913
2025-12-25 10:30:00,66.662,71.99998
2025-12-25 11:30:00,64.179,67.22024
2025-12-25 12:30:00,59.992,64.87134
2025-12-25 13:30:00,60.712,63.81308
2025-12-25 14:30:00,71.247,63.83178
2025-12-25 15:30:00,59.108,65.4446
2025-12-25 16:30:00,58.976,67.868744
2025-12-25 17:30:00,74.601,72.18876
2025-12-25 18:30:00,78.636,79.316376
2025-12-25 19:30:00,91.032,91.19271
2025-12-25 20:30:00,95.297,94.24901
2025-12-25 21:30:00,79.323,85.62216
2025-12-25 22:30:00,88.917,70.078285
2025-12-25 23:30:00,55.578,54.047466
2025-12-26 00:30:00,49.558,43.673935
2025-12-26 01:30:00,40.654,42.266434
2025-12-26 02:30:00,49.349,42.23275
2025-12-26 03:30:00,50.658,42.94055
2025-12-26 04:30:00,44.768,45.319427
2025-12-26 05:30:00,51.036,51.94912
2025-12-26 06:30:00,59.906,60.70675
2025-12-26 07:30:00,76.289,72.61244
2025-12-26 08:30:00,78.464,78.465805
2025-12-26 09:30:00,77.684,76.74359
2025-12-26 10:30:00,68.067,71.61558
2025-12-26 11:30:00,64.563,67.04726
2025-12-26 12:30:00,63.07500000000001,64.665665
2025-12-26 13:30:00,59.56,63.755848
2025-12-26 14:30:00,68.443,63.925896
2025-12-26 15:30:00,61.853,65.54245
2025-12-26 16:30:00,67.615,67.63663
2025-12-26 17:30:00,65.18,72.30639
2025-12-26 18:30:00,81.605,78.619286
2025-12-26 19:30:00,92.766,90.21079
2025-12-26 20:30:00,92.884,93.73431
2025-12-26 21:30:00,87.914,85.26832
2025-12-26 22:30:00,67.196,70.100746
2025-12-26 23:30:00,57.662,52.53065
2025-12-27 00:30:00,30.935,42.315228
2025-12-27 01:30:00,37.23,41.01559
2025-12-27 02:30:00,34.381,40.72887
2025-12-27 03:30:00,37.597,40.936077
2025-12-27 04:30:00,44.421,41.516685
2025-12-27 05:30:00,50.312,44.225117
2025-12-27 06:30:00,48.311,51.804058
2025-12-27 07:30:00,66.511,63.244457
2025-12-27 08:30:00,73.393,69.21394
2025-12-27 09:30:00,67.857,68.26795
2025-12-27 10:30:00,65.094,63.971157
2025-12-27 11:30:00,53.909,60.41126
2025-12-27 12:30:00,52.053,58.27065
2025-12-27 13:30:00,52.467,57.232113
2025-12-27 14:30:00,57.27,56.87089
2025-12-27 15:30:00,54.718,57.639397
2025-12-27 16:30:00,53.823,59.691498
2025-12-27 17:30:00,58.601,63.99919
2025-12-27 18:30:00,69.477,70.19223
2025-12-27 19:30:00,75.364,80.381584
2025-12-27 20:30:00,83.501,81.86689
2025-12-27 21:30:00,78.663,73.061775
2025-12-27 22:30:00,65.305,60.502773
2025-12-27 23:30:00,60.339,45.578545
2025-12-28 00:30:00,38.777,40.54084
2025-12-28 01:30:00,43.871,40.09931
2025-12-28 02:30:00,39.07,40.25354
2025-12-28 03:30:00,38.104,40.903004
2025-12-28 04:30:00,41.207,42.00763
2025-12-28 05:30:00,45.949,46.232903
2025-12-28 06:30:00,53.107,53.993256
2025-12-28 07:30:00,58.514,64.03899
2025-12-28 08:30:00,65.068,68.56291
2025-12-28 09:30:00,70.687,66.296555
2025-12-28 10:30:00,63.26100000000001,61.76053
2025-12-28 11:30:00,61.587,58.252785
2025-12-28 12:30:00,52.477,56.705482
2025-12-28 13:30:00,52.55,56.0373
2025-12-28 14:30:00,50.749,56.017258
2025-12-28 15:30:00,58.754,56.62156
2025-12-28 16:30:00,53.206,58.887177
2025-12-28 17:30:00,60.866,63.113197
2025-12-28 18:30:00,70.521,69.98565
2025-12-28 19:30:00,72.63,81.04059
2025-12-28 20:30:00,83.409,83.15035
2025-12-28 21:30:00,77.566,75.041336
2025-12-28 22:30:00,62.437,62.67415
2025-12-28 23:30:00,49.388,47.331577
2025-12-29 00:30:00,41.752,41.649982
2025-12-29 01:30:00,47.457,41.355324
2025-12-29 02:30:00,43.364,41.90094
2025-12-29 03:30:00,43.848,42.893326
2025-12-29 04:30:00,43.511,45.03528
2025-12-29 05:30:00,41.481,51.835674
2025-12-29 06:30:00,64.689,59.1045
2025-12-29 07:30:00,71.288,69.82798
2025-12-29 08:30:00,74.772,75.528175
2025-12-29 09:30:00,83.205,73.62384
2025-12-29 10:30:00,70.108,69.21154
2025-12-29 11:30:00,62.189,65.208305
2025-12-29 12:30:00,64.759,62.944946
2025-12-29 13:30:00,62.937,62.174534
2025-12-29 14:30:00,63.458999999999996,62.289738
2025-12-29 15:30:00,60.436,63.185246
2025-12-29 16:30:00,66.447,65.43284
2025-12-29 17:30:00,72.951,69.94441
2025-12-29 18:30:00,77.279,77.01683
2025-12-29 19:30:00,82.845,88.685455
2025-12-29 20:30:00,96.127,91.37468
2025-12-29 21:30:00,87.398,83.43521
2025-12-29 22:30:00,73.866,69.900024
2025-12-29 23:30:00,57.757,54.301308
2025-12-30 00:30:00,46.311,44.88063
2025-12-30 01:30:00,41.155,44.118675
2025-12-30 02:30:00,43.215,44.69824
2025-12-30 03:30:00,40.88,46.32116
2025-12-30 04:30:00,50.533,48.819424
2025-12-30 05:30:00,51.538,53.963165
2025-12-30 06:30:00,62.426,61.19042
2025-12-30 07:30:00,73.252,72.36406
2025-12-30 08:30:00,77.001,78.52259
2025-12-30 09:30:00,78.697,76.20893
2025-12-30 10:30:00,74.373,70.57009
2025-12-30 11:30:00,66.339,66.01972
2025-12-30 12:30:00,55.163,63.92003
2025-12-30 13:30:00,62.033,63.054012
2025-12-30 14:30:00,62.782999999999994,63.46337
2025-12-30 15:30:00,66.914,64.54414
2025-12-30 16:30:00,62.088,67.040306
2025-12-30 17:30:00,66.883,71.567764
2025-12-30 18:30:00,83.188,78.274704
2025-12-30 19:30:00,90.185,90.041916
2025-12-30 20:30:00,91.171,92.65996
2025-12-30 21:30:00,84.817,83.56067
2025-12-30 22:30:00,66.404,69.3988
2025-12-30 23:30:00,58.335,53.199978
2025-12-31 00:30:00,41.878,44.453564
2025-12-31 01:30:00,45.306,43.534016
2025-12-31 02:30:00,43.151,43.83674
2025-12-31 03:30:00,44.669,44.85657
2025-12-31 04:30:00,44.888,47.195297
2025-12-31 05:30:00,50.811,52.61368
2025-12-31 06:30:00,57.533,60.294376
2025-12-31 07:30:00,75.461,71.00958
2025-12-31 08:30:00,77.69,76.88552
2025-12-31 09:30:00,88.081,74.634224
2025-12-31 10:30:00,63.02100000000001,70.02565
2025-12-31 11:30:00,66.542,65.13029
2025-12-31 12:30:00,62.045,62.709126
2025-12-31 13:30:00,63.120999999999995,61.470985
2025-12-31 14:30:00,63.471,62.42535
2025-12-31 15:30:00,64.272,64.49124
2025-12-31 16:30:00,69.367,67.55913
2025-12-31 17:30:00,71.909,72.4943
2025-12-31 18:30:00,81.442,78.75222
2025-12-31 19:30:00,88.451,90.13752
2025-12-31 20:30:00,88.088,93.040596
2025-12-31 21:30:00,87.344,84.01305
2025-12-31 22:30:00,73.122,69.66829
2025-12-31 23:30:00,61.483,53.386135
2026-01-01 00:30:00,48.845,44.3303
2026-01-01 01:30:00,39.278,43.08092
2026-01-01 02:30:00,41.636,43.21279
2026-01-01 03:30:00,46.794,44.148388
2026-01-01 04:30:00,46.417,46.60531
