step,reward,rolling_reward
0,-6.043365955352783,-6.043365955352783
1,-8.497576713562012,-7.2704713344573975
2,-12.924985885620117,-9.155309518178305
3,-18.05986785888672,-11.381449103355408
4,-43.564334869384766,-17.81802625656128
5,-17.230274200439453,-17.720067580540974
6,-50.35398483276367,-22.38205575942993
7,-41.91761016845703,-24.82400006055832
8,-10.647383689880371,-23.248820463816326
9,-5.156728267669678,-21.43961124420166
10,-5.4832916259765625,-19.989036733453926
11,-7.447216510772705,-18.943885048230488
12,-4.876836776733398,-17.861804411961483
13,-49.82343292236328,-20.144777876990183
14,-4.999041557312012,-19.13506212234497
15,-8.796195983886719,-18.48888298869133
16,-12.530172348022461,-18.138370598063748
17,-14.194761276245117,-17.919281191296047
18,-10.742037773132324,-17.541531537708483
19,-0.5610920190811157,-16.692509561777115
20,0.5614013075828552,-15.87089475847426
21,-4.979314804077148,-15.3758229423653
22,-4.198127269744873,-14.8898361739905
23,-2.6458547115325928,-14.379670279721418
24,-50.76652908325195,-15.83514463186264
25,-12.075254440307617,-15.690533470648985
26,-17.617408752441406,-15.761899221826482
27,-17.08885383605957,-15.809290458049093
28,-33.42898178100586,-16.416866020909673
29,-49.8193244934082,-17.530281303326287
30,-45.735595703125,-18.4401301549327
31,-38.2333869934082,-19.05866943113506
32,-53.34600067138672,-20.097679468718443
33,-7.166250228881836,-19.7173433146056
34,-4.98484992980957,-19.296414932182856
35,-50.34050750732422,-20.158750837047894
36,-7.170533180236816,-19.80771792740435
37,-6.754749774932861,-19.464218765497208
38,-5.52239990234375,-19.106736230544556
39,-8.502381324768066,-18.841627357900144
40,-8.131294250488281,-18.580399721134
41,-59.037437438964844,-19.543662523939496
42,-56.807674407958984,-20.410267451474834
43,-11.674280166625977,-20.211722285910085
44,-5.948108673095703,-19.89475309451421
45,-1.133610725402832,-19.486902173446573
46,-9.601353645324707,-19.2765713536993
47,-3.191422700881958,-18.941464090098936
48,-4.424408435821533,-18.645197648174907
49,-52.554954528808594,-19.323392785787583
50,-13.57119083404541,-19.21060451222401
51,-17.281579971313477,-19.17350788643727
52,-83.19671630859375,-20.38149295100626
53,-50.294578552246094,-20.935438980658848
54,-45.23064041137695,-21.377169915762813
55,-36.915035247802734,-21.654631796692097
56,-7.994458198547363,-21.414979628303595
57,-6.71049165725708,-21.16145397363038
58,-4.84856653213501,-20.884964355977914
59,-4.632870197296143,-20.614096119999886
60,-7.806341648101807,-20.404132931935983
61,-4.562886714935303,-20.148628960694037
62,-5.030133247375488,-19.90865283826041
63,-8.396592140197754,-19.72877688985318
64,-12.1676664352417,-19.612452113628386
65,-15.332269668579102,-19.547600864460975
66,-14.056154251098633,-19.465638974709297
67,-11.276576042175293,-19.34521157864262
68,-4.969538688659668,-19.13686849328055
69,-47.69910430908203,-19.544900433506285
70,-8.490456581115723,-19.389204041219095
71,-2.6534059047698975,-19.156762400435078
72,-11.796932220458984,-19.055942808928556
73,-8.762735366821289,-18.91684541106224
74,-57.65147018432617,-19.43330707470576
75,-16.664262771606445,-19.396872281243926
76,-38.65822219848633,-19.647019682766555
77,-88.41563415527344,-20.528668586260235
78,-89.85912322998047,-21.406269277952894
79,-47.187252044677734,-21.728531562536954
80,-7.933895111083984,-21.558227408815313
81,-7.039824962615967,-21.381173720447027
82,-49.54068374633789,-21.720444925578242
83,-49.6786994934082,-22.05328128948098
84,-49.4696159362793,-22.375826402972727
85,-50.54330825805664,-22.703355261752773
86,-5.545149803161621,-22.50613450935517
87,-6.163303852081299,-22.320420524613425
88,-56.52277755737305,-22.704716671048924
89,-13.23155403137207,-22.59945930838585
90,-53.34648895263672,-22.93733875502597
91,-9.04775619506836,-22.78636503154817
92,-2.1852426528930664,-22.56484758661639
93,-44.96648025512695,-22.80316282777076
94,-0.21543799340724945,-22.565397303198512
95,-48.7275505065918,-22.837919732400525
96,-10.689268112182617,-22.71267590126426
97,-6.957242488861084,-22.55190617256627
98,-17.670377731323242,-22.502597804472902
99,-15.328195571899414,-22.430853782147167
100,-84.00313568115234,-23.040480335602666
101,-47.98259353637695,-23.285010857178886
102,-42.063785552978516,-23.467329058108977
103,-38.546504974365234,-23.612321134226825
104,-11.132824897766113,-23.493468789117678
105,-6.737033367156982,-23.335389209665216
106,-2.8012783527374268,-23.143481631563088
107,-49.25944900512695,-23.385296144281273
108,-6.961124897003174,-23.234615674122757
109,-6.712174892425537,-23.08441166701642
110,-3.994889974594116,-22.912433994111716
111,-4.82209587097168,-22.75091311801225
112,-12.829154968261719,-22.66310994854543
113,-11.50246524810791,-22.56520955643633
114,-8.701260566711426,-22.444653478264808
115,-2.269007444381714,-22.27072549521409
116,-5.9960832595825195,-22.131625988926643
117,0.32512199878692627,-21.94131456530195
118,0.35987600684165955,-21.753909602510827
119,-3.109407424926758,-21.59853875103096
120,-7.703365802764893,-21.48370261096265
121,-6.458981513977051,-21.36054915934801
122,-11.037592887878418,-21.276622685596227
123,-15.916787147521973,-21.233398205450467
124,-41.241268157958984,-21.393461165070534
125,-18.36707305908203,-21.3694422118484
126,-41.014278411865234,-21.524125961454835
127,-43.612213134765625,-21.696689142496325
128,-9.552783012390137,-21.6025503352862
129,-4.793301582336426,-21.47324842180197
130,-6.29628324508667,-21.35739372579651
131,-4.0540452003479,-21.22630775211887
132,-4.815849781036377,-21.102920850080654
133,-49.40104293823242,-21.314100865663878
134,-4.62214994430542,-21.190456784764926
135,-50.22148513793945,-21.40392022853827
136,-10.850914001464844,-21.326890986004884
137,-8.470377922058105,-21.233727847860344
138,-5.393581390380859,-21.119769959677036
139,-49.837135314941406,-21.324893997928925
140,1.109879970550537,-21.16578212581205
141,-45.353004455566406,-21.33611467743004
142,1.0553220510482788,-21.179531203804316
143,1.0770119428634644,-21.0249718763969
144,-45.366390228271484,-21.192843727099483
145,-48.31907272338867,-21.378639816115165
146,-12.054581642150879,-21.315210848945338
147,-17.6571102142334,-21.29049395276485
148,-33.45659255981445,-21.37214562126854
149,-37.92317581176758,-21.482485822538536
150,-35.24943161010742,-21.573657648946277
151,-30.04578399658203,-21.629395322285983
152,-9.396675109863281,-21.549442902596947
153,-8.29254150390625,-21.463359127280775
154,-6.659200191497803,-21.367848424469273
155,-3.3114099502563477,-21.252102023993547
156,-7.114416599273682,-21.16205307224374
157,-5.7638750076293945,-21.064596249049977
158,-5.22730016708374,-20.96499061331434
159,-5.708804130554199,-20.86963944779709
160,-11.26244068145752,-20.809967405770134
161,-12.739691734313965,-20.760150889279664
162,-2.461637258529663,-20.647890069459113
163,-46.04372787475586,-20.802742739003605
164,0.3935540020465851,-20.674280334512392
165,1.24070405960083,-20.542262356234602
166,0.5580639839172363,-20.415913096712735
167,-0.16562800109386444,-20.29537568542929
168,1.268280029296875,-20.167780089484165
169,-8.432283401489258,-20.09874775602537
170,-5.688523292541504,-20.014477437525464
171,-14.449691772460938,-19.98212403249602
172,-82.3060531616211,-20.3423779580979
173,-51.85245132446289,-20.523470333766664
174,-52.05549621582031,-20.70365333880697
175,-33.13758850097656,-20.774300697682932
176,-10.266266822814941,-20.71493327466108
177,-6.208258152008057,-20.633435099814715
178,-4.100086688995361,-20.541070024893937
179,-50.11083984375,-20.70534652388758
180,-7.784675121307373,-20.633961599011446
181,-5.625208377838135,-20.551495921972034
182,-5.237370014190674,-20.46781217384208
183,-7.964497089385986,-20.399859374470036
184,-11.591139793395996,-20.352244674031798
185,-11.817841529846191,-20.306360786159832
186,-7.000099182128906,-20.235204306993893
187,1.0763620138168335,-20.121844911670433
188,1.3086719512939453,-20.00845593355951
189,0.6983019709587097,-19.899472997219938
190,0.7713279724121094,-19.7912489083737
191,1.238345980644226,-19.68171976832673
192,-2.737757444381714,-19.59392721742546
193,-3.9375813007354736,-19.513224403421905
194,-14.61294174194336,-19.488094748747656
195,-18.4649715423584,-19.482874732388524
196,-45.65021514892578,-19.615703871558765
197,-24.84192657470703,-19.64209893571608
198,-51.78949737548828,-19.80364365149383
199,-45.9698600769043,-19.93447473362088
200,-8.366582870483398,-19.876923032809252
201,-8.663583755493164,-19.82141145222848
202,-7.131641864776611,-19.758900271994726
203,-5.888891696929932,-19.690910033881664
204,-7.441150188446045,-19.631155107806368
205,-2.744987964630127,-19.549183422645317
206,-7.8142499923706055,-19.492492922982155
207,-7.717911243438721,-19.43588435721512
208,-4.745811462402344,-19.365596927096398
209,-11.213253021240234,-19.326776241830416
210,-1.6984713077545166,-19.243229772948542
211,-44.718074798583984,-19.36339413627701
212,0.7461439967155457,-19.26898315912681
213,0.8526867032051086,-19.174956664443016
214,-43.771663665771484,-19.28935995282129
215,-46.55403137207031,-19.41558528346596
216,-45.42741775512695,-19.5354554791879
217,-4.802294731140137,-19.467872173004196
218,-13.97472095489502,-19.442789290729724
219,-20.28759002685547,-19.44662929407575
220,-38.33547592163086,-19.53209918831808
221,-44.02521514892578,-19.642428539491988
222,-47.6197624206543,-19.76788743582007
223,-47.38941192626953,-19.891197813009576
224,-8.841300010681152,-19.84208715611034
225,-9.26158332824707,-19.795270767491477
226,-2.5685360431671143,-19.71938206826538
227,-4.696249961853027,-19.653491137974093
228,-4.709168910980225,-19.588232088947922
229,-7.191441535949707,-19.534332999587058
230,-4.930570125579834,-19.47111324688573
231,-6.189823627471924,-19.413866308871015
232,-17.08884620666504,-19.40388768182292
233,-10.56814193725586,-19.366128084623917
234,-6.423061370849609,-19.311051204990832
235,-4.492226600646973,-19.248259575311412
236,1.3956120014190674,-19.161154631949678
237,0.4786660075187683,-19.078634377161997
238,0.8637340068817139,-18.995193505262232
239,-0.9843886494636536,-18.92014848502974
240,-6.9100751876831055,-18.870314155995104
241,-12.08060359954834,-18.842257500803175
242,-11.33325481414795,-18.811356255179078
243,-20.050630569458008,-18.816435248270388
244,-16.6131534576416,-18.80744226136986
245,-37.934635162353516,-18.885195078040525
246,-45.95371627807617,-18.994784232696542
247,-41.990760803222656,-19.08750994467447
248,-8.001174926757812,-19.042986510867575
249,-7.256383419036865,-18.995840098500253
250,-7.335416793823242,-19.001008301854135
251,-6.700258255004883,-18.993819028019907
252,-5.128499984741211,-18.96263308441639
253,-4.304831504821777,-18.90761293900013
254,-5.839383125305176,-18.756713132023812
255,-5.867320537567139,-18.711261317372323
256,-13.808635711669922,-18.565079920887946
257,-16.090232849121094,-18.461770411610605
258,-11.79290771484375,-18.466352507710457
259,-8.221851348876953,-18.478613000035285
260,-5.187836170196533,-18.477431178212164
261,0.635101318359375,-18.445101906895637
262,0.6828579902648926,-18.422863127827643
263,1.1720620393753052,-18.21888114798069
264,-7.061954498291016,-18.227132799744606
265,-7.096257209777832,-18.22033304464817
266,-3.2930519580841064,-18.183384563088417
267,-21.34981918334961,-18.212004794716837
268,-39.58744812011719,-18.327386436104774
269,-49.201316833496094,-18.521947335362434
270,-43.895320892333984,-18.699774224162102
271,-47.81767272949219,-18.871127655863763
272,-9.963908195495605,-18.894190779566763
273,-9.258983612060547,-18.920643295168876
274,-2.3015639781951904,-18.72678343474865
275,-3.716327667236328,-18.693347727656363
276,-6.550433158874512,-18.649079825282097
277,-3.9396450519561768,-18.596482990145685
278,-6.73199987411499,-18.48969506251812
279,-7.374419212341309,-18.319915441393853
280,-11.052665710449219,-18.18118372142315
281,-6.886508464813232,-18.05579620730877
282,-1.3208653926849365,-17.847695666193964
283,0.7222059965133667,-17.81614184129238
284,0.688077986240387,-17.79345012962818
285,1.251971960067749,-17.587080211758614
286,-1.2223559617996216,-17.563287502884865
287,1.1619540452957153,-17.53162068760395
288,-2.955878734588623,-17.52135460293293
289,-1.8324099779129028,-17.49467471754551
290,-12.66928768157959,-17.512826691269876
291,-18.349634170532227,-17.350075478196143
292,-30.471187591552734,-17.24472953093052
293,-45.2933349609375,-17.379205750107765
294,-44.204063415527344,-17.53222956907749
295,-34.96880340576172,-17.667570339798928
296,-7.536533355712891,-17.65931105864048
297,-6.00296688079834,-17.670557235360146
298,-4.196291446685791,-17.669644767403604
299,-4.198025226593018,-17.47621705019474
300,-6.798083305358887,-17.449124620079996
301,-4.402883529663086,-17.397609834313393
302,-6.602541446685791,-17.09123313486576
303,-2.884566068649292,-16.901593084931374
304,-13.577521324157715,-16.774980608582496
305,-9.958736419677734,-16.667155413269995
306,-4.498569488525391,-16.653171858429907
307,1.4005260467529297,-16.62072778761387
308,0.4543299973011017,-16.599516201496126
309,-1.8611500263214111,-16.588429320812224
310,0.5040460228919983,-16.55518777012825
311,0.5638419985771179,-16.5346808552742
312,1.21424400806427,-16.50970334625244
313,-9.166497230529785,-16.51278296661377
314,-12.577759742736816,-16.51442333984375
315,-4.856783390045166,-16.472521394729615
316,-33.86357498168945,-16.55175107765198
317,-29.60965919494629,-16.625083410263063
318,-86.7806167602539,-16.952327722549438
319,-78.49738311767578,-17.075520837783813
320,-9.686033248901367,-17.080303144454955
321,-8.268816947937012,-17.102764788627624
322,-7.268899917602539,-17.0846526594162
323,-3.2346017360687256,-17.06254012489319
324,-5.347983360290527,-16.853326177597047
325,-49.53331756591797,-16.984802396774292
326,-5.333466529846191,-16.85150337409973
327,-50.64642333984375,-16.700426530838012
328,-14.97608757019043,-16.400894388198854
329,-9.317360877990723,-16.249414823532103
330,-5.770130634307861,-16.240759765625
331,-0.5283613204956055,-16.214713911056517
332,0.8918240070343018,-16.01298388004303
333,0.0777060016989708,-15.813958258062602
334,1.3031100034713745,-15.610867354303599
335,1.3615740537643433,-15.403247825056315
336,-45.69614028930664,-15.563851787000894
337,-49.032405853271484,-15.735328195005655
338,-10.317941665649414,-15.55050885143876
339,-3.788724899291992,-15.51273753491044
340,-7.104341506958008,-15.327768945127726
341,-3.12136173248291,-15.304063367277383
342,-50.149192810058594,-15.495919167906045
343,-5.54569149017334,-15.338236012846231
344,-5.299666881561279,-15.358572928398848
345,-8.584807395935059,-15.19800195595622
346,-17.257568359375,-15.22427515694499
347,-5.960293769836426,-15.220287362068891
348,-10.071075439453125,-15.18989015290141
349,0.7965419888496399,-15.125391202658415
350,1.2244080305099487,-14.784481027811765
351,-43.570621490478516,-14.766833139628172
352,1.4198219776153564,-14.592898709505796
353,-43.60728454589844,-14.61314182779193
354,-3.5942766666412354,-14.582987634867429
355,-2.504206657409668,-14.56605632802844
356,-11.497651100158691,-14.600841819018125
357,-18.0607852935791,-14.476047164171934
358,-46.22787857055664,-14.633114178866148
359,-41.56547927856445,-14.772527396410704
360,-53.57435607910156,-14.970845260828733
361,-45.83065414428711,-15.134879493921995
362,-8.689416885375977,-15.118320541590451
363,-8.83215045928955,-15.107639282435178
364,-3.088676691055298,-15.085188946932554
365,-50.01734924316406,-15.276182314127684
366,-50.84425735473633,-15.4555750105083
367,-50.05624008178711,-15.657100458830595
368,-4.829174995422363,-15.677856662839652
369,-50.46757125854492,-15.867289318174123
370,-16.037132263183594,-15.9006243840158
371,-6.302552223205566,-15.899998666852712
372,-2.3295652866363525,-15.865166556447745
373,1.116752028465271,-15.797032399743795
374,-43.53335952758789,-15.80620076522231
375,0.4955100119113922,-15.730750432938338
376,0.3308179974555969,-15.565370047301053
377,1.3961340188980103,-15.3853366586864
378,-5.171219825744629,-15.367810405939817
379,-4.514042854309082,-15.366693371027708
380,-10.790966987609863,-15.3846721059978
381,-20.08100128173828,-15.448779930323361
382,-22.79862403869629,-15.520711027354002
383,-49.00048828125,-15.519108808726072
384,-43.210811614990234,-15.673463455408811
385,-41.383392333984375,-15.63811108419299
386,-11.060892105102539,-15.638950996607543
387,-6.980566501617432,-15.632991750925779
388,-7.6906418800354,-15.642179992884397
389,-5.470399856567383,-15.464713051050902
390,-7.459024906158447,-15.498988670557738
391,-7.305950164794922,-15.346800453394652
392,-2.9614920616149902,-15.362867709845304
393,-5.415194988250732,-15.38883653756976
394,-11.59539794921875,-15.25375256845355
395,-8.74670696258545,-15.095463105410337
396,-48.394168853759766,-15.240821454256773
397,-7.844903469085693,-15.201572627276182
398,0.8515539765357971,-15.064340041130782
399,0.24327532947063446,-14.911674236565828
400,0.8611279726028442,-14.767231998234987
401,-0.4248479902744293,-14.648748254209757
402,-3.210334062576294,-14.62400289002061
403,-12.882027626037598,-14.642360834509134
404,-11.135075569152832,-14.660264336019754
405,-22.0413818359375,-14.735184223562479
406,-35.88372039794922,-14.850261438757181
407,-89.36835479736328,-15.184679357916117
408,-43.25027084350586,-15.336771240621806
409,-84.32854461669922,-15.651250202566386
410,-53.84769058227539,-15.821591202169657
411,-5.978050231933594,-15.794544636160134
412,-5.022550106048584,-15.804788287550211
413,-7.436600208282471,-15.650359776884317
414,-4.467986583709717,-15.669805939227343
415,-50.24430847167969,-15.875745989352465
416,-7.908608436584473,-15.909612679034472
417,-5.784519195556641,-15.932088243812323
418,-11.208996772766113,-15.981997351020574
419,-55.723541259765625,-16.17116238245368
420,-51.743473052978516,-16.35538218149543
421,-1.5099406242370605,-16.303623176902533
422,0.7556599974632263,-15.971376324266195
423,1.2492560148239136,-15.758969494909048
424,1.3171679973602295,-15.545478838056326
425,-3.1233532428741455,-15.425421897023917
426,-3.8506393432617188,-15.399759387105703
427,-4.7937397956848145,-15.39410131368041
428,-10.575011253356934,-15.420001011937856
429,-13.662622451782227,-15.274208142369986
430,-83.82624816894531,-15.578374434560537
431,-45.62919616699219,-15.738390385717153
432,-89.62327575683594,-16.075934008687735
433,-47.64432907104492,-16.23465333661437
434,-8.2920503616333,-16.22145697888732
435,-7.055528163909912,-16.202407725423573
436,-6.280683517456055,-16.199530062764882
437,-4.308741569519043,-16.221070477098227
438,-6.441666603088379,-16.252071831315757
439,-7.102933406829834,-16.28327677282691
440,-4.3988752365112305,-16.303957585662605
441,-4.421471118927002,-16.326596854060888
442,-14.43869686126709,-16.373400611728428
443,-12.320440292358398,-16.406932047694923
444,-1.451358675956726,-16.354285715430976
445,-4.996409893035889,-16.300411468833683
446,1.2698819637298584,-16.112731080383064
447,-1.1317499876022339,-16.017890374034643
448,1.1787480115890503,-15.806017392486334
449,0.47830599546432495,-15.62022472819686
450,1.0881359577178955,-15.582405852884055
451,-2.9473819732666016,-15.559541045755148
452,-3.457869291305542,-15.544845955461264
453,-57.933502197265625,-15.753024397462607
454,-33.73101806640625,-15.858183868974447
455,-86.06197357177734,-16.191451811403034
456,-84.68409729003906,-16.49893120059371
457,-42.031288146972656,-16.636184708207846
458,-9.113492012023926,-16.65365543040633
459,-5.7865166664123535,-16.63194848498702
460,-2.9837067127227783,-16.637089426606895
461,-4.671441555023193,-16.47690289363265
462,-6.8226752281188965,-16.507178170531986
463,-3.9636950492858887,-16.526443697541954
464,-49.52811813354492,-16.549469515413048
465,-5.848040580749512,-16.386645552247764
466,-13.220964431762695,-16.257819738954307
467,-3.645840644836426,-16.25319392260909
468,-0.6811360120773315,-16.20001958283782
469,-43.64632797241211,-16.293454534620047
470,1.2908339500427246,-16.134949295133353
471,-43.76338195800781,-16.13390196236968
472,1.2138839960098267,-15.938567376703023
473,-43.669979095458984,-15.923689645379781
474,1.0802160501480103,-15.884003581136465
475,-1.5356433391571045,-15.853099821180106
476,-7.601705551147461,-15.873232499212026
477,-19.91362190246582,-15.934101986974477
478,-34.41374969482422,-16.052920310109855
479,-31.033653259277344,-16.148289157003163
480,-40.40983200073242,-16.290206204503775
481,-81.84898376464844,-16.59284284505248
482,-7.692966461181641,-16.555259326070548
483,-7.992891788482666,-16.544958325475456
484,-4.698194980621338,-16.538058859914543
485,-5.05483341217041,-16.540309287160635
486,-7.2165751457214355,-16.5747580357492
487,-4.903703212738037,-16.596287512630223
488,-7.837758541107178,-16.63109348282218
489,-6.431849479675293,-16.652883326143026
490,-12.26262378692627,-16.674293520539997
491,-10.239767074584961,-16.666930174440147
492,-8.21161937713623,-16.6544436326921
493,-3.6809732913970947,-16.588965003579855
494,1.3742820024490356,-16.51701526173949
495,1.402649998664856,-16.35966612109542
496,1.3493880033493042,-16.170453703969716
497,-5.718997478485107,-16.025366650670765
498,-7.697512149810791,-16.024151999562978
499,-0.4160279929637909,-15.996790577858686
500,-14.456040382385254,-16.025273072212933
501,-17.460716247558594,-16.06831490418315
502,-41.67732238769531,-16.214510193794965
503,-29.95753288269043,-16.31712099930644
504,-41.13911819458008,-16.45831993958354
505,-46.972679138183594,-16.622741373986006
506,-10.59505844116211,-16.609887064903976
507,-7.186399936676025,-16.574271733254193
508,-4.012006759643555,-16.543148129433394
509,-49.618141174316406,-16.70873328873515
510,-5.528141498565674,-16.710094510048627
511,-50.45956802368164,-16.914473187416792
512,-7.47148323059082,-16.947090552300214
513,-5.756291389465332,-16.97480396601558
514,-11.69804573059082,-16.993348330944777
515,-53.843257904052734,-17.180336333721876
516,-5.438774585723877,-17.188919224232436
517,-44.120296478271484,-17.280001133412124
518,0.7397860288619995,-17.118692196816205
519,0.4306679964065552,-16.920164257496594
520,1.2394479513168335,-16.73962518212199
521,0.23788532614707947,-16.547402949899435
522,-3.2466392517089844,-16.52053387412429
523,-0.42064398527145386,-16.48518051561713
524,-7.80081844329834,-16.507177533477545
525,-19.16822052001953,-16.56898510488868
526,-43.9088020324707,-16.718418580383062
527,-32.32008361816406,-16.831940334647893
528,-49.34052276611328,-17.002374426215887
529,-45.0911750793457,-17.153241449683904
530,-11.100000381469727,-17.153430788367988
531,-8.557524681091309,-17.1601148532331
532,-5.020383358001709,-17.174912925094365
533,-3.450505018234253,-17.191603769153357
534,-7.733216762542725,-17.22528894814849
535,-5.12470817565918,-17.250795668691396
536,-5.358816623687744,-17.267341511338948
537,-6.059992790222168,-17.29622929868102
538,-13.809746742248535,-17.33964477071166
539,-9.284148216247559,-17.369451723664998
540,-4.885432720184326,-17.33831630381942
541,-6.880735397338867,-17.292440708726645
542,0.07364799827337265,-17.170261366367342
543,-1.1680200099945068,-16.993760106563567
544,-43.653724670410156,-16.9915587515831
545,-43.64011764526367,-17.026244008541106
546,-6.533808708190918,-17.02223310995102
547,-7.023695468902588,-17.026316024303437
548,-15.637913703918457,-17.07208251333237
549,-17.477222442626953,-17.125199302196503
550,-46.06428909301758,-17.282264125347137
551,-32.552711486816406,-17.39486343717575
552,-50.94805145263672,-17.572245477199555
553,-48.04199981689453,-17.752875212192535
554,-8.493332862854004,-17.73253845834732
555,-6.645816802978516,-17.719286779880523
556,-3.786565065383911,-17.71643876218796
557,-6.7123918533325195,-17.7488904337883
558,-5.0302414894104,-17.770828719735146
559,-4.635036468505859,-17.781924265503882
560,-50.870365142822266,-17.98742191016674
561,-51.43662643432617,-18.195423783898352
562,-11.947356224060059,-18.24807018482685
563,-55.380271911621094,-18.432925283551217
564,-4.50731086730957,-18.400643488049507
565,0.8747586607933044,-18.377717319846152
566,-43.562862396240234,-18.416514469504357
567,-43.73240280151367,-18.473005443930624
568,1.2779099941253662,-18.12077133691311
569,-43.810733795166016,-17.98202473962307
570,-4.8733134269714355,-17.96277386033535
571,-7.806217193603516,-17.960923461318018
572,-57.73088836669922,-18.162771415114403
573,-61.80751037597656,-18.397063049674035
574,-40.63327407836914,-18.538204212546347
575,-52.71251678466797,-18.550921009421348
576,-51.198089599609375,-18.734379501700403
577,-33.47541046142578,-18.66569545018673
578,-53.7179069519043,-18.820662727713586
579,-51.79596710205078,-18.990577152609823
580,-6.939566612243652,-18.99525489652157
581,-4.408836841583252,-19.010776798605917
582,-50.295223236083984,-19.21552498757839
583,-5.377016544342041,-19.237343877762555
584,-49.78508377075195,-19.44169665285945
585,-5.815182209014893,-19.470403677910568
586,-10.9787015914917,-19.331533923119306
587,-12.336241722106934,-19.184749266594647
588,-0.6244406700134277,-19.145975262612104
589,1.3240059614181519,-19.125524339169264
590,0.20936599373817444,-19.09626950916648
591,-0.29992398619651794,-19.084983758181334
592,1.424340009689331,-18.878689626902343
593,0.7972480058670044,-18.85331786891818
594,-1.7706639766693115,-18.83920185729861
595,-11.567545890808105,-18.851132811278106
596,-10.815213203430176,-18.825363390654324
597,-21.186519622802734,-18.88626829406619
598,-19.039175033569336,-18.922140692442657
599,-41.04468536376953,-19.089505601853133
600,-50.23472595214844,-19.295342137783766
601,-37.573265075683594,-19.271352712124585
602,-11.038900375366211,-19.32118760153651
603,-8.367833137512207,-19.180229795902967
604,-3.5026233196258545,-19.179863182514907
605,-5.130233287811279,-19.190367289036512
606,-50.14854049682617,-19.344970846623184
607,-48.231475830078125,-19.465653608769177
608,-50.57797622680664,-19.48305399939418
609,-5.577885150909424,-19.33910362288356
610,-8.631786346435547,-19.159333343952895
611,-11.55322265625,-19.022223618000744
612,-4.846724033355713,-19.006852846592665
613,-3.8478946685791016,-18.986915823429822
614,0.929062008857727,-18.97084486863017
615,-0.41892799735069275,-18.77245118364692
616,0.4749079942703247,-18.56717452225089
617,0.568198025226593,-18.364676769822836
618,-3.6149532794952393,-18.359819882959126
619,-0.6430619955062866,-18.160521845906974
620,-8.899948120117188,-18.13197310933471
621,-17.163414001464844,-18.175416556447743
622,-21.781137466430664,-18.25322284516692
623,-42.84968185424805,-18.429088580697776
624,-33.9374885559082,-18.390705096811057
625,-78.05005645751953,-18.70488736268878
626,-7.313258171081543,-18.73546366736293
627,-8.407699584960938,-18.774679001778363
628,-3.971174955368042,-18.769878822296857
629,-4.090775012969971,-18.7681857509315
630,-3.8006532192230225,-18.740224495857955
631,-4.127824783325195,-18.6764117898643
632,-5.0616583824157715,-18.605463927239178
633,-4.818961143493652,-18.428737818688155
634,-9.666251182556152,-18.294559576958417
635,-51.00575637817383,-18.333049033135175
636,-47.924713134765625,-18.48050431725383
637,1.3187880516052246,-18.44730689904094
638,-43.61848068237305,-18.591018254250287
639,1.22502601146698,-18.56423655077815
640,1.2876659631729126,-18.529249787300824
641,1.2279599905014038,-18.49511414667964
642,-46.184139251708984,-18.668004735440014
643,-8.517085075378418,-18.680412295788525
644,-9.681448936462402,-18.672756499737503
645,-17.163684844970703,-18.706424411267044
646,-41.60568618774414,-18.67927048060298
647,-38.003421783447266,-18.799904553860426
648,-44.364105224609375,-18.980767190665006
649,-19.346572875976562,-19.059126583486794
650,-7.243599891662598,-19.09154549494386
651,-8.604000091552734,-19.124262103348972
652,-5.019408226013184,-19.13149840000272
653,-7.13955020904541,-19.10852849033475
654,-7.532800197601318,-19.094119388848544
655,-7.353508472442627,-19.035367895394565
656,-7.677424907684326,-18.922542713433504
657,-3.767812728881836,-18.58014054515958
658,-14.839621543884277,-18.46649794796109
659,-12.340500831604004,-18.178545772820712
660,-0.7506813406944275,-17.966157735854388
661,-47.95439910888672,-18.1340631313622
662,-0.9757800102233887,-18.1178760509789
663,-43.658226013183594,-18.262762554198503
664,-43.737789154052734,-18.419841764479877
665,-1.4512053728103638,-18.224669352084398
666,-2.9973647594451904,-18.205024377375842
667,-50.92491149902344,-18.385585946589707
668,-11.420742988586426,-18.38643293145299
669,-17.85955810546875,-18.2349769988358
670,-81.1755599975586,-18.352705346614123
671,-52.376914978027344,-18.556173244029285
672,-14.103443145751953,-18.615609656602143
673,-30.705392837524414,-18.743428252011537
674,-6.319300174713135,-18.77397412469983
675,-8.154199600219727,-18.794097510129212
676,-7.490441799163818,-18.808656719952822
677,-5.161324977874756,-18.81012706068158
678,-6.422816753387451,-18.793518282681703
679,-2.7347517013549805,-18.749806799679995
680,-53.3859748840332,-18.628045706540345
681,-5.467366695404053,-18.467398388653994
682,-14.812767028808594,-18.168156353741885
683,-11.267784118652344,-18.022650173932313
684,-5.295949935913086,-18.010665772229434
685,-50.28376388549805,-18.183578715115786
686,-3.6531319618225098,-18.17306850889325
687,0.8156200051307678,-18.152571062594653
688,-0.6767173409461975,-18.129511265546082
689,-5.798356056213379,-18.124292956143616
690,-5.162546157836914,-18.12734763982892
691,-8.161857604980469,-18.142309185773133
692,-13.192266464233398,-18.137323464185
693,-21.650365829467773,-18.174643166333436
694,-29.692127227783203,-18.287606240540743
695,-85.51136016845703,-18.609666041642427
696,-42.293556213378906,-18.78391979435086
697,-38.06504440307617,-18.93165297201276
698,-9.857417106628418,-18.975797632485627
699,-8.148241996765137,-19.010303824454546
700,-4.692241668701172,-19.03342533496022
701,-6.893199920654297,-19.049208606749772
702,-2.6223015785217285,-19.045866335898637
703,-5.207583427429199,-18.834962660819293
704,-6.912591457366943,-18.727688954383133
705,-7.287099838256836,-18.412589459449052
706,-7.822507381439209,-18.105143099814654
707,-54.1394157409668,-18.15357561019063
708,-4.864738464355469,-18.136580595999956
709,-50.72943115234375,-18.31635225394368
710,-46.43806076049805,-18.490169670134783
711,-3.4266326427459717,-18.485190434485673
712,-3.89914608001709,-18.473496317893268
713,-2.629754066467285,-18.468160553961994
714,-8.348115921020508,-18.303440545111894
715,-9.341987609863281,-18.31741633322835
716,-17.595294952392578,-18.33491365531087
717,-19.298133850097656,-18.397522828131915
718,-33.174190521240234,-18.527495046168564
719,-46.54663848876953,-18.539096288233996
720,-23.42024040222168,-18.637940585643054
721,-80.89847564697266,-18.78648096039891
722,-10.248283386230469,-18.832329629927873
723,-8.254300117492676,-18.69066691401601
724,-6.3675665855407715,-18.720458044558764
725,-3.7067184448242188,-18.729142344981433
726,-50.533233642578125,-18.900868457347155
727,-7.207366466522217,-18.85004343560338
728,-5.140958309173584,-18.73295227006078
729,-5.075303554534912,-18.629118871241808
730,-16.330886840820312,-18.532803090602158
731,-16.27606773376465,-18.270511426478624
732,-10.327875137329102,-18.281051061183213
733,-6.905825138092041,-18.276702794581652
734,-6.125854015350342,-18.282413430720567
735,-2.1013126373291016,-18.270599347621204
736,-0.6131719946861267,-18.244185735017062
737,-8.474224090576172,-18.258467818528413
738,-11.155656814575195,-18.271739411622285
739,-10.490015983581543,-18.28797207763791
740,-60.00627899169922,-18.478946698457
741,-21.040433883666992,-18.52214936569333
742,-40.32237243652344,-18.65059237793088
743,-50.108821868896484,-18.83630377224088
744,-45.06368637084961,-19.02205564573407
745,-38.88343811035156,-19.18319999817014
746,-6.7254414558410645,-19.2154993160069
747,-5.560306549072266,-19.214864552289246
748,-7.0989251136779785,-19.212470204144715
749,-4.478175163269043,-19.228718792825937
750,-3.2028698921203613,-19.18370611086488
751,-4.80014181137085,-19.133063813120128
752,-5.099791526794434,-18.986753689676522
753,-5.55739164352417,-18.889153124719858
754,-56.94442367553711,-18.952374346643687
755,-10.88735580444336,-18.808033053308726
756,-53.976627349853516,-18.98155932894349
757,-5.469521999359131,-18.974691817194223
758,-48.83442306518555,-19.15398148241639
759,-43.85887145996094,-19.13094440355897
760,-43.98155975341797,-19.284758076578377
761,-6.80447244644165,-19.11013769426942
762,-4.092705249786377,-19.0966225823462
763,-14.573509216308594,-19.131891453653573
764,-12.332695960998535,-19.134430054575205
765,-19.646499633789062,-18.99764302149415
766,-38.094303131103516,-19.12826513567567
767,-44.37120056152344,-19.129268752008677
768,-47.829200744628906,-19.32354469910264
769,-26.38860321044922,-19.430821783930064
770,-8.255974769592285,-19.4688034748137
771,-9.204816818237305,-19.506574283391238
772,-5.109216690063477,-19.514024593144654
773,-6.88659143447876,-19.539888382941484
774,-7.202274799346924,-19.53749420836568
775,-3.327768325805664,-19.47413239958882
776,-6.993625164031982,-19.326471692115067
777,-7.782400131225586,-19.228320958167316
778,-13.617188453674316,-19.08542762091756
779,-13.308799743652344,-18.958298119574785
780,-6.123891830444336,-18.938393685370684
781,-2.5325233936309814,-18.914293680220844
782,0.5676519870758057,-18.891941538840534
783,0.5270900130271912,-18.876031158715488
784,-1.2800740003585815,-18.85021858766675
785,-1.1787439584732056,-18.834434730798005
786,-4.738722801208496,-18.83195435550809
787,-6.176515102386475,-18.832420444756746
788,-11.941523551940918,-18.824947551995514
789,-62.12083435058594,-19.03629429653287
790,-82.31270599365234,-19.34600338962674
791,-46.759437561035156,-19.505518198281525
792,-50.36931610107422,-19.707290054678918
793,-33.170963287353516,-19.835301827788353
794,-10.09802532196045,-19.701079030394553
795,-8.121591567993164,-19.55900492608547
796,-6.64858341217041,-19.55946402490139
797,-2.8210933208465576,-19.542653616309167
798,-6.451416492462158,-19.50590762746334
799,-6.467341899871826,-19.46186810529232
800,-4.454124927520752,-19.29542744863033
801,-4.879116535186768,-19.184733068823814
802,-6.326362133026123,-19.00624631154537
803,-10.361239433288574,-18.85552327001095
804,-8.577143669128418,-18.855858513236047
805,-51.669063568115234,-19.035951500296594
806,-7.408597469329834,-19.050439629912375
807,0.09290266782045364,-19.023218451827766
808,-44.523582458496094,-19.181191815704107
809,-48.54385757446289,-19.356827100127937
810,-9.047158241271973,-19.189534272521733
811,-12.930668830871582,-19.035510442107917
812,-10.192173957824707,-19.028489713042976
813,-18.181867599487305,-18.87969609579444
814,-34.65447998046875,-19.000284772247078
815,-29.98118019104004,-19.123708527654408
816,-82.22315216064453,-19.278349686712026
817,-78.89505004882812,-19.419000275701283
818,-8.278458595275879,-19.45722575005889
819,-4.929920196533203,-19.301702495664358
820,-6.092724800109863,-19.30658014115691
821,-4.345900058746338,-19.292738872617484
822,-4.2734198570251465,-19.078908998578786
823,-4.063149929046631,-18.847931556791067
824,-6.506558418273926,-18.711424694150686
825,-5.307353496551514,-18.52180404099822
826,-10.954330444335938,-18.360829004377127
827,-14.65345287322998,-18.285541174024342
828,-16.354310989379883,-18.136086790174247
829,-10.722038269042969,-17.971791074842216
830,-7.434554576873779,-17.973771026700735
831,-8.985361099243164,-17.992077123731374
832,-1.4023020267486572,-17.796505438894034
833,-8.309157371520996,-17.80823400220275
834,-9.653682708740234,-17.647708397954702
835,-7.300471305847168,-17.65364955434203
836,-12.06753158569336,-17.658004874318838
837,-17.44966697692871,-17.678458575338126
838,-38.90224075317383,-17.83156977567077
839,-26.771324157714844,-17.9439510961473
840,-79.39025115966797,-18.262349564760925
841,-31.357410430908203,-18.38657951053977
842,-9.057700157165527,-18.42850767120719
843,-7.043566703796387,-18.45987093004584
844,-4.637966632843018,-18.471340140670538
845,-5.114416599273682,-18.4455276235044
846,-7.159375190734863,-18.43090427145362
847,-6.737199783325195,-18.37310699209571
848,-7.282008171081543,-18.326078324645756
849,-7.266733169555664,-18.1909665158689
850,-17.718250274658203,-18.060900613158942
851,-15.705578804016113,-17.973429868072273
852,-19.662796020507812,-18.007925450652838
853,-16.666826248168945,-18.041121423095465
854,-16.548046112060547,-18.093303114265204
855,-15.850823402404785,-18.13618547472358
856,-11.791924476623535,-17.982759010642766
857,-13.041509628295898,-17.841999145835636
858,-17.994701385498047,-17.711666046470405
859,-14.754778861999512,-17.748373621314762
860,-60.08195877075195,-17.95417431101203
861,-16.429466247558594,-17.973679285377266
862,-35.22283172607422,-18.09518371614814
863,-86.70037841796875,-18.426593651145698
864,-83.04376220703125,-18.762484948009252
865,-83.57487487792969,-19.095108735531568
866,-52.366451263427734,-19.30647417256236
867,-51.27618408203125,-19.513851700991392
868,-2.6715800762176514,-19.51007820817828
869,-2.7450499534606934,-19.5184861600101
870,-5.161216735839844,-19.50353123447299
871,-4.1205668449401855,-19.45135984584689
872,-7.503550052642822,-19.39424949619174
873,-5.412658214569092,-19.244501401633023
874,-16.065689086914062,-19.17301420375705
875,-14.071800231933594,-18.917101178854704
876,-15.001232147216797,-18.947853074759244
877,-8.07799243927002,-18.94653424617648
878,-3.324444055557251,-18.943947322577237
879,0.835997998714447,-18.9242402305305
880,0.5345919728279114,-18.906899249762297
881,0.5679720044136047,-18.888116062611342
882,-8.783705711364746,-18.903004251927136
883,-9.259302139282227,-18.92076561591029
884,-13.677196502685547,-18.93680939719081
885,-20.572134017944336,-18.815074907749892
886,-34.842010498046875,-18.762744097203015
887,-48.92467498779297,-18.96371794936061
888,-47.31050109863281,-18.97848603102565
889,-17.60666275024414,-19.05381278607249
890,-6.519425868988037,-19.085041153401136
891,-51.79315185546875,-19.297125600785016
892,-50.372467041015625,-19.313878911942243
893,-4.019599914550781,-19.295888971298933
894,-49.838600158691406,-19.45651757618785
895,-49.771759033203125,-19.586949872940778
896,-50.05699920654297,-19.620755125015975
897,-50.41948318481445,-19.670419370621442
898,-11.891772270202637,-19.540530038803816
899,-54.35295486450195,-19.680555566757917
900,-10.342951774597168,-19.692952974289657
901,-0.302131325006485,-19.659745499223472
902,-43.73091125488281,-19.81459151133895
903,-44.58128356933594,-19.96435844478011
904,-46.92829895019531,-20.12194043979049
905,-48.34868621826172,-20.285921150773763
906,-6.527973175048828,-20.281323343843223
907,-13.81075382232666,-20.321495108217
908,-13.976611137390137,-20.318043066591024
909,-13.639820098876953,-20.323240343660117
910,-41.9111442565918,-20.487882195323706
911,-48.177215576171875,-20.488773461192846
912,-31.04283905029297,-20.609041697353124
913,-46.14896774291992,-20.61900466427207
914,-7.522883415222168,-20.47414504131675
915,-5.975986480712891,-20.492244165748357
916,-6.799491882324219,-20.507452674239875
917,-4.334195137023926,-20.321089808791875
918,-7.594116687774658,-20.30578330358863
919,-4.230411529541016,-20.251266717284917
920,-5.377666473388672,-19.948075143188237
921,-5.664750099182129,-19.761226483672857
922,-57.11715316772461,-19.93328132376075
923,-14.981123924255371,-19.870384248107673
924,-12.361590385437012,-19.894553408950568
925,-2.9822380542755127,-19.87386556276679
926,-0.8376046419143677,-19.84725421413779
927,0.6060879826545715,-19.824184562295674
928,0.8878340125083923,-19.79494195923209
929,-6.05605411529541,-19.808227168887854
930,-1.5377507209777832,-19.60083427223563
931,-53.384578704833984,-19.792503120273352
932,-57.78855895996094,-19.96440628799796
933,-20.990966796875,-20.00329901871085
934,-42.5615119934082,-20.152361266940833
935,-31.492380142211914,-20.077195731967688
936,-46.246498107910156,-20.24756919655204
937,-32.77728271484375,-20.381940807431935
938,-54.66777420043945,-20.59790503486991
939,-7.731916904449463,-20.605639278262853
940,-3.726991653442383,-20.599897060245276
941,-4.937725067138672,-20.58700053009391
942,-4.003778457641602,-20.55024657806754
943,-4.9798665046691895,-20.48356458076835
944,-5.618275165557861,-20.387269172519446
945,-50.20985794067383,-20.246063163608312
946,-61.31190872192383,-20.322136573642492
947,-15.150598526000977,-20.230478790134192
948,-7.442687511444092,-20.220819871753456
949,-5.671463489532471,-20.210912757724522
950,-4.637397289276123,-20.210693380206823
951,-4.281020164489746,-20.200244661182165
952,-1.3054773807525635,-20.19497736439109
953,-0.3308280110359192,-20.175470342725514
954,-9.615044593811035,-20.18628015527129
955,-12.880289077758789,-20.2086529122293
956,-17.723270416259766,-20.24825596436858
957,-15.267232894897461,-20.092767232984304
958,-43.64236068725586,-20.247877721875906
959,-40.090633392333984,-20.20532253083587
960,-21.25857162475586,-20.1046045742929
961,-43.46015167236328,-20.264738650411367
962,-8.074408531188965,-20.281439700216055
963,-8.183883666992188,-20.303656218618155
964,-3.1833651065826416,-20.282997215360403
965,-49.44621658325195,-20.44341413125396
966,-4.16498327255249,-20.389692884534597
967,-6.151875019073486,-20.3371078492105
968,-3.857419967651367,-20.219840766996146
969,-4.354891777038574,-20.05107378014922
970,-55.61134719848633,-20.17983820733428
971,-8.00351333618164,-19.888258358091115
972,-5.773273944854736,-19.870358320325614
973,-1.7718427181243896,-19.84442849072814
974,1.0404340028762817,-19.814796488374473
975,-0.08569599688053131,-19.800312398582697
976,1.0507099628448486,-19.593976624161005
977,-0.10224933177232742,-19.565556155622005
978,-5.51184606552124,-19.567039706647396
979,-8.785375595092773,-19.58187999480963
980,-12.115425109863281,-19.565018147885798
981,-17.738765716552734,-19.57086893981695
982,-20.967618942260742,-19.613427915036677
983,-35.31814956665039,-19.727077212750913
984,-33.50757598876953,-19.83660410064459
985,-40.42420196533203,-19.989895657956602
986,-7.185641765594482,-20.016185537040233
987,-7.603000164031982,-20.012700641334057
988,-2.5174400806427,-19.978147774398327
989,-49.67696762084961,-20.1348955809474
990,-49.26530075073242,-20.09193166798353
991,-6.772733211517334,-20.034860865294934
992,-3.925783395767212,-19.88927450913191
993,-6.68346643447876,-19.715573087394237
994,-15.277501106262207,-19.596428346335887
995,-4.275142192840576,-19.457995162665846
996,-49.41551971435547,-19.6287554756999
997,-1.475110650062561,-19.61241469210386
998,0.9861479997634888,-19.580074399650098
999,0.95101398229599,-19.558357643067836
1000,-0.4869266748428345,-19.54749387019873
1001,-7.567227363586426,-19.55856221240759
1002,-10.081343650817871,-19.578488420903682
1003,-11.319778442382812,-19.601537968099116
1004,-8.472047805786133,-19.407648464620113
1005,-19.258466720581055,-19.441132908284665
1006,-38.611412048339844,-19.37967204707861
1007,-27.93861961364746,-19.469548437535764
1008,-4.491499900817871,-19.292176744878294
1009,-6.6941914558410645,-19.143518024861812
1010,-6.1345415115356445,-18.992129951894285
1011,-4.136816501617432,-18.981459328114987
1012,-5.112883567810059,-18.985540041387083
1013,-2.6979479789733887,-18.93803779643774
1014,-1.5638879537582397,-18.89496256440878
1015,-8.865058898925781,-18.851836801469325
1016,-5.060853958129883,-18.719703004777433
1017,1.1475119590759277,-18.537628154695035
1018,1.2658859491348267,-18.34124780791998
1019,-3.057227373123169,-18.247922304570675
1020,0.719398021697998,-18.212020813405513
1021,-0.0028880001045763493,-18.175213098132982
1022,-10.674417495727539,-18.19747390135564
1023,-8.311591148376465,-18.20317390021123
1024,-61.13694763183594,-18.418912591541186
1025,-38.02691650390625,-18.55770918425359
1026,-45.62982177734375,-18.712253970706836
1027,-34.4983024597168,-18.8191175800208
1028,-40.68975830078125,-18.92740785940923
1029,-7.001150131225586,-18.902177260959522
1030,-5.561069965362549,-18.899925973499194
1031,-4.520208358764648,-18.907876713359727
1032,-7.193824768066406,-18.938922620380296
1033,-7.793125152587891,-18.972203481042758
1034,-7.390016555786133,-18.99664325126447
1035,-7.162408351898193,-19.020577908838167
1036,-6.668712139129639,-19.028297866189853
1037,-13.577210426330566,-19.057900647485628
1038,-14.750025749206543,-19.06913465627469
1039,-12.5874605178833,-18.87100116094388
1040,-3.8759405612945557,-18.55725409921445
1041,1.2353060245513916,-18.365275124872102
1042,1.4453999996185303,-18.15801626046933
1043,1.3721580505371094,-18.01984377511777
1044,-0.42778533697128296,-17.981162815177814
1045,-5.908175468444824,-17.97230915077962
1046,-12.032772064208984,-17.993845905387776
1047,-13.24090576171875,-18.035525155151262
1048,-8.115750312805176,-18.042182490432634
1049,-53.11284637451172,-18.228764508331196
1050,-42.66329574584961,-18.38160119160451
1051,-44.34175491333008,-18.539451745117084
1052,-26.764909744262695,-18.62120593556203
1053,-8.236583709716797,-18.61270731266774
1054,-51.6512336730957,-18.78500367268361
1055,-6.714125156402588,-18.60518391903676
1056,-5.801466464996338,-18.598755395019428
1057,-5.302374839782715,-18.62033650504984
1058,-7.526299953460693,-18.4723473750297
1059,-5.1814751625061035,-18.29889784538187
1060,-4.533814430236816,-18.28084447013773
1061,-12.89490795135498,-18.280701426619665
1062,-54.938377380371094,-18.45968624030985
1063,-10.101227760314941,-18.42736368095316
1064,-3.124922752380371,-18.301245452040806
1065,0.9470260143280029,-18.177532627219335
1066,0.8276860117912292,-17.84532927452959
1067,1.375614047050476,-17.524246618146076
1068,0.6796573400497437,-17.488414154404776
1069,-7.979020118713379,-17.500610554093495
1070,-7.282991409301758,-17.505371620530262
1071,-18.285917282104492,-17.561131689423696
1072,-17.689250946044922,-17.614795013779773
1073,-43.47699737548828,-17.77245040356554
1074,-47.743194580078125,-17.937396948212758
1075,-52.56355667114258,-18.12642176091112
1076,-20.141345977783203,-18.16316982304491
1077,-53.53049087524414,-18.318677975052967
1078,-51.76173400878906,-18.460307667130603
1079,-6.879549980163574,-18.444937713975087
1080,-7.513408184051514,-18.4452531284038
1081,-7.290891647338867,-18.43847525059618
1082,-5.180825233459473,-18.453589343423022
1083,-8.579950332641602,-18.454672515267507
1084,-6.280410289764404,-18.441179425591603
1085,-13.571024894714355,-18.46626163994707
1086,-7.033516883850098,-18.4461255811397
1087,-10.46563720703125,-18.41818946206011
1088,-2.0096592903137207,-18.27061913620867
1089,-43.66666793823242,-18.33820051133074
1090,1.2562739849090576,-18.01561441075243
1091,-43.8622932434082,-18.06563394200243
1092,-43.66306686401367,-18.204055408829824
1093,1.1655900478363037,-18.171218781823292
1094,-9.04093074798584,-18.188830638283864
1095,-8.450695037841797,-18.202175752038137
1096,-61.691253662109375,-18.420303265923636
1097,-83.74467468261719,-18.7283331655208
1098,-90.86194610595703,-19.062652917260305
1099,-47.084659576416016,-19.221924622887745
1100,-41.366546630859375,-19.31651780831255
1101,-53.05414962768555,-19.46591209160723
1102,-52.132232666015625,-19.59578983818926
1103,-6.905875205993652,-19.55674603402056
1104,-4.476224899291992,-19.508458749169485
1105,-4.781070232391357,-19.46417973648943
1106,-7.907741546630859,-19.44864300476946
1107,-5.256441593170166,-19.417502732628957
1108,-5.579686641693115,-19.367842673653737
1109,-15.513407707214355,-19.370877189034594
1110,-9.7398681640625,-19.16950882660784
1111,-5.028467178344727,-19.123904830330982
1112,1.4831459522247314,-18.977080919617787
1113,0.3930560052394867,-18.628707181924955
1114,0.5698180198669434,-18.294252861017362
1115,0.7255899906158447,-17.957051001543178
1116,0.9516557455062866,-17.74377857350744
1117,-1.7962039709091187,-17.545858653062954
1118,-10.54989242553711,-17.577371902460232
1119,-9.400285720825195,-17.60399284552969
1120,-20.774656295776367,-17.666446603769437
1121,-35.676239013671875,-17.792669292444362
1122,-41.532352447509766,-17.92878450202383
1123,-49.147674560546875,-18.103724567407742
1124,-36.23749923706055,-18.184411808008328
1125,-8.77857494354248,-18.163238906854765
1126,-7.302750110626221,-18.132444978708403
1127,-7.165766716003418,-18.128796075815334
1128,-4.745433330535889,-18.13448003291525
1129,-5.479825019836426,-18.159743324989453
1130,-4.533858299255371,-18.180017126077786
1131,-7.7573747634887695,-18.213318513149396
1132,-4.898353099822998,-18.197777102703228
1133,-58.64089584350586,-18.395303477520123
1134,-12.072361946105957,-18.388884139293804
1135,-51.66096115112305,-18.51323944782652
1136,-7.642335891723633,-18.40444074940123
1137,1.3203719854354858,-18.20346056150831
1138,0.7052080035209656,-18.011397725099698
1139,-2.601288080215454,-17.951376226419583
1140,-0.14642947912216187,-17.92588424086012
1141,-10.160614967346191,-17.75935409330763
1142,-9.013806343078613,-17.59391945051588
1143,-14.845890998840332,-17.63722461485304
1144,-62.22815704345703,-17.686782842392102
1145,-89.81346130371094,-17.846949651474134
1146,-86.10010528564453,-17.99112207579054
1147,-91.88604736328125,-18.156988332504408
1148,-47.90102005004883,-18.30102532362379
1149,-10.578808784484863,-18.125928739303724
1150,-6.677450180053711,-18.11126673292555
1151,-6.67620849609375,-18.1367630416099
1152,-3.048485040664673,-17.974033336753024
1153,-49.69863510131836,-17.994502742880954
1154,-50.04410934448242,-18.006965984458105
1155,-49.73178482055664,-18.012498378867285
1156,-50.74629592895508,-18.18937166988291
1157,-14.995911598205566,-18.194112300986426
1158,-7.145370006561279,-18.16678733646311
1159,-49.016876220703125,-18.308295560950413
1160,-6.650071144104004,-18.16725126850046
1161,-0.05830666795372963,-17.97477563286759
1162,0.28854599595069885,-17.849450092682616
1163,1.2495059967041016,-17.659856197724118
1164,-4.187543869018555,-17.646514839539304
1165,-4.395445346832275,-17.64019267500378
1166,-7.645294189453125,-17.6435758842323
1167,-11.27904224395752,-17.671355272660033
1168,-19.63212013244629,-17.71950728643872
1169,-32.498992919921875,-17.832581612000244
1170,-41.19072723388672,-17.975833855042232
1171,-20.791080474853516,-18.03633917654492
1172,-37.08217239379883,-17.956199253449217
1173,-10.150674819946289,-17.93687745703198
1174,-5.560094833374023,-17.90967147482373
1175,-6.739474773406982,-17.924700421700255
1176,-3.9139699935913086,-17.937005883106963
1177,-49.27071762084961,-18.13651310552098
1178,-4.5985331535339355,-18.158458574185147
1179,-49.38923263549805,-18.331791288265958
1180,-49.637577056884766,-18.524190593609585
1181,-13.133506774902344,-18.363186305889858
1182,-7.583675384521484,-18.1623667715881
1183,-4.703052520751953,-18.09721511448361
1184,1.3260420560836792,-17.92166489828564
1185,0.21468999981880188,-17.794836617717518
1186,-0.890067994594574,-17.613410897264256
1187,0.5631219744682312,-17.48004927850701
1188,0.7238439917564392,-17.258482805738225
1189,-5.935441970825195,-17.251296906003727
1190,-0.7815240025520325,-17.239515035400167
1191,-3.4756104946136475,-17.233666577110068
1192,-15.766402244567871,-17.280717072257772
1193,-40.23357009887695,-17.421731886634603
1194,-44.361446380615234,-17.576704571494833
1195,-46.27132797241211,-17.560950451621785
1196,-41.91291809082031,-17.483354489097373
1197,-6.698683261871338,-17.44954682804085
1198,-6.187458515167236,-17.444525912055745
1199,-7.489683151245117,-17.451798790702597
1200,-2.3869380950927734,-17.442796953925864
1201,-7.020758152008057,-17.453755905875937
1202,-5.849566459655762,-17.471932262191547
1203,-4.177820205688477,-17.48732023097016
1204,-50.8935546875,-17.652434271344916
1205,-56.68996047973633,-17.827672956952824
1206,-55.114654541015625,-17.97723849345185
1207,-49.899539947509766,-18.115767721662298
1208,1.413133978843689,-17.9355457429979
1209,0.997730016708374,-17.77119228936173
1210,1.1242704391479492,-17.681660921106115
1211,0.39340999722480774,-17.506246674427764
1212,-3.767245292663574,-17.48901802147366
1213,0.9701640009880066,-17.45240183080174
1214,-4.719751834869385,-17.458547377714886
1215,-16.614030838012695,-17.32721863473393
1216,-16.52681541442871,-17.376665963301434
1217,-36.26555252075195,-17.49712067330815
1218,-31.95879364013672,-17.60952616799809
1219,-45.716976165771484,-17.774974505553022
1220,-39.6446418762207,-17.71110768426396
1221,-10.648358345031738,-17.72168706429936
1222,-6.881658554077148,-17.72612060273625
1223,-3.947986602783203,-17.734825178274885
1224,-4.77988338470459,-17.75810644782521
1225,-5.181366443634033,-17.778489129612222
1226,-7.654566764831543,-17.813310236522927
1227,-7.410383224487305,-17.842542772093786
1228,-8.19843864440918,-17.853289142409338
1229,-5.879847526550293,-17.84166703013517
1230,-54.877174377441406,-18.012714027205483
1231,-9.381793022155762,-17.979286136427895
1232,-0.6588006615638733,-17.898050863305105
1233,1.5508079528808594,-17.750575033226983
1234,-0.24439600110054016,-17.617522313276307
1235,0.6214359998703003,-17.453339761415496
1236,1.281008005142212,-17.41947316233255
1237,-0.16188399493694305,-17.389708697656168
1238,-7.682159423828125,-17.41036757502891
1239,-13.131500244140625,-17.264185705522074
1240,-13.806713104248047,-17.12235135493614
1241,-43.809940338134766,-17.270500183442607
1242,-42.468231201171875,-17.424669974664226
1243,-51.73097610473633,-17.604860013345256
1244,-41.924259185791016,-17.711447045663373
1245,-7.342931747436523,-17.723718203881756
1246,-51.561859130859375,-17.73230356154777
1247,-49.74283218383789,-17.925374447682874
1248,-49.643489837646484,-18.12789299903251
1249,-4.824841499328613,-18.15099642095901
1250,-49.61261749267578,-18.347499184230344
1251,-50.850650787353516,-18.52063287792541
1252,-6.599043369293213,-18.50670367679931
1253,-15.15440559387207,-18.52204218540527
1254,-15.858631134033203,-18.55158851871826
1255,-13.196517944335938,-18.52734072361328
1256,0.015904000028967857,-18.372831459419803
1257,1.3708620071411133,-18.255593532936647
1258,-2.6776773929595947,-18.248338242905213
1259,0.7196679711341858,-18.218682805197314
1260,-6.083757400512695,-18.218479668753222
1261,-0.3700360059738159,-18.203412546770647
1262,-6.112666606903076,-18.20741167892702
1263,-16.937402725219727,-18.264369497912003
1264,-16.041942596435547,-18.322281716482713
1265,-35.80746841430664,-18.430051354544236
1266,-84.93192291259766,-18.749535630362107
1267,-89.00570678710938,-19.11014850534685
1268,-46.29925537109375,-19.300409070627765
1269,-7.661111831665039,-19.31882460846193
1270,-6.801491737365723,-19.348908167498188
1271,-50.105751037597656,-19.54931961964816
1272,-50.267601013183594,-19.707692353717984
1273,-7.62618350982666,-19.704950723163783
1274,-7.354158401489258,-19.489819566242396
1275,-8.447783470153809,-19.371503034107388
1276,-6.444753646850586,-19.214762761585416
1277,-5.726383209228516,-19.09967508458346
1278,-8.546253204345703,-18.97110106419772
1279,-3.6500279903411865,-18.95769657563418
1280,0.8622999787330627,-18.932003095857798
1281,1.361232042312622,-18.90847733425349
1282,-43.720218658447266,-19.054582909815014
1283,1.1689380407333374,-19.01873465704173
1284,-46.861061096191406,-19.17661883520335
1285,-18.69934844970703,-19.222766595594585
1286,-15.973587989807129,-19.259986098997295
1287,-9.605940818786621,-19.24410102056712
1288,-62.3390007019043,-19.43445692037791
1289,-36.6055908203125,-19.53052944158763
1290,-49.298851013183594,-19.712221083395182
1291,-41.74591827392578,-19.884145980589093
1292,-41.480926513671875,-20.055851286642252
1293,-10.948766708374023,-20.105134985677896
1294,-6.678961753845215,-20.130139691345395
1295,-50.22285842895508,-20.307398423187436
1296,-49.77446746826172,-20.458365204803645
1297,-4.9761834144592285,-20.42530631541461
1298,-5.926050186157227,-20.416547514908014
1299,-5.547100067138672,-20.226284529678523
1300,-6.020651340484619,-20.079713952057062
1301,-55.94485092163086,-20.126126336090266
1302,-12.234461784362793,-20.068004544250666
1303,-2.6428725719451904,-20.04562969969958
1304,1.396841287612915,-19.833437399856745
1305,-43.641143798828125,-19.981145474426448
1306,1.286478042602539,-19.952793696396053
1307,0.3689559996128082,-19.930108373038472
1308,0.7139620184898376,-19.89714732515067
1309,-4.3834381103515625,-19.89395517694205
1310,-9.994298934936523,-19.91579711496085
1311,-12.203668594360352,-19.91303215753287
1312,-62.43516159057617,-19.94301929437369
1313,-85.6784896850586,-20.245328342072664
1314,-49.737308502197266,-20.431777885071934
1315,-46.881168365478516,-20.62309066259116
1316,-48.72163009643555,-20.821287927024066
1317,-11.015283584594727,-20.870851517550648
1318,-6.842549800872803,-20.900940346114336
1319,-3.2413182258605957,-20.881989538542925
1320,-6.211999893188477,-20.877705572478472
1321,-6.816500186920166,-20.831827904097736
1322,-3.847881555557251,-20.776462426535787
1323,-49.9259147644043,-20.80225809609145
1324,-7.921620845794678,-20.642971801154314
1325,-10.03406810760498,-20.472853846900165
1326,-10.688678741455078,-20.435043177954853
1327,-2.2979867458343506,-20.230113161437213
1328,0.2821033298969269,-20.02193781208247
1329,0.6806979775428772,-19.991696820251644
1330,0.6223239898681641,-19.959153891555964
1331,-0.021390000358223915,-19.93007588496804
1332,0.629938006401062,-19.9068328320086
1333,-4.876877307891846,-19.892020539909602
1334,-7.4833760261535645,-19.896832402855157
1335,-8.17794132232666,-19.875260068565606
1336,-19.032194137573242,-19.9232547775805
1337,-34.06262969970703,-20.017642747551204
1338,-45.44628143310547,-20.19138923612237
1339,-48.54562759399414,-20.210905074745416
1340,-43.21498489379883,-20.38879011026025
1341,-7.161483287811279,-20.24198687043786
1342,-8.397516250610352,-20.10092466798425
1343,-5.157750129699707,-20.126218028694392
1344,-7.402799129486084,-20.119665502220393
1345,-10.47576904296875,-20.1277657982409
1346,-1.4640053510665894,-19.88685680499673
1347,1.3945859670639038,-19.546299762398004
1348,1.1809719800949097,-19.178128090053796
1349,-0.12684200704097748,-18.990296819776297
1350,1.1719839572906494,-18.820142697423698
1351,0.6647099852561951,-18.605267258971928
1352,-5.927714824676514,-18.42044918760657
1353,-17.522449493408203,-18.46291548475623
1354,-16.981063842773438,-18.512934840530157
1355,-49.94035339355469,-18.69357197317481
1356,-45.2696533203125,-18.843019620269537
1357,-23.50432586669922,-18.916011157363652
1358,-39.21815490722656,-19.050565030425787
1359,-8.64716625213623,-19.023100064605476
1360,-9.209258079528809,-19.02097762426734
1361,-2.39109206199646,-19.010428123801947
1362,-4.358602046966553,-19.03379511579871
1363,-7.509833335876465,-19.065406673163174
1364,-4.630053520202637,-19.086206159323453
1365,-5.224916458129883,-19.11000818511844
1366,-8.578880310058594,-19.148130329340695
1367,-11.936455726623535,-19.188691336363554
1368,-9.486288070678711,-19.18443691894412
1369,-12.25106430053711,-19.195840033262968
1370,-11.906720161437988,-19.160368288725614
1371,-1.7660460472106934,-19.02472751685977
1372,-52.62398147583008,-19.06909403297305
1373,-8.771554946899414,-18.907589554518463
1374,-4.557804584503174,-18.78087077590823
1375,-54.82234573364258,-18.96504585906863
1376,-52.79142379760742,-19.147000553816557
1377,-15.245793342590332,-19.179320660322905
1378,-15.322731971740723,-19.221629854887723
1379,-44.34681701660156,-19.377097822874784
1380,-51.62147521972656,-19.56544829055667
1381,-50.82524490356445,-19.73771977111697
1382,-42.72377395629883,-19.889021454542874
1383,-10.934791564941406,-19.698197037428617
1384,-6.572908401489258,-19.67619922325015
1385,-7.170966625213623,-19.498239245146515
1386,-7.481016635894775,-19.497593968123198
1387,-6.871425151824951,-19.53036115667224
1388,-7.520450115203857,-19.56326378914714
1389,-7.92128324508667,-19.584543769806622
1390,-6.192611217498779,-19.60872849676013
1391,-14.532522201538086,-19.626216125696896
1392,-8.175880432128906,-19.622864422053098
1393,-8.030162811279297,-19.595601509302856
1394,-18.780302047729492,-19.421810089319944
1395,-9.700837135314941,-19.10135959264636
1396,-6.5264973640441895,-18.78306516095996
1397,-6.925012588500977,-18.44322102186084
1398,-5.071234703063965,-18.2719018804729
1399,-52.00439453125,-18.43760422345996
1400,-53.78227233886719,-18.626023512095212
1401,-57.69810485839844,-18.83011109754443
1402,-17.357084274291992,-18.88734549447894
1403,-44.742713928222656,-18.86752180978656
1404,-35.7227897644043,-18.810236531466245
1405,-46.08405685424805,-18.79564561960101
1406,-86.16837310791016,-18.937333928316832
1407,-8.591699600219727,-18.911717080324888
1408,-8.839841842651367,-18.918494967669247
1409,-4.291299819946289,-18.739592662066222
1410,-4.191524982452393,-18.729758477419615
1411,-4.75225830078125,-18.748534283950924
1412,-4.862103462219238,-18.769136881783606
1413,-8.15690803527832,-18.806762537911535
1414,-8.310830116271973,-18.823255682900548
1415,-11.995084762573242,-18.85365424056351
1416,-10.99951171875,-18.867071110680698
1417,-6.00777530670166,-18.845986042931678
1418,-9.085352897644043,-18.803798973992468
1419,-4.589047431945801,-18.692159192040563
1420,-7.1600871086120605,-18.556036631539463
1421,-10.079446792602539,-18.51319009681046
1422,-8.317004203796387,-18.39812942405045
1423,-6.698638439178467,-18.38432127852738
1424,-16.24518585205078,-18.427061642602087
1425,-15.035837173461914,-18.460247092202305
1426,-14.631399154663086,-18.503116808846592
1427,-43.37458801269531,-18.479532290413974
1428,-38.971092224121094,-18.617022526696324
1429,-43.99639892578125,-18.595451191857457
1430,-88.41252899169922,-18.750550999596715
1431,-10.424108505249023,-18.739713406518103
1432,-9.096266746520996,-18.7457637719661
1433,-7.660524845123291,-18.757593661263584
1434,-7.816308498382568,-18.79416306348145
1435,-5.178874969482422,-18.815737323358654
1436,-5.316675186157227,-18.833443752124907
1437,-5.016049861907959,-18.85576043947041
1438,-6.333019256591797,-18.883987892463804
1439,-17.441452026367188,-18.93001193268597
1440,-10.69159984588623,-18.969652236059307
1441,-2.4792299270629883,-18.965666713789105
1442,-5.483723163604736,-18.924535997465252
1443,-7.720364093780518,-18.794483173444867
1444,-10.631148338317871,-18.65956198127568
1445,-6.717054843902588,-18.50134488876164
1446,-7.041133403778076,-18.36185775001347
1447,-10.575623512268066,-18.377365511015057
1448,-11.597297668457031,-18.399004867628218
1449,-17.09929656982422,-18.437443321302535
1450,-15.744779586791992,-18.49087468726933
1451,-43.00794982910156,-18.634823453977702
1452,-24.075166702270508,-18.707725854948162
1453,-49.96651077270508,-18.89088061721623
1454,-47.75471878051758,-18.8783252735883
1455,-7.979400157928467,-18.68348303230107
1456,-5.99331521987915,-18.48699767501652
1457,-49.28631591796875,-18.484544778898357
1458,-6.551733493804932,-18.51640424878895
1459,-3.9512367248535156,-18.5362001157552
1460,-7.332058429718018,-18.570025431230665
1461,-3.7168033123016357,-18.58646628446877
1462,-50.854801177978516,-18.77481650801003
1463,-11.639032363891602,-18.825253293469547
1464,-13.354266166687012,-18.85979135079682
1465,-5.852797985076904,-18.816746419385076
1466,-48.138450622558594,-18.943192960217594
1467,-11.110054969787598,-18.84257097001374
1468,0.3341040015220642,-18.713399379447104
1469,-3.3365514278411865,-18.54387768049538
1470,-4.097663879394531,-18.401689768508078
1471,-5.058176040649414,-18.379329039290546
1472,-8.13854694366455,-18.384356592848896
1473,-11.99841594696045,-18.416558310225607
1474,-59.22317886352539,-18.634331492140888
1475,-35.34164810180664,-18.75497261877358
1476,-81.86493682861328,-19.051814099028707
1477,-42.5278205871582,-19.19228384847939
1478,-30.77341651916504,-19.282583759978415
1479,-7.635658264160156,-19.289607002928854
1480,-50.89116668701172,-19.273662972167134
1481,-4.150466442108154,-19.252737665846944
1482,-4.431700229644775,-19.267829264119268
1483,-6.726474761962891,-19.300938394978644
1484,-4.764933109283447,-19.319020543411373
1485,-6.380566596984863,-19.347028553798793
1486,-7.42799711227417,-19.38186457426846
1487,-15.231700897216797,-19.44214384187758
1488,-2.239959955215454,-19.42037504400313
1489,-10.182574272155762,-19.40857934011519
1490,0.09416266530752182,-19.35297583703697
1491,-48.301780700683594,-19.37094319848716
1492,0.7112020254135132,-19.198225465580823
1493,1.1489759683609009,-18.986705657288432
1494,1.1476140022277832,-18.814418164536356
1495,-4.7530412673950195,-18.80405860261619
1496,-6.348790168762207,-18.623206326767804
1497,-15.96034049987793,-18.48807636003196
1498,-8.045310974121094,-18.32168364457786
1499,-34.73782730102539,-18.441335587784646
1500,-37.85756301879883,-18.39431536988914
1501,-40.11146926879883,-18.351358643814923
1502,-44.041358947753906,-18.501127906128765
1503,-6.46327018737793,-18.466363364502786
1504,-51.218658447265625,-18.607803473755716
1505,-49.4359245300293,-18.75276110009849
1506,-7.278649806976318,-18.78193931532651
1507,-4.933933258056641,-18.807158496387302
1508,-4.611528396606445,-18.81489390040189
1509,-49.965240478515625,-19.01763353420049
1510,-51.045326232910156,-19.19747980953008
1511,-17.532394409179688,-19.266129243142903
1512,-8.1720609664917,-19.274366820581257
1513,-8.410032272338867,-19.240257338769734
1514,-8.86428165435791,-19.211546695001424
1515,-0.6217246651649475,-19.070803720004857
1516,-2.9437973499298096,-18.742851217754186
1517,0.1845259964466095,-18.38609028661996
1518,0.9853659868240356,-18.19695180118829
1519,-5.562314510345459,-18.18855661190301
1520,-11.554264068603516,-18.207567701227962
1521,-12.262927055358887,-18.05619640529901
1522,-20.875337600708008,-17.938627351649107
1523,-43.38167953491211,-18.081649335749447
1524,-48.0650520324707,-18.244492910273372
1525,-51.212276458740234,-18.41555088222772
1526,-20.50739288330078,-18.471801439173518
1527,-8.424757957458496,-18.48259493816644
1528,-5.464267730712891,-18.47026699627191
1529,-5.097949981689453,-18.4760586842373
1530,-7.416775226593018,-18.509174985058607
1531,-7.537566661834717,-18.544770179875194
1532,-5.681541442871094,-18.392615471012892
1533,-5.8325581550598145,-18.420621455796063
1534,-7.721746444702148,-18.264064197190105
1535,-16.10456657409668,-18.253685069687666
1536,-13.141512870788574,-18.24235676921159
1537,-4.7998738288879395,-18.223132501251996
1538,1.3380680084228516,-17.968424226410686
1539,0.12116999924182892,-17.82151718313247
1540,1.3825980424880981,-17.618791386909784
1541,-0.229762002825737,-17.45272676182538
1542,1.381518006324768,-17.281276983745396
1543,-2.8207619190216064,-17.248764964587988
1544,-6.147538661956787,-17.24663927222043
1545,-12.042157173156738,-17.09391646719724
1546,-5.867027282714844,-16.918286706455053
1547,-44.83271026611328,-17.07771281386167
1548,-49.85478973388672,-17.253427772052586
1549,-48.19894027709961,-17.42403513289243
1550,-45.37091827392578,-17.581436200626193
1551,-7.6570000648498535,-17.38828479719907
1552,-6.734758377075195,-17.36628598356992
1553,-7.129908561706543,-17.384234127528966
1554,-7.138683319091797,-17.418376225955786
1555,-7.184183120727539,-17.272548383243382
1556,-2.9770541191101074,-17.289602511890234
1557,-8.323466300964355,-17.32437220109254
1558,-3.2372779846191406,-17.34017716110498
1559,-9.688612937927246,-17.36139786041528
1560,-12.006582260131836,-17.36944699371606
1561,-3.8197081089019775,-17.335911151774226
1562,-4.197507858276367,-17.10296053684503
1563,1.4691599607467651,-16.754369938261807
1564,1.4535000324249268,-16.549606704123317
1565,0.8122199773788452,-16.358833150751888
1566,-2.8658039569854736,-16.17540984619409
1567,-1.7737452983856201,-16.13844369304925
1568,-3.025836706161499,-16.123176840670407
1569,-11.950664520263672,-16.15801422584802
1570,-18.883275985717773,-16.208699330218135
1571,-44.93157196044922,-16.361159617312254
1572,-47.159767150878906,-16.53440715969354
1573,-50.1008415222168,-16.53510686672479
1574,-48.68172836303711,-16.69814729679376
1575,-6.121463298797607,-16.682496877558528
1576,-6.550808429718018,-16.66594539631158
1577,-5.110516548156738,-16.67719551552087
1578,-7.030350208282471,-16.70644532967359
1579,-4.888108253479004,-16.728720554597675
1580,-6.971958160400391,-16.75909768319875
1581,-4.941289901733398,-16.77877728280425
1582,-50.37895965576172,-16.9828128734529
1583,-15.350086212158203,-17.024705709069966
1584,-12.57154369354248,-17.045058379739523
1585,-4.083309173583984,-17.028679851144553
1586,1.3568860292434692,-16.947123530477285
1587,0.8187400102615356,-16.80759805163741
1588,-0.24458199739456177,-16.626791253894567
1589,0.7630839943885803,-16.429556407541035
1590,0.701740026473999,-16.253889507859945
1591,-1.1522910594940186,-16.229852738946676
1592,-10.354589462280273,-16.237681031793358
1593,-11.218886375427246,-16.261925576776267
1594,-20.840797424316406,-16.315677569955586
1595,-37.877071380615234,-16.425282779306173
1596,-38.61199188232422,-16.573874725431203
1597,-48.640499114990234,-16.77401506575942
1598,-38.97653579711914,-16.934645096868277
1599,-10.291725158691406,-16.975304629474877
1600,-6.122133255004883,-17.00448109832406
1601,-7.371491432189941,-17.036625903993844
1602,-3.255293369293213,-17.025936218172312
1603,-4.43809175491333,-16.973598787218332
1604,-7.1304497718811035,-16.934196330934764
1605,-5.355241775512695,-16.755855884462594
1606,-7.927827835083008,-16.606488582521678
1607,-7.897096633911133,-16.544059665590524
1608,-9.05368709564209,-16.423401794344187
1609,-51.145172119140625,-16.593393817812203
1610,-5.191013336181641,-16.577320838838816
1611,0.1525920033454895,-16.567146102577446
1612,1.454543948173523,-16.54389351859689
1613,-3.590574026107788,-16.528216481357813
1614,-1.570245385169983,-16.51597724881768
1615,-0.47235798835754395,-16.496967014938594
1616,-11.200345039367676,-16.50745287385583
1617,-11.567484855651855,-16.50597699037194
1618,-12.687838554382324,-16.518783192306756
1619,-82.81722259521484,-16.80104782548547
1620,-87.30065155029297,-17.10262355104089
1621,-48.56602096557617,-17.28982345071435
1622,-48.17677307128906,-17.272034617096185
1623,-7.306314945220947,-17.26617365708947
1624,-8.274666786193848,-17.281041105896236
1625,-4.2359418869018555,-17.078695490509272
1626,-5.948208332061768,-16.89132262864709
1627,-4.859616756439209,-16.849777922302483
1628,-7.314833164215088,-16.81774632707238
1629,-3.0885684490203857,-16.65271333280206
1630,-4.782114505767822,-16.465355889946224
1631,-53.943565368652344,-16.477829171806572
1632,-50.70232391357422,-16.509743371635675
1633,-46.23457336425781,-16.65094249883294
1634,0.9251019954681396,-16.62095045724511
1635,0.987887978553772,-16.588315038830043
1636,-1.4396840333938599,-16.56414970842004
1637,0.647596001625061,-16.53407362380624
1638,0.5682520270347595,-16.501718815237282
1639,-3.3710227012634277,-16.48351777306199
1640,-5.61621618270874,-16.48121219292283
1641,-9.544476509094238,-16.461260010153055
1642,-11.34468936920166,-16.473935245901345
1643,-80.24810028076172,-16.762806995779275
1644,-44.870391845703125,-16.86716735497117
1645,-46.05498123168945,-17.01258393135667
1646,-38.966522216796875,-17.142344030767678
1647,-7.676283359527588,-17.145349113851786
1648,-5.164575099945068,-17.14572247543931
1649,-4.151333332061768,-16.95431023064256
1650,-2.9402599334716797,-16.750942181020974
1651,-6.6941914558410645,-16.546926527410747
1652,-3.35746169090271,-16.49092803707719
1653,-49.136817932128906,-16.508504453092815
1654,-50.112884521484375,-16.566064832121135
1655,-14.484058380126953,-16.43966483822465
1656,-5.48468017578125,-16.116930066496135
1657,-8.865058898925781,-16.118023503690956
1658,-1.300853967666626,-16.087867552191017
1659,1.1475119590759277,-16.06611230507493
1660,0.7711259722709656,-16.046261701256036
1661,0.7027726769447327,-16.024441577345133
1662,1.0074779987335205,-16.00096325150132
1663,-6.813135147094727,-15.995588159948587
1664,-4.341235637664795,-15.979709782034158
1665,-14.786025047302246,-15.990873543173075
1666,-16.136945724487305,-16.011423279196023
1667,-38.02691650390625,-16.139499843984844
1668,-45.62982177734375,-16.285677719503642
1669,-38.75398254394531,-16.42233745995164
1670,-34.409759521484375,-16.531336149603128
1671,-9.261150360107422,-16.528062963873147
1672,-6.078149795532227,-16.51910754624009
1673,-2.968968391418457,-16.504188866049052
1674,-4.9338250160217285,-16.458943422704934
1675,-7.793125152587891,-16.429972574621438
1676,-5.130016803741455,-16.391967045217754
1677,-4.902408123016357,-16.238078325659036
1678,-6.668712139129639,-16.10886880531907
1679,-13.577210426330566,-15.987192051321268
1680,-2.9148058891296387,-15.64520115891099
1681,-5.278433322906494,-15.624618458181619
1682,-11.64299488067627,-15.63480537071824
1683,-11.139528274536133,-15.648721384435891
1684,-2.721238136291504,-15.628341102987529
1685,-43.58343505859375,-15.781959343343972
1686,1.4490360021591187,-15.754896498590707
1687,-1.4889559745788574,-15.74078812304139
1688,0.649071991443634,-15.71285975804925
1689,0.7211620211601257,-15.64020930185914
1690,0.843995988368988,-15.59406691852212
1691,0.4355759918689728,-15.582407694846392
1692,-13.08845043182373,-15.612826603919268
1693,-15.118858337402344,-15.642420580893756
1694,-37.05247116088867,-15.748105872184038
1695,-46.00222396850586,-15.90524654868245
1696,-48.523460388183594,-16.071175856620073
1697,-20.521642684936523,-16.110959933310745
1698,-9.175891876220703,-16.1012743101418
1699,-6.273258209228516,-16.05797015669942
1700,-7.157641887664795,-16.02362160590291
1701,-3.418339967727661,-15.865263166457414
1702,-6.935341835021973,-15.79670386698842
1703,-6.246016502380371,-15.621821889907121
1704,-3.9424567222595215,-15.44657284167409
1705,-7.386875152587891,-15.444202741652727
1706,-13.309745788574219,-15.473468463927507
1707,-7.528458595275879,-15.306437034636735
1708,-48.94963836669922,-15.476028654128314
1709,-2.524564027786255,-15.470321963340044
1710,1.3355640172958374,-15.435651473551989
1711,-1.544450044631958,-15.42696206048131
1712,1.2799619436264038,-15.21842300799489
1713,0.6158440113067627,-15.169403502494097
1714,1.3305059671401978,-15.110664413958787
1715,-5.590382099151611,-15.109614750415087
1716,-12.831073760986328,-14.968385242968798
1717,-19.958087921142578,-15.003777374774218
1718,-33.068233489990234,-15.137386724740267
1719,-43.195037841796875,-15.29682067039609
1720,-45.23569869995117,-15.461372809678316
1721,-46.4287109375,-15.626854949265718
1722,-7.370025157928467,-15.623780862122775
1723,-3.2781879901885986,-15.588899950295687
1724,-6.477849960327148,-15.377918634682894
1725,-1.779028058052063,-15.243668154507876
1726,-6.080158233642578,-14.940529040127993
1727,-7.042808532714844,-14.798588991910218
1728,-2.3287200927734375,-14.684810206204652
1729,-4.121397018432617,-14.670753161221743
1730,-56.61253356933594,-14.693638628751039
1731,-7.921998023986816,-14.708724755078554
1732,-1.9191679954528809,-14.698674626141786
1733,1.2556979656219482,-14.666745935231447
1734,1.255895972251892,-14.642662618905305
1735,-43.94797134399414,-14.792932237893343
1736,-43.918487548828125,-14.93889419963956
1737,-43.88581848144531,-15.053510669976474
1738,0.3649440109729767,-15.04309105411172
1739,-5.091375350952148,-15.022726258426905
1740,-10.954841613769531,-15.066922275543213
1741,-12.059483528137207,-14.921953086853028
1742,-28.74351692199707,-15.03977196264267
1743,-22.601594924926758,-15.13477424621582
1744,-34.99850845336914,-15.279358736038208
1745,-32.474609375,-15.390245008468629
1746,-8.977858543395996,-15.400761281967164
1747,-6.392316818237305,-15.3624891872406
1748,-3.9050917625427246,-15.345928310394287
1749,-4.667216777801514,-15.225645868301392
1750,-4.680325031280518,-15.092936916351318
1751,-4.034220218658447,-14.948627920150757
1752,-4.109950065612793,-14.788902284622193
1753,-49.98094940185547,-14.962973001480103
1754,-14.7095365524292,-14.816936513900757
1755,-8.620558738708496,-14.653675050735474
1756,-5.508660793304443,-14.646595094680785
1757,-0.04757000133395195,-14.627049641653896
1758,-0.9855939745903015,-14.612545903965831
1759,0.45418599247932434,-14.41086819808185
1760,0.5099679827690125,-14.204647021219134
1761,-1.1174900531768799,-14.138987403795124
1762,1.1317499876022339,-14.101772159978747
1763,-4.657989501953125,-14.086763988897204
1764,-11.500441551208496,-14.097308628484607
1765,-12.77491283416748,-14.145921381160617
1766,-38.509891510009766,-14.288185757800937
1767,-40.353271484375,-14.450336947724223
1768,-15.910470008850098,-14.51792029170692
1769,-34.76885986328125,-14.634746473118662
1770,-9.249449729919434,-14.625527215763926
1771,-3.130690097808838,-14.588998267933727
1772,-7.330108165740967,-14.534817350193858
1773,-7.182558536529541,-14.390020866200327
1774,-2.0218820571899414,-14.205848186299205
1775,-4.230069160461426,-14.01791935710609
1776,-7.359466552734375,-13.965327651783824
1777,-7.967108249664307,-13.963497052952647
1778,-9.678223609924316,-13.980352876469492
1779,-55.61750793457031,-14.182431108281015
1780,-4.963942527770996,-14.172619777485728
1781,1.2334320545196533,-14.137535782620311
1782,-43.68518829345703,-14.289550370022654
1783,-0.8520860075950623,-14.269628481432795
1784,-1.145427942276001,-14.24332320742309
1785,1.4677079916000366,-14.173034109160303
1786,1.2394440174102783,-14.11551028160751
1787,-3.851818084716797,-14.111718058630824
1788,-8.848538398742676,-14.152464484259486
1789,-19.45716094970703,-14.230777808055281
1790,-13.208796501159668,-14.289143386229872
1791,-36.26484298706055,-14.433283710166812
1792,-41.66269302368164,-14.605460554286838
1793,-83.05440521240234,-14.92639512746036
1794,-8.211125373840332,-14.934649474307895
1795,-8.771699905395508,-14.92156764523685
1796,-7.306166648864746,-14.927324202701449
1797,-3.382265090942383,-14.761522422000766
1798,-4.438958168029785,-14.579859095737339
1799,-7.109433174133301,-14.415501067325472
1800,-7.579708099365234,-14.26433622662723
1801,-8.062549591064453,-14.265958424732089
1802,-6.585746765136719,-14.265362378284335
1803,-54.70516586303711,-14.455663407489658
1804,-48.14767074584961,-14.619699357196689
1805,1.4140440225601196,-14.585306448623538
1806,1.3369859457015991,-14.568050288364292
1807,-43.74557876586914,-14.70973873822391
1808,1.2306239604949951,-14.691867130443454
1809,-0.32680800557136536,-14.65441991071403
1810,1.2783420085906982,-14.60128021363914
1811,-2.485896110534668,-14.595944965645671
1812,-9.826004028320312,-14.618458950325847
1813,-16.17082977294922,-14.68901890926063
1814,-28.846906661987305,-14.81022053603828
1815,-45.79962158203125,-14.99666790227592
1816,-39.99753189086914,-15.145194814011454
1817,-37.72456359863281,-15.288998087212443
1818,-9.872583389282227,-15.316385073944927
1819,-5.264989852905273,-15.289642375275493
1820,-5.007058143615723,-15.234137503907084
1821,-4.665050029754639,-15.073071416184305
1822,-6.315783500671387,-14.909695481583476
1823,-7.388824939727783,-14.73884741525352
1824,-5.18613338470459,-14.56486503534019
1825,-4.623764991760254,-14.55887424211204
1826,-56.91558837890625,-14.760333361908794
1827,-8.070409774780273,-14.772172934815288
1828,-47.85285186767578,-14.935462941452862
1829,1.3340879678726196,-14.910574156567455
1830,-43.700401306152344,-15.057487929150462
1831,-43.78494644165039,-15.21286255531013
1832,-43.575191497802734,-15.185647482678295
1833,0.23994599282741547,-15.123287353858352
1834,1.1803200244903564,-15.068279898986221
1835,-7.183730125427246,-15.080681582793593
1836,-14.649810791015625,-15.14470837007463
1837,-20.28870391845703,-15.229138145789504
1838,-33.51289749145508,-15.362211407765747
1839,-39.50011444091797,-15.523264201506972
1840,-40.549041748046875,-15.688267328605056
1841,-43.5319709777832,-15.857786048278212
1842,-9.894575119018555,-15.855945990905166
1843,-6.222558498382568,-15.835960679396987
1844,-2.7080979347229004,-15.763429881438613
1845,-7.048116683959961,-15.640114062651993
1846,-7.5577168464660645,-15.51589696250856
1847,-6.779775142669678,-15.348454066619277
1848,-5.4021501541137695,-15.214156524047256
1849,-5.193391799926758,-15.193763190612197
1850,-16.929813385009766,-15.236993911132217
1851,-2.3101000785827637,-15.216748345717788
1852,-4.625507354736328,-15.22222920165956
1853,1.3566960096359253,-15.199050050601363
1854,0.7230160236358643,-15.167636187419296
1855,1.385316014289856,-15.140673956260086
1856,-1.3475879430770874,-15.11435299669206
1857,1.333475947380066,-15.077430706366897
1858,1.203645944595337,-15.036401374205948
1859,-0.15908999741077423,-14.832457045719028
1860,-10.852112770080566,-14.855101443454624
1861,-16.893978118896484,-14.923287723943591
1862,-25.330673217773438,-15.030428592607379
1863,-40.86735153198242,-15.179535702630877
1864,-83.15991973876953,-15.505894400045277
1865,-35.611637115478516,-15.646451516553759
1866,-7.659275054931641,-15.632287236616015
1867,-8.265674591064453,-15.619079995557666
1868,-4.8892998695373535,-15.587885840818286
1869,-5.884291648864746,-15.280154117032886
1870,-7.244958400726318,-14.959931344434619
1871,-4.731133460998535,-14.784591794416308
1872,-4.803066730499268,-14.611096969053149
1873,-8.549833297729492,-14.616071042463183
1874,-12.521561622619629,-14.633058621808887
1875,-7.876275539398193,-14.647619956418872
1876,-8.091465950012207,-14.656192986890673
1877,-4.500912189483643,-14.654758168622852
1878,0.6897879838943481,-14.622739684030414
1879,-0.3226560056209564,-14.611676034256815
1880,0.675279974937439,-14.589846456333994
1881,1.3627979755401611,-14.368621002957225
1882,1.3168799877166748,-14.16054418735206
1883,-0.5501019954681396,-13.977806301876903
1884,-9.341021537780762,-14.018870796009898
1885,-6.858332633972168,-14.050255678460003
1886,-35.84926223754883,-14.187893991276622
1887,-39.55774688720703,-14.34871536283195
1888,-48.24726486206055,-14.543977430388331
1889,-32.32552719116211,-14.659795448347927
1890,-10.094666481018066,-14.677709249541163
1891,-5.621524810791016,-14.66201744274795
1892,-3.8977251052856445,-14.632229585692286
1893,-3.3324365615844727,-14.324566930815578
1894,-4.330733299255371,-14.162408296629787
1895,-49.0269660949707,-14.174296236082911
1896,-6.170724868774414,-14.043113046690822
1897,-4.713475227355957,-14.031261814162136
1898,-11.708252906799316,-14.057436525389551
1899,-11.319724082946777,-14.086110088393092
1900,-1.4457273483276367,-14.080131958052515
1901,0.8137440085411072,-14.050100216194988
1902,0.6878079771995544,-14.033919137522577
1903,-1.6154760122299194,-13.843833769842982
1904,0.38978201150894165,-13.641823103711008
1905,0.561735987663269,-13.581639926239848
1906,0.5332599878311157,-13.5575681655854
1907,-3.631225347518921,-13.536632831379771
1908,-1.4213119745254517,-13.537114663407207
1909,-17.638477325439453,-13.612258620545267
1910,-25.870750427246094,-13.718826126143336
1911,-34.38848114013672,-13.859191141411662
1912,-34.44877243041992,-14.001016143128275
1913,-40.620601654052734,-14.136246009156109
1914,-5.6637701988220215,-14.141536147400737
1915,-7.309958457946777,-14.111631881043316
1916,-3.8868916034698486,-14.062631664559245
1917,-3.515308380126953,-13.924585232064128
1918,-3.3308117389678955,-13.755389191910625
1919,-6.909124851226807,-13.62800976113975
1920,-3.5940616130828857,-13.504746969506144
1921,-50.22502517700195,-13.668602468773722
1922,-15.309772491455078,-13.705528959557414
1923,-5.653299331665039,-13.7162662833184
1924,-5.698058128356934,-13.71932321576774
1925,1.2874139547348022,-13.68300105933845
1926,0.4761820137500763,-13.660576264068485
1927,1.1426759958267212,-13.636395927593112
1928,1.1099779605865479,-13.605281167194248
1929,1.229490041732788,-13.546054365321995
1930,0.23387600481510162,-13.533459637746216
1931,0.4137580096721649,-13.5106908724159
1932,-10.894516944885254,-13.507696960672735
1933,-12.864755630493164,-13.514597870096564
1934,-26.375707626342773,-13.60921574805677
1935,-41.086544036865234,-13.599228183969855
1936,-35.39794921875,-13.746616124853492
1937,-39.87003707885742,-13.900140449270607
1938,-6.625016689300537,-13.929236803993582
1939,-4.851383209228516,-13.951526984915137
1940,-4.093808174133301,-13.971278201565147
1941,-3.798914909362793,-13.988216165170073
1942,-4.177008152008057,-13.952570396050811
1943,-49.66840744018555,-14.090768592461943
1944,-49.992218017578125,-14.142527579888702
1945,-7.469208240509033,-13.988395516976714
1946,-15.1243896484375,-13.85479923401773
1947,-11.799715042114258,-13.819911523446441
1948,-2.6551272869110107,-13.793828465089202
1949,-2.3471453189849854,-13.778124013528227
1950,-0.26129600405693054,-13.750538629993796
1951,1.2549779415130615,-13.731845358356834
1952,1.2088799476623535,-13.699268471226096
1953,0.046115998178720474,-13.67409994122386
1954,1.0522600412368774,-13.654121074169874
1955,0.10414200276136398,-13.624157005548478
1956,-9.898266792297363,-13.610511089563369
1957,-5.275026798248291,-13.601497362375259
1958,-31.147977828979492,-13.53029072022438
1959,-37.434181213378906,-13.669929188966751
1960,-44.70502853393555,-13.854091559171676
1961,-30.961389541625977,-13.971759317159652
1962,-8.490949630737305,-14.010842963457108
1963,-8.201325416564941,-14.046111641168594
1964,-6.936641693115234,-14.079180231809616
1965,-4.880308151245117,-14.07633993601799
1966,-4.744566440582275,-14.043993906736373
1967,-4.767208099365234,-13.983230387449264
1968,-7.228600025177002,-13.87987185359001
1969,-8.043049812316895,-13.739263901472091
1970,-11.782139778137207,-13.605449665784835
1971,-1.8396519422531128,-13.427093429803849
1972,-6.217033386230469,-13.422481462717057
1973,1.306115984916687,-13.404144246816635
1974,1.2746340036392212,-13.37313431096077
1975,0.729423999786377,-13.363100502729417
1976,1.2688380479812622,-13.333704517602921
1977,0.8887199759483337,-13.301978403568269
1978,1.2107679843902588,-13.287820451259613
1979,-3.303785562515259,-13.284550005435944
1980,-53.676788330078125,-13.272807024478912
1981,-15.225098609924316,-13.302019426822662
1982,-35.05569839477539,-13.434565548419952
1983,-48.63030242919922,-13.634109549999238
1984,-35.78396987915039,-13.782269013404846
1985,-83.57709503173828,-13.940785508155823
1986,-9.852325439453125,-13.804520859718323
1987,-5.4396281242370605,-13.65073609828949
1988,-4.981708526611328,-13.672122708439828
1989,-5.423274993896484,-13.673450307011604
1990,-7.111816883087158,-13.658078208088876
1991,-4.049603462219238,-13.626038687825202
1992,-5.212783336639404,-13.531915753483773
1993,-50.707000732421875,-13.644337376713752
1994,-18.29705810546875,-13.577531575322151
1995,-14.180221557617188,-13.50435402405262
1996,-8.063207626342773,-13.500695420384407
1997,1.2281739711761475,-13.470213457226754
1998,0.7877799868583679,-13.45144197022915
1999,-0.8517879843711853,-13.436180255055428
2000,-0.8543859720230103,-13.420876498818398
2001,0.7463619709014893,-13.401754170060158
2002,-2.744230031967163,-13.396291289925575
2003,-0.09286600351333618,-13.196738956332206
2004,-12.976845741271973,-13.189808193087577
2005,-18.792285919189453,-13.230495101809503
2006,-13.073579788208008,-13.260754777789115
2007,-31.506319046020508,-13.386589773967863
2008,-40.185062408447266,-13.54338764770329
2009,-82.22093963623047,-13.87408815021813
2010,-52.65678405761719,-14.086755158379674
2011,-5.565191745758057,-14.104545965149999
2012,-5.040424823760986,-14.129234664395451
2013,-49.83795166015625,-14.309954513028265
2014,-4.520533561706543,-14.282034881070256
2015,-7.309850215911865,-14.260174630597234
2016,-8.045969009399414,-14.138318940594793
2017,-5.6873273849487305,-13.999655164197087
2018,0.7947859764099121,-13.932834140256046
2019,0.4161739945411682,-13.792094004824758
2020,-6.173099517822266,-13.77978860397637
2021,-0.9863439798355103,-13.771211219504476
2022,-14.917068481445312,-13.801559060767293
2023,-14.062725067138672,-13.829079726889729
2024,-16.408292770385742,-13.886625369742513
2025,-18.45985984802246,-13.943544532492757
2026,-40.757408142089844,-14.07713629885018
2027,-90.42570495605469,-14.40697068567574
2028,-39.369773864746094,-14.525736886695027
2029,-8.788433074951172,-14.33842058725655
2030,-51.86410903930664,-14.526021253302693
2031,-49.4428596496582,-14.728726420119404
2032,-49.54349899291992,-14.752159662917256
2033,-5.185699939727783,-14.769494118645786
2034,-49.96394348144531,-14.964768180802464
2035,-50.25969314575195,-15.171677785351873
2036,-8.501237869262695,-15.210640512898564
2037,-8.186941146850586,-15.2279810051471
2038,-8.112452507019043,-15.225036661580205
2039,-5.236015796661377,-15.168152080968023
2040,-4.001560211181641,-15.13132313580811
2041,0.6412780284881592,-14.983698651745915
2042,-0.10163400322198868,-14.817454415664077
2043,0.7992820143699646,-14.482039666756988
2044,0.7458099722862244,-14.44621192537248
2045,-5.947671413421631,-14.434915811404586
2046,-10.586662292480469,-14.448037793979049
2047,-16.00002670288086,-14.498508840426803
2048,-8.20129108428955,-14.513558172091841
2049,-37.49491500854492,-14.635100099429488
2050,-43.04412078857422,-14.776957750186325
2051,-50.83633041381836,-14.948052873477339
2052,-45.44495391845703,-15.103489702090622
2053,-10.905866622924805,-14.928292505130171
2054,-6.830524921417236,-14.763023921832442
2055,-4.873374938964844,-14.788173597678542
2056,-5.546774864196777,-14.815708640918135
2057,-6.653025150299072,-14.667338426455855
2058,-5.070866584777832,-14.692544388636946
2059,-7.735491752624512,-14.722179123625159
2060,-3.1491379737854004,-14.739889043554664
2061,-12.924470901489258,-14.781643342718482
2062,-7.421277046203613,-14.772024434790016
2063,-13.284307479858398,-14.760478345617653
2064,-3.9793334007263184,-14.661008052572608
2065,1.2563140392303467,-14.472784310087562
2066,1.2044880390167236,-14.307976230368018
2067,1.2627899646759033,-14.152026816114784
2068,0.7672600150108337,-14.10946744249761
2069,-3.7218239307403564,-14.103294778808952
2070,-3.2608847618103027,-14.09631008528173
2071,-12.565374374389648,-14.127911382660269
2072,-20.30112648010254,-14.183852754577995
2073,-37.03118896484375,-14.302422210678458
2074,-44.71105194091797,-14.460521884903311
2075,-43.631980895996094,-14.616554748520254
2076,-46.21192169189453,-14.573740081772208
2077,-10.721158027648926,-14.584343074783682
2078,-9.670541763305664,-14.431613834366201
2079,-3.2092440128326416,-14.449787162289024
2080,-5.193608283996582,-14.2957599902004
2081,-4.966128826141357,-14.140484719738364
2082,-7.769833564758301,-13.997263288006186
2083,-4.971633434295654,-14.01810960571468
2084,-6.120099067687988,-14.047311282083392
2085,-10.911683082580566,-14.062223093912005
2086,-7.296365261077881,-14.032809311792255
2087,-8.977486610412598,-13.987564442560076
2088,0.29649534821510315,-13.852326871201395
2089,0.7437700033187866,-13.691351333424448
2090,0.9788659811019897,-13.525239702507854
2091,-0.5986059904098511,-13.35350624255836
2092,0.6442480087280273,-13.311350950047373
2093,1.2774239778518677,-13.281351020142436
2094,-6.966639995574951,-13.298385188385843
2095,-6.836141586303711,-13.297537287995219
2096,-19.72064971923828,-13.346189019486308
2097,-45.600563049316406,-13.501472171112894
2098,-45.06128692626953,-13.660108718201519
2099,-51.76023483276367,-13.846376090332866
2100,-46.052764892578125,-13.96286789636314
2101,-9.690908432006836,-13.992391129776836
2102,-6.577024936676025,-14.000197200104594
2103,-7.5680084228515625,-14.035896017834544
2104,-10.117850303649902,-14.079259483143687
2105,-3.121948003768921,-14.097288539215922
2106,-4.008083820343018,-14.107930522724986
2107,-5.9626665115356445,-14.137115092560649
2108,-50.917030334472656,-14.345597797676922
2109,-17.489852905273438,-14.414920849308372
2110,-12.443068504333496,-14.421284672245383
2111,-16.643798828125,-14.420283955082297
2112,-9.621122360229492,-14.357445751652122
2113,-4.334827899932861,-14.211315657123924
2114,-3.7075867652893066,-13.893506325230003
2115,0.4184800088405609,-13.749385856732726
2116,-6.601264476776123,-13.745153814420105
2117,-3.4668140411376953,-13.725958372220397
2118,-11.313237190246582,-13.751654121503234
2119,-13.224720001220703,-13.781015834912658
2120,-7.425615310668945,-13.781738462552429
2121,-39.04880142211914,-13.91900913439691
2122,-44.86577606201172,-14.07925997172296
2123,-47.4105110168457,-14.234702682599425
2124,-48.18830108642578,-14.37736964045465
2125,-8.279808044433594,-14.378983770474791
2126,-6.145094871520996,-14.371198286160826
2127,-4.56635856628418,-14.371460071668029
2128,-4.378183364868164,-14.39173195706308
2129,-6.800466537475586,-14.417643199190497
2130,-6.392158508300781,-14.44591295312345
2131,-4.190756797790527,-14.468127172216773
2132,-7.03872013092041,-14.50154957269132
2133,-15.573049545288086,-14.561641362890601
2134,-13.388435363769531,-14.577831018194557
2135,-17.91238021850586,-14.622047208532692
2136,-1.9269626140594482,-14.486358010038733
2137,-0.8829560279846191,-14.331658846601844
2138,-2.065958023071289,-14.146933619245887
2139,0.5549319982528687,-14.015411782488227
2140,-2.0386741161346436,-13.983187813028692
2141,0.4179700016975403,-13.95902983377874
2142,-7.43997049331665,-13.973198815330862
2143,-8.298978805541992,-13.993064984306693
2144,-13.67694091796875,-14.030449814781546
2145,-78.84672546386719,-14.149728852257132
2146,-83.27207946777344,-14.45813427065313
2147,-85.73302459716797,-14.782212468132377
2148,-38.932647705078125,-14.891110047325492
2149,-52.45463180541992,-15.055649678215385
2150,-3.2606420516967773,-15.062909337028861
2151,-2.672447919845581,-15.076854104742408
2152,-6.428558349609375,-15.105319570049643
2153,-2.3783583641052246,-15.108371099457145
2154,-5.2275166511535645,-15.130840294107795
2155,-6.421949863433838,-15.158775037512184
2156,-4.811071872711182,-15.180152364954353
2157,-7.027961254119873,-15.193739308580756
2158,-51.85702896118164,-15.39548217652738
2159,-4.419682502746582,-15.34260699723661
2160,0.5142520070075989,-15.237066987499595
2161,1.1102479696273804,-15.095072071060539
2162,1.1521079540252686,-14.952668549522757
2163,-43.8680534362793,-14.965658356651664
2164,-43.71165084838867,-15.117849879249931
2165,1.1684340238571167,-15.083936309322715
2166,-3.703646659851074,-15.08320332954824
2167,-54.02154541015625,-15.285228277668358
2168,-14.753411293029785,-15.330918675884604
2169,-78.56964111328125,-15.617560740932822
2170,-83.02425384521484,-15.93528150986135
2171,-44.13357162475586,-15.910915695652365
2172,-36.15605163574219,-15.994300812229515
2173,-6.680478096008301,-15.998409527286887
2174,-7.8048248291015625,-16.006836594089865
2175,-5.373116493225098,-16.033478715881706
2176,-5.22415828704834,-16.0562800770849
2177,-4.410244941711426,-16.078491760835053
2178,-5.2758331298828125,-16.10403500519693
2179,-7.671683311462402,-16.13963969860971
2180,-5.157999038696289,-16.161207198783757
2181,-14.494928359985352,-16.220841944262386
2182,-15.606014251708984,-16.23968793348968
2183,-19.10459327697754,-16.264647284075618
2184,-11.33360767364502,-16.204478884264827
2185,0.7164999842643738,-16.037266708180308
2186,0.8657073378562927,-15.892212081953883
2187,-3.551378011703491,-15.746937445685267
2188,-5.331135272979736,-15.741761920019984
2189,-6.043365955352783,-15.746529851004482
2190,-8.497576713562012,-15.764144925162196
2191,-6.989999294281006,-15.776909262701869
2192,-63.05986785888672,-16.012440701529382
2193,-82.28433227539062,-16.142904400870204
2194,-84.34761047363281,-16.280325970694424
2195,-50.35398483276367,-16.45186507706344
2196,-37.661930084228516,-16.542015238806606
2197,-53.38738250732422,-16.708365908667446
2198,-51.83561706542969,-16.90508786778152
2199,-7.743291854858398,-16.926672453925015
2200,-4.670136451721191,-16.94430781571567
2201,-50.393917083740234,-17.150903395816684
2202,-4.8234333992004395,-17.175032649204134
2203,-4.999041557312012,-17.1952132794261
2204,-51.536197662353516,-17.405567110240458
2205,-57.530174255371094,-17.63610437527299
2206,-14.194761276245117,-17.65329035320878
2207,-10.742037773132324,-17.675158397108316
2208,-8.647087097167969,-17.585154834181072
2209,-0.8488433361053467,-17.438813482671975
2210,0.45204201340675354,-17.258185200482608
2211,-0.5218279957771301,-17.13642695429921
2212,-4.557934761047363,-17.120694894820453
2213,-5.377943515777588,-17.109401367217302
2214,-15.835253715515137,-17.144995815306903
2215,-11.945329666137695,-17.17325590136647
2216,-20.848854064941406,-17.237673051863908
2217,-43.964664459228516,-17.39446287730336
2218,-35.02796173095703,-17.50566032412648
2219,-90.735595703125,-17.836430507689716
2220,-48.769065856933594,-17.9843782120049
2221,-10.605999946594238,-18.019443604022264
2222,-7.166250228881836,-18.02324047139287
2223,-4.98484992980957,-18.048404335051774
2224,-7.600508213043213,-18.083904903918505
2225,-7.170533180236816,-18.1155047326386
2226,-4.494750022888184,-18.138559084922075
2227,-7.782400131225586,-18.17324356535077
2228,-6.2423810958862305,-18.203056161671878
2229,-13.867534637451172,-18.24531115797162
2230,-4.477039337158203,-18.04851216199994
2231,-15.567673683166504,-18.04988246229291
2232,-6.002200126647949,-17.9336684692204
2233,-5.948108673095703,-17.762939694195985
2234,-3.0456907749176025,-17.631986577779056
2235,-9.601353645324707,-17.336083612233402
2236,-3.191422700881958,-17.309440001279114
2237,-49.424407958984375,-17.485379120618106
2238,-11.31495475769043,-17.51071210554242
2239,-17.33119010925293,-17.558343766003848
2240,-21.041580200195312,-17.61406281927228
2241,-38.196712493896484,-17.75065125539899
2242,-50.294578552246094,-17.930978436261416
2243,-45.23064041137695,-17.909072994977237
2244,-43.195037841796875,-18.008664913922548
2245,-10.2544584274292,-17.992961861401795
2246,-4.023158550262451,-17.976801665097476
2247,-7.108566761016846,-18.010148628026247
2248,-7.409949779510498,-18.042939547091724
2249,-4.097034931182861,-18.055920534878968
2250,-7.339966773986816,-18.081862858086826
2251,-4.5130534172058105,-18.102900519639253
2252,-51.136592864990234,-18.296469970971344
2253,-14.07974624633789,-18.352417491942646
2254,-15.332269668579102,-18.361839187651874
2255,-59.056156158447266,-18.522894668608902
2256,-11.276576042175293,-18.515706653624772
2257,-8.729538917541504,-18.424599533110857
2258,-0.7870240211486816,-18.26700737956166
2259,-4.730456829071045,-17.957045448333027
2260,-49.565486907958984,-17.94468025973439
2261,-8.036932945251465,-17.954567224532365
2262,-55.6748161315918,-18.15710478976369
2263,-57.65147018432617,-18.18835886386037
2264,-61.66426086425781,-18.416933773070575
2265,-44.93822479248047,-18.56744727137685
2266,-43.41563415527344,-18.708925931960344
2267,-51.13912582397461,-18.890733125716448
2268,-47.187252044677734,-19.0826612778008
2269,-8.45097541809082,-19.118129875451327
2270,-5.488584995269775,-19.115391817361118
2271,-49.54068374633789,-19.309609176427127
2272,-4.678699970245361,-19.268655702382326
2273,-6.729616641998291,-19.239323268681765
2274,-5.026228427886963,-19.19379501131177
2275,-5.545149803161621,-19.142136171132325
2276,-6.163303852081299,-19.003759753972293
2277,-15.282779693603516,-18.70318805292249
2278,-16.991554260253906,-18.613675174504518
2279,-8.346488952636719,-18.611907398015262
2280,-9.04775619506836,-18.44064198663831
2281,-4.097322463989258,-18.25925983789563
2282,0.8670560121536255,-18.057617617875337
2283,-3.975438117980957,-18.05277657058835
2284,-0.26301801204681396,-17.853972868710756
2285,-6.929267883300781,-17.68065116766095
2286,-8.869322776794434,-17.682123507291077
2287,-13.910377502441406,-17.705017252713443
2288,-17.240276336669922,-17.741528548032047
2289,-39.003135681152344,-17.87659702757001
2290,-47.98259353637695,-18.05252116087079
2291,-46.31946563720703,-18.24036413553357
2292,-38.546504974365234,-18.394143619418145
2293,-8.872824668884277,-18.432832046151162
2294,-6.737033367156982,-18.462763419508935
2295,-5.578358173370361,-18.461286166548728
2296,-2.437716007232666,-18.428690381407737
2297,-4.582696914672852,-18.383021062254905
2298,-4.452175140380859,-18.36802459847927
2299,-50.029048919677734,-18.418161134123803
2300,-7.082096099853516,-18.27431303536892
2301,-9.069154739379883,-18.107244332671165
2302,-15.262465476989746,-17.986514378905298
2303,-1.117100715637207,-17.947359315276145
2304,-6.029007434844971,-17.944153245329858
2305,-5.9960832595825195,-17.94864407861233
2306,0.8956620097160339,-17.922874331116677
2307,-1.4399806261062622,-17.902022153019907
2308,-6.8694071769714355,-17.90921631538868
2309,-3.943366050720215,-17.89404781258106
2310,-1.325492024421692,-17.886753228783608
2311,-11.037592887878418,-17.879205716729164
2312,-19.676786422729492,-17.928227754235266
2313,-30.633895874023438,-17.99762610781193
2314,-41.9195671081543,-18.14938704264164
2315,-34.73427963256836,-18.293349417328834
2316,-37.33221435546875,-18.447496226906775
2317,-9.552783012390137,-18.490758518815042
2318,-8.604541778564453,-18.528245725989343
2319,-2.4850432872772217,-18.52329860341549
2320,-49.57112503051758,-18.70853956449032
2321,-4.815849781036377,-18.677541466116907
2322,-6.661041736602783,-18.622981127142907
2323,-4.62214994430542,-18.493344971060754
2324,-7.4814863204956055,-18.344426708579064
2325,-14.61091423034668,-18.228342441916467
2326,-2.734138011932373,-18.054431307196616
2327,-9.153581619262695,-18.048161001563074
2328,-8.597135543823242,-18.043867376685142
2329,0.4898799955844879,-18.029070880651474
2330,0.7275940179824829,-18.005386071443557
2331,1.0553220510482788,-17.9813002679348
2332,1.0770119428634644,-17.945912885904313
2333,-0.3663906753063202,-17.927491914868355
2334,-2.288844108581543,-17.91216689503193
2335,-53.29458236694336,-18.08169849216938
2336,-58.89710998535156,-18.288101471066476
2337,-78.45659637451172,-18.56601791012287
2338,-44.20317840576172,-18.74401660513878
2339,-35.24943161010742,-18.887989411592482
2340,-34.30146408081055,-19.029110731840134
2341,-52.13667678833008,-19.235263015031816
2342,-8.29254150390625,-19.271010173082352
2343,-6.659200191497803,-19.302756669759752
2344,-4.862649917602539,-19.294340709447862
2345,-3.8202567100524902,-19.282277169942855
2346,-5.7638750076293945,-19.22645007109642
2347,-5.22730016708374,-19.06495701956749
2348,-51.22588348388672,-19.089615405797957
2349,-11.26244068145752,-18.927624229192734
2350,-12.739691734313965,-18.794371936559678
2351,-2.461637258529663,-18.76545485186577
2352,-2.6805078983306885,-18.749868783712387
2353,-4.527791500091553,-18.737707916021346
2354,-7.262724876403809,-18.726287414312363
2355,-5.515250205993652,-18.735860623121262
2356,-7.568983554840088,-18.75010422205925
2357,-5.361001491546631,-18.747697561979294
2358,-10.61460018157959,-18.58648784136772
2359,-7.462801456451416,-18.546379635572432
2360,0.7697979807853699,-18.493528169631958
2361,1.3117040395736694,-18.421706158161165
2362,1.312451958656311,-18.37797186088562
2363,-0.7948399782180786,-18.363811909198763
2364,0.7609599828720093,-18.345937722206116
2365,1.309391975402832,-18.342374074339865
2366,-8.475318908691406,-18.34987029206753
2367,-9.388677597045898,-18.373557746291162
2368,-14.63800048828125,-18.3868567994833
2369,-39.046321868896484,-18.490143206954002
2370,-43.82722854614258,-18.635749659895897
2371,-19.637317657470703,-18.558103724837302
2372,-81.33870697021484,-18.703995448470117
2373,-52.111106872558594,-18.72279783189297
2374,-8.595549583435059,-18.564426825881004
2375,-6.508183479309082,-18.557340327620505
2376,-7.122433185577393,-18.56124968087673
2377,-4.822024822235107,-18.562272345900535
2378,-7.266733169555664,-18.573826545119285
2379,-3.274354934692383,-18.559722098708153
2380,-51.313232421875,-18.73940639436245
2381,-11.020496368408203,-18.76672535264492
2382,-8.397222518920898,-18.772159362196923
2383,-3.096484661102295,-18.72225310266018
2384,-43.64813232421875,-18.843291890501977
2385,-0.31165599822998047,-18.77288899362087
2386,1.4396220445632935,-18.75942265498638
2387,1.2799619436264038,-18.750770983099937
2388,0.6912639737129211,-18.7397420951128
2389,0.7130979895591736,-18.739109431147575
2390,-3.5738606452941895,-18.745250177264214
2391,-13.655041694641113,-18.80154222404957
2392,-14.466290473937988,-18.829647503972055
2393,-33.12364959716797,-18.928946187138557
2394,-33.58943176269531,-19.008596150517462
2395,-43.78334045410156,-18.8683426104784
2396,-42.69096755981445,-18.706018162846565
2397,-7.503274917602539,-18.393099164128305
2398,-6.2950334548950195,-18.26254870712757
2399,-8.161458015441895,-18.08537601196766
2400,-6.626424789428711,-18.098839142918585
2401,-8.61050033569336,-18.122591352581978
2402,-6.4309916496276855,-18.12260108578205
2403,-8.81719970703125,-18.148356451153756
2404,-9.602941513061523,-18.165858150601387
2405,-19.92755126953125,-18.219880556225778
2406,-17.88572883605957,-18.27217918407917
2407,-2.853144645690918,-18.255479917645456
2408,-0.01928599923849106,-18.048128945797682
2409,1.5969300270080566,-18.024062495678663
2410,-4.47027587890625,-18.04400060722232
2411,-3.627366065979004,-18.062951063364743
2412,-3.161060094833374,-18.08020373556018
2413,0.6121900081634521,-17.90228276178241
2414,-13.154780387878418,-17.780055279940367
2415,-9.442112922668457,-17.822497467726468
2416,-23.121614456176758,-17.900169338911773
2417,-41.77118682861328,-17.8511679045856
2418,-91.49059295654297,-18.158116631239654
2419,-57.17005157470703,-18.072518273085358
2420,-45.85928726196289,-17.92385840675235
2421,-10.012491226196289,-17.78737408515811
2422,-9.997166633605957,-17.682738545149565
2423,-6.91432523727417,-17.68367393371463
2424,-5.507558345794678,-17.674484867781402
2425,-3.1692817211151123,-17.66566952869296
2426,-50.367591857910156,-17.846243262976408
2427,-49.90869140625,-18.028237048834562
2428,-5.830174922943115,-18.030454416006805
2429,-17.248382568359375,-18.068761213034392
2430,-16.12528419494629,-18.11263035365939
2431,-14.29401969909668,-18.111826719015838
2432,-2.2997334003448486,-18.05860159561038
2433,0.7282739877700806,-17.97927012655139
2434,-4.590940475463867,-17.952299457758667
2435,-2.550452709197998,-17.965367268532514
2436,1.0267659425735474,-17.964723034113646
2437,-7.7380242347717285,-17.981469619005917
2438,-9.20883846282959,-17.99698043176532
2439,-18.013154983520508,-18.04485958787799
2440,-7.417945861816406,-18.040541064471007
2441,-37.635894775390625,-18.163124646395445
2442,-45.71875,-18.093760174959897
2443,-50.12300491333008,-17.965114865511655
2444,-38.12134552001953,-17.780209805697204
2445,-7.7220001220703125,-17.60968186685443
2446,-5.9024882316589355,-17.48264409944415
2447,-50.60354232788086,-17.471508738726378
2448,-49.73167419433594,-17.463092967242
2449,-50.851409912109375,-17.635525439471007
2450,-5.843500137329102,-17.640218894213437
2451,-7.941649913787842,-17.47040982553363
2452,-4.773270130157471,-17.470209172457455
2453,-16.840862274169922,-17.51757645532489
2454,-8.914026260375977,-17.34708776971698
2455,-12.678483009338379,-17.16768100473285
2456,-4.015289306640625,-17.12696311685443
2457,0.9466660022735596,-17.080208301752805
2458,0.2302280068397522,-17.044699041336774
2459,1.4859720468521118,-17.035359779804946
2460,1.206346035003662,-17.032342563718558
2461,0.807703971862793,-17.027024435848
2462,-4.826144695281982,-17.028097275584937
2463,-15.601973533630371,-17.068993395656346
2464,-22.932861328125,-17.097383826106785
2465,-37.11231994628906,-17.198051787227392
2466,-44.08417892456055,-17.290993086665868
2467,-45.82115936279297,-17.298419066280125
2468,-41.31467819213867,-17.323565932124854
2469,-8.389766693115234,-16.994182616084814
2470,-9.378366470336914,-16.836619818538427
2471,-8.147375106811523,-16.826785319179297
2472,-3.647021770477295,-16.812708405345678
2473,-7.84945821762085,-16.824166838496925
2474,-8.211725234985352,-16.826611706584693
2475,-5.281889915466309,-16.81905713352561
2476,-9.324850082397461,-16.838377533763648
2477,-19.77224349975586,-16.88633690723777
2478,-8.403319358825684,-16.894980660289526
2479,-54.02614212036133,-17.055615090221167
2480,-49.95383834838867,-17.23752228626609
2481,1.7021160125732422,-17.16844312748313
2482,1.7429380416870117,-17.13746257480979
2483,1.7533979415893555,-17.10665654835105
2484,-0.9783347845077515,-17.09838712438941
2485,-5.170733451843262,-17.080664643615485
2486,-12.961554527282715,-17.11974517092109
2487,-18.933631896972656,-16.99778206667304
2488,-21.765235900878906,-17.039583191245793
2489,-37.647621154785156,-17.120848915427924
2490,-57.42160415649414,-17.26636901125312
2491,-59.242374420166016,-17.350551658958196
2492,-36.49982833862305,-17.295372658103705
2493,-11.863208770751953,-17.161902931541203
2494,-9.698274612426758,-17.027915878623723
2495,-7.530633449554443,-17.017020578712224
2496,-8.113142013549805,-17.033380512565376
2497,-5.767666816711426,-17.028016912788154
2498,-6.03362512588501,-17.022511614173652
2499,-4.143513202667236,-17.022697527259588
2500,-8.90809154510498,-17.028970026344062
2501,-20.889278411865234,-17.0944749263227
2502,-16.97111701965332,-16.95781302294135
2503,-11.716139793395996,-16.948358597129584
2504,-4.332582473754883,-16.904359848350285
2505,-4.316644668579102,-16.685401802390814
2506,-2.356734037399292,-16.64972243437171
2507,1.7687879800796509,-16.607729126781226
2508,-6.144866466522217,-16.62916049656272
2509,-0.4732759892940521,-16.61213177320361
2510,-14.126144409179688,-16.470374403208496
2511,-19.543241500854492,-16.516399637430908
2512,-19.685768127441406,-16.372443445414305
2513,-43.494544982910156,-16.315815744608642
2514,-56.44582748413086,-16.294942011088132
2515,-56.82487487792969,-16.34248861142993
2516,-53.315895080566406,-16.3820896551311
2517,-12.293183326721191,-16.22670588514209
2518,-5.652599811553955,-16.060567276209593
2519,-5.611991882324219,-16.049211342066528
2520,-8.364691734313965,-16.060715769022703
2521,-8.121808052062988,-15.895040266245603
2522,-3.367405891418457,-15.889795089930296
2523,-5.892899990081787,-15.88644822332263
2524,-5.733864784240723,-15.889278768748046
2525,-61.396183013916016,-16.11268290159106
2526,-57.79703140258789,-16.319217811793088
2527,-56.11967086791992,-16.482565376490353
2528,-6.507408618927002,-16.440628793925047
2529,-47.45637130737305,-16.597068323343994
2530,-47.386871337890625,-16.750424783915282
2531,-5.878923416137695,-16.757551187723877
2532,-9.358865737915039,-16.79845487472415
2533,-6.590256690979004,-16.808914149016143
2534,-10.825940132141113,-16.85116583749652
2535,-16.791282653808594,-16.89061389657855
2536,-18.529388427734375,-16.92925415918231
2537,-87.287353515625,-17.222762063235045
2538,-56.42631912231445,-17.379506234377622
2539,-57.15471649169922,-17.45211255761981
2540,-48.02408218383789,-17.452278512209652
2541,-8.603714942932129,-17.301415509432555
2542,-7.6240668296813965,-17.177725756853818
2543,-5.82800817489624,-17.165546490877865
2544,-50.50885772705078,-17.34063378831744
2545,-51.16514205932617,-17.522980923861265
2546,-6.49144172668457,-17.53919582673907
2547,-8.530224800109863,-17.554985938280822
2548,-9.054017066955566,-17.57339330598712
2549,-19.14586639404297,-17.449860575884582
2550,-8.893170356750488,-17.45710487291217
2551,-55.85643005371094,-17.644253974169494
2552,-4.252407550811768,-17.60021374246478
2553,-45.55806350708008,-17.777977593630553
2554,1.7270100116729736,-17.746953523844482
2555,1.3861106634140015,-17.717424748152496
2556,-3.589401960372925,-17.73536500403285
2557,-3.5048060417175293,-17.743624305695295
2558,-10.591891288757324,-17.75851424214244
2559,-14.937064170837402,-17.80248903462291
2560,-21.559066772460938,-17.883423333615063
2561,-49.34273910522461,-18.03664391848445
2562,-49.76372146606445,-18.156991658657788
2563,-56.82842254638672,-18.261769765347243
2564,-35.88980484008789,-18.237650716274977
2565,-54.003150939941406,-18.31472620150447
2566,-52.20405960083008,-18.374213582485915
2567,-50.95909118652344,-18.53983881518245
2568,-8.287666320800781,-18.538571313351394
2569,-8.896824836730957,-18.564218439549208
2570,-7.967649936676025,-18.39780453917384
2571,-8.19937515258789,-18.41133864066005
2572,-4.799580097198486,-18.40389279410243
2573,-15.033909797668457,-18.445539833515884
2574,-12.434762954711914,-18.465352940052746
2575,-13.276333808898926,-18.460014618366955
2576,-3.5498900413513184,-18.463277626484633
2577,-43.25391387939453,-18.59967895552516
2578,1.7864099740982056,-18.558144773453474
2579,1.7250299453735352,-18.55320417365432
2580,-0.4188026785850525,-18.55778976044059
2581,-50.229801177978516,-18.762930253356696
2582,-56.19398880004883,-18.992014256328343
2583,-19.13251495361328,-19.06707875344157
2584,-24.919296264648438,-19.15760056206584
2585,-33.52550506591797,-19.078524252861737
2586,-93.29718017578125,-19.216124533623457
2587,-57.7886848449707,-19.133452887505292
2588,-44.590023040771484,-19.13500026604533
2589,-9.462695121765137,-19.03185332009196
2590,-7.962608337402344,-18.92649789711833
2591,-4.779233455657959,-18.73706812378764
2592,-6.94379186630249,-18.731673125237226
2593,-4.541220188140869,-18.7232012052238
2594,-7.332274913787842,-18.73307970520854
2595,-7.447108268737793,-18.74758711144328
2596,-4.7089152336120605,-18.74336727234721
2597,-58.50999069213867,-18.95649803444743
2598,-11.394538879394531,-18.797172656029463
2599,-13.837532997131348,-18.807473025292158
2600,-6.640893936157227,-18.78307783409953
2601,1.0397980213165283,-18.769072092980146
2602,1.6779060363769531,-18.751638437241315
2603,1.5951600074768066,-18.727146631211042
2604,0.23039866983890533,-18.69717413702607
2605,-1.7596466541290283,-18.682151722818613
2606,-13.815301895141602,-18.70713699617982
2607,-12.197717666625977,-18.734483860880136
2608,-64.25170135498047,-18.94903226557374
2609,-82.5064468383789,-19.24920684710145
2610,-42.86146545410156,-19.423731900841
2611,-88.80266571044922,-19.784189379841088
2612,-46.09886932373047,-19.973834664970635
2613,-10.54609203338623,-20.01283967319131
2614,-9.057266235351562,-20.052112578064204
2615,-3.5209267139434814,-20.07143385282159
2616,-50.54330825805664,-20.23970581021905
2617,-50.32848358154297,-20.403465034157037
2618,-4.791041851043701,-20.364077199608086
2619,-5.589025020599365,-20.2302480122149
2620,-51.37324905395508,-20.26043209424615
2621,-18.553680419921875,-20.256097545295955
2622,-15.528311729431152,-19.99285596433282
2623,-8.528181076049805,-19.818524261146784
2624,-6.326481819152832,-19.809447990089655
2625,1.0260100364685059,-19.779311216026546
2626,-0.03636400029063225,-19.750966939285398
2627,0.8708860278129578,-19.728195295885204
2628,-3.548841953277588,-19.713323731020093
2629,-5.0700764656066895,-19.72050661714375
2630,-1.4564499855041504,-19.521079487398268
2631,-11.535723686218262,-19.523140396669508
2632,-62.60940170288086,-19.739989113405347
2633,-38.68659591674805,-19.88234955842793
2634,-48.02204895019531,-19.899845224931838
2635,-47.839656829833984,-20.089957228258253
2636,-50.50648880004883,-20.2977416716367
2637,-7.996950149536133,-20.33484932000935
2638,-5.91282320022583,-20.361265668705105
2639,-50.820858001708984,-20.56740149267018
2640,-50.722599029541016,-20.755996446207167
2641,-5.289700031280518,-20.722535079553722
2642,-51.886531829833984,-20.872216044977307
2643,-50.60321807861328,-20.94213431890309
2644,-9.389307975769043,-20.845333823755382
2645,-15.315513610839844,-20.731462516382337
2646,-15.559164047241211,-20.622935302332042
2647,-17.474838256835938,-20.66282155568898
2648,-6.085107326507568,-20.661981851175426
2649,-4.192356109619141,-20.646105443552138
2650,1.7418140172958374,-20.61263248832524
2651,1.2419179677963257,-20.57322281511128
2652,0.2771199941635132,-20.546390368536116
2653,-10.020078659057617,-20.55120188434422
2654,-11.449131965637207,-20.558586646154524
2655,-17.79741668701172,-20.550066107824446
2656,-26.33525276184082,-20.58386420352757
2657,-54.27437973022461,-20.789549143865706
2658,-46.15321731567383,-20.974084869131445
2659,-37.210845947265625,-21.12931597302854
2660,-53.368648529052734,-21.324909463629126
2661,-8.924933433532715,-21.34609973309934
2662,-9.500024795532227,-21.371455591902137
2663,-7.8712334632873535,-21.40538928578794
2664,-3.7796266078948975,-21.367888670668005
2665,-7.919766902923584,-21.361799286589026
2666,-5.922583103179932,-21.29300316117704
2667,-8.869633674621582,-21.161396948561073
2668,-9.119558334350586,-20.831912810072303
2669,-19.15752601623535,-20.679862707838417
2670,-6.540302753448486,-20.52258676980436
2671,-12.808233261108398,-20.533769737944006
2672,-9.113313674926758,-20.53023432610929
2673,1.0382499694824219,-20.498424025282265
2674,-2.9942820072174072,-20.488370919927956
2675,1.5737839937210083,-20.46939865706861
2676,-5.312717437744141,-20.289179159387945
2677,-11.842721939086914,-20.136915281519293
2678,-15.241512298583984,-20.17456063102186
2679,-16.493614196777344,-20.17154155753553
2680,-26.212156295776367,-20.21188904593885
2681,-23.52117347717285,-20.248797661051153
2682,-49.75128936767578,-20.43860388492048
2683,-50.77585220336914,-20.644620389685034
2684,-93.5303726196289,-21.000378118261693
2685,-9.569841384887695,-21.028455672964455
2686,-7.37392520904541,-21.06205843757093
2687,-8.251591682434082,-21.06411270736158
2688,-3.109424114227295,-21.03971504996717
2689,-10.409700393676758,-21.009301231607793
2690,-7.307466506958008,-21.00885931418836
2691,-8.340858459472656,-20.89167916892469
2692,-4.859512805938721,-20.728242220148445
2693,-6.7465667724609375,-20.554736467584966
2694,-18.13960075378418,-20.474809488520027
2695,-8.701025009155273,-20.478725588068365
2696,-6.6438493728637695,-20.481691032633186
2697,-47.954715728759766,-20.4710957262367
2698,1.2986639738082886,-20.266974373564125
2699,1.7823959589004517,-20.056439150080084
2700,1.2052860260009766,-20.028244005426764
2701,1.7151540517807007,-19.98961678956449
2702,-5.952685356140137,-19.994334450468422
2703,-13.052461624145508,-19.979180847868324
2704,-9.419567108154297,-19.981203011259435
2705,-19.11777687072754,-20.006960186704994
2706,-87.17518615722656,-20.339599774107338
2707,-48.155311584472656,-20.536007684454322
2708,-52.033145904541016,-20.745061180099846
2709,-47.60557556152344,-20.941427370533347
2710,-12.205541610717773,-20.995074921116235
2711,-7.740416526794434,-21.02926740311086
2712,-7.764308452606201,-21.04102005814016
2713,-8.530875205993652,-21.012735664829613
2714,-5.828983306884766,-20.944320152744652
2715,-8.482125282287598,-20.829799374088644
2716,-3.7628300189971924,-20.668513978466393
2717,-51.92369079589844,-20.692924104198813
2718,-19.9874210357666,-20.607615075573325
2719,-9.368690490722656,-20.611530770763753
2720,-8.43241024017334,-20.6077469458431
2721,-1.2491626739501953,-20.580154096111656
2722,-43.14815902709961,-20.738158645138146
2723,-43.199371337890625,-20.879558297619223
2724,1.908486008644104,-20.839077452644705
2725,1.6137133836746216,-20.811495039448143
2726,-49.22093963623047,-20.971079397663473
2727,-13.657715797424316,-20.946621286854146
2728,-12.51455307006836,-20.96306622169912
2729,-23.05946922302246,-20.839199530109763
2730,-50.68293762207031,-20.84211592720449
2731,-38.8220100402832,-21.004212431415915
2732,-50.48103713989258,-21.213108332142234
2733,-55.314884185791016,-21.441381460651755
2734,-9.774266242980957,-21.476565186485647
2735,-7.145011901855469,-21.484462300285696
2736,-7.985849857330322,-21.46455948160589
2737,-8.248233795166016,-21.42181788919866
2738,-8.417991638183594,-21.36842891214788
2739,-4.243943214416504,-21.234814200386406
2740,-51.84829330444336,-21.212520956978203
2741,-52.437408447265625,-21.1853010930866
2742,-15.402141571044922,-21.10091034601629
2743,-11.856255531311035,-21.100882533058524
2744,-52.56039810180664,-21.272331027016044
2745,-3.454678773880005,-21.256027208313345
2746,-0.3792393207550049,-21.225091597542168
2747,1.1103487014770508,-21.197579535469412
2748,-46.560394287109375,-21.35968661211431
2749,-49.89755630493164,-21.542702784523367
2750,-10.311894416809082,-21.548317996010184
2751,-8.278504371643066,-21.497874899849297
2752,-15.224360466003418,-21.490887873634698
2753,-65.55848693847656,-21.70625726221502
2754,-50.22541809082031,-21.88982860468328
2755,-56.59966278076172,-22.09896067713201
2756,-43.60956573486328,-22.263972003921868
2757,-48.8806037902832,-22.46656957100332
2758,-54.20952606201172,-22.658828209385277
2759,-52.94581604003906,-22.868718369588255
2760,-5.732675075531006,-22.83514449225366
2761,-8.189841270446777,-22.78973089133203
2762,-6.38581657409668,-22.736531085118653
2763,-6.003286838531494,-22.586566052541137
2764,-51.94915008544922,-22.56857934294641
2765,-52.301124572753906,-22.550484341725706
2766,-60.34799575805664,-22.578612744435667
2767,-57.12646484375,-22.757945870503782
2768,-11.249139785766602,-22.780332030400633
2769,-8.106715202331543,-22.790310923680664
2770,1.762992024421692,-22.74980018864572
2771,1.0988199710845947,-22.71291767655313
2772,1.5676480531692505,-22.69317746077478
2773,-3.1359705924987793,-22.682149743184446
2774,-7.296715259552002,-22.68840114508569
2775,-14.205582618713379,-22.49963874350488
2776,-14.757796287536621,-22.327481803044677
2777,-19.041790008544922,-22.179170279607177
2778,-50.26708984375,-22.35420900450647
2779,-57.59760665893555,-22.394773945912718
2780,-30.519634246826172,-22.32730499754846
2781,-44.42377471923828,-22.481484402760863
2782,-12.294917106628418,-22.493228608235718
2783,-7.94516658782959,-22.49864824782312
2784,-5.499650001525879,-22.477343087300657
2785,-5.19534158706665,-22.43095932303369
2786,-8.411166191101074,-22.39048643408716
2787,-8.348224639892578,-22.07472991858423
2788,-7.943600177764893,-21.88079904280603
2789,-4.4609551429748535,-21.670023997411132
2790,-17.672042846679688,-21.5486158400625
2791,-16.779067993164062,-21.58131725226343
2792,-11.356562614440918,-21.596247235402465
2793,0.1995573341846466,-21.572136973366142
2794,1.3996059894561768,-21.364503118500114
2795,0.2933340072631836,-21.158669214233758
2796,1.1125719547271729,-21.12825315950811
2797,1.703484058380127,-21.08731832407415
2798,-3.3039705753326416,-21.06431813810766
2799,-7.568472862243652,-21.01800856398046
2800,-18.570926666259766,-21.056719589218496
2801,-23.388917922973633,-20.92684954069555
2802,-52.608333587646484,-21.12027324484289
2803,-28.009479522705078,-21.050078908905387
2804,-50.2168083190918,-21.257854182228446
2805,-53.38239288330078,-21.476928196415304
2806,-8.949308395385742,-21.498367822155355
2807,-5.957638740539551,-21.508179152950646
2808,-7.628783226013184,-21.496326720699667
2809,-7.26835823059082,-21.46565189693868
2810,-5.14691686630249,-21.400003297314047
2811,-5.681541442871094,-21.225358506664634
2812,-5.110506534576416,-21.04674564693868
2813,-51.42037582397461,-21.025113460049035
2814,-17.857200622558594,-20.952983043178914
2815,-7.710184097290039,-20.767811175808312
2816,-49.743953704833984,-20.757970752224328
2817,-3.217928647994995,-20.567006102070213
2818,0.9184060096740723,-20.530181812748314
2819,1.5451819896697998,-20.48841378544271
2820,1.392822027206421,-20.45097189758718
2821,-43.47401428222656,-20.592070454105734
2822,-4.616774082183838,-20.591339230045676
2823,-6.111687183380127,-20.555650339588524
2824,-12.411616325378418,-20.555557753071188
2825,-18.902542114257812,-20.578062586292624
2826,-46.87425994873047,-20.751360065922142
2827,-42.61231231689453,-20.748793659672142
2828,-50.59604263305664,-20.958323470100762
2829,-45.511451721191406,-21.14726939676702
2830,-13.041007995605469,-21.1977582180351
2831,-8.899100303649902,-21.032435414537787
2832,-4.196508407592773,-20.824445492967964
2833,-5.121025085449219,-20.768399533495305
2834,-3.0814619064331055,-20.681048196062445
2835,-5.72130012512207,-20.569831376299263
2836,-7.832233428955078,-20.227971589311956
2837,-4.754144668579102,-20.015833428606392
2838,-14.458767890930176,-19.895308408007025
2839,-55.76543045043945,-20.080519349321722
2840,-52.02444839477539,-20.256766709551215
2841,-44.89680480957031,-20.417236994966864
2842,-43.3060188293457,-20.562685902819037
2843,1.4918400049209595,-20.53855366204679
2844,0.20605799555778503,-20.50840033040941
2845,1.509443998336792,-20.472574121341108
2846,-8.844996452331543,-20.489118446215986
2847,-8.660228729248047,-20.289719398364426
2848,-16.459285736083984,-20.309978385791183
2849,-21.977415084838867,-20.342537914142014
2850,-22.537368774414062,-20.40612381349504
2851,-49.913753509521484,-20.609938019618394
2852,-52.866798400878906,-20.828116837367414
2853,-33.4075813293457,-20.968127802714704
2854,-10.649116516113281,-21.011645863458515
2855,-6.538670063018799,-21.03076195709407
2856,-8.663475036621094,-21.01015464965999
2857,-5.050386428833008,-20.981565324708818
2858,-50.55024337768555,-20.92675949279964
2859,-50.671791076660156,-20.799420869752765
2860,-8.996925354003906,-20.663962709352376
2861,-7.014036655426025,-20.33680819313228
2862,-18.14727210998535,-20.2250018042773
2863,-10.137674331665039,-20.223368133470416
2864,-7.711112022399902,-20.21798351661861
2865,-7.467691421508789,-20.233770575448872
2866,1.7856160402297974,-20.024454878255725
2867,1.3667680025100708,-19.817673871919514
2868,1.1599839925765991,-19.793869768545033
2869,0.9877240061759949,-19.76756277243793
2870,-8.6510648727417,-19.596674035713075
2871,-7.860768795013428,-19.553902389213444
2872,-20.118955612182617,-19.57226496474445
2873,-24.93634033203125,-19.637897601768376
2874,-36.3836784362793,-19.75812638823688
2875,-93.19210815429688,-20.134998860999943
2876,-58.046260833740234,-20.36703844833374
2877,-48.345943450927734,-20.563905766248702
2878,-9.566478729248047,-20.587976313352584
2879,-8.033133506774902,-20.599828541517258
2880,-7.775791645050049,-20.62510590815544
2881,-7.921933174133301,-20.6106507461071
2882,-5.886075019836426,-20.383757439374925
2883,-6.223208427429199,-20.25390388941765
2884,-8.632492065429688,-20.096345661878587
2885,-6.713741779327393,-19.93184200167656
2886,-17.83881378173828,-19.80117130160332
2887,-10.513070106506348,-19.811235781431197
2888,-10.002744674682617,-19.827595467329026
2889,0.019071999937295914,-19.62423574732244
2890,-0.9105799794197083,-19.424987671121954
2891,1.6476973295211792,-19.397238081678747
2892,1.754531979560852,-19.182673826441167
2893,-0.2774793207645416,-18.981370871409773
2894,-6.906087398529053,-18.971437989100814
2895,-1.6063979864120483,-18.916601526603102
2896,-18.555389404296875,-18.928586428031327
2897,-24.310470581054688,-18.9559289573282
2898,-43.90019607543945,-19.10718931232393
2899,-50.0244026184082,-19.290517498359083
2900,-58.49624252319336,-19.531469724521042
2901,-52.493064880371094,-19.74640965591371
2902,-7.409721851348877,-19.77715702329576
2903,-52.36807632446289,-19.94654901395738
2904,-5.290133476257324,-19.921913019999863
2905,-7.57765007019043,-19.881033953532576
2906,-8.46630859375,-19.809558176860214
2907,-8.250941276550293,-19.625464423045518
2908,-4.158143520355225,-19.45748412786424
2909,-7.115874767303467,-19.337104243144392
2910,-13.875741004943848,-19.17913261304796
2911,-17.289520263671875,-19.212590960368512
2912,-8.377473831176758,-19.208100756511094
2913,-5.582002639770508,-19.198943833217026
2914,0.5044853091239929,-19.18180738554895
2915,-43.229896545410156,-19.323047904118894
2916,-3.4003007411956787,-19.312958774670957
2917,0.020338667556643486,-19.277398885302247
2918,-9.626042366027832,-19.279424821428954
2919,-15.030556678771973,-19.2629169440791
2920,-19.523849487304688,-19.314851131014525
2921,-15.932811737060547,-19.327349444918333
2922,-49.74262619018555,-19.48986669497937
2923,-45.91901397705078,-19.6776957507655
2924,-97.61479949951172,-20.05617782073468
2925,-47.736358642578125,-20.253418391279876
2926,-9.531925201416016,-20.270295222334564
2927,-52.76457595825195,-20.433982638411223
2928,-5.745675086975098,-20.395999289564788
2929,-8.453633308410645,-20.363839366011323
2930,-5.742424964904785,-20.281960440687836
2931,-5.442011833190918,-20.20964379411191
2932,-8.821425437927246,-20.045924338392915
2933,-6.765200138092041,-19.869881730131805
2934,-11.730611801147461,-19.54268268685788
2935,-13.501260757446289,-19.558408364348114
2936,-10.579230308532715,-19.571229584746064
2937,-50.637638092041016,-19.74077377038449
2938,-2.3201966285705566,-19.737616860441864
2939,-5.587893962860107,-19.718329634718597
2940,1.4357719421386719,-19.68335668092221
2941,-3.6217780113220215,-19.66448035912961
2942,-4.724381923675537,-19.663939835600555
2943,-12.119721412658691,-19.685432454161347
2944,-18.31258201599121,-19.686124379210174
2945,-20.82715606689453,-19.73462890344113
2946,-41.70586395263672,-19.874876961760222
2947,-57.096195220947266,-19.911442879728973
2948,-44.26803970336914,-20.09370969443768
2949,-46.8106803894043,-20.2880819998309
2950,-9.551533699035645,-20.33110927873105
2951,-10.741524696350098,-20.380935993723572
2952,-5.345816612243652,-20.378508518747985
2953,-5.779150009155273,-20.349415272288024
2954,-7.8938751220703125,-20.34331250434369
2955,-7.916733264923096,-20.29850832992047
2956,-5.156435012817383,-19.970433325342835
2957,-51.92997360229492,-19.985531973414123
2958,-17.736602783203125,-19.848345800928772
2959,-9.823660850524902,-19.69721814208478
2960,-12.10677433013916,-19.696823072962463
2961,-6.956374168395996,-19.69368690352887
2962,1.5333199501037598,-19.65649638991803
2963,1.1875419616699219,-19.617622721247375
2964,1.6400359869003296,-19.587746644072233
2965,-4.621515274047852,-19.572304204039277
2966,-6.209444522857666,-19.582090662054718
2967,-7.4782304763793945,-19.40430882077664
2968,-16.019489288330078,-19.388437093786894
2969,-66.00308227539062,-19.61497466092557
2970,-54.17462921142578,-19.79794353681058
2971,-59.20247268676758,-20.029756776861845
2972,-49.55181121826172,-20.055371385626493
2973,-51.70038604736328,-20.089375444464384
2974,-9.145174980163574,-20.133590088419616
2975,-10.404067039489746,-20.181661210112274
2976,-2.8343050479888916,-19.996114671759308
2977,-5.2388916015625,-19.96243937497586
2978,-51.006866455078125,-20.1164086285159
2979,-50.36271667480469,-20.22562161832303
2980,-50.90340805053711,-20.226503500036895
2981,-8.740283012390137,-20.106176591925323
2982,-16.038530349731445,-19.968406564764678
2983,-14.607151985168457,-19.80557563596219
2984,-0.7340459823608398,-19.76941475491971
2985,-6.3954691886901855,-19.766416584067045
2986,1.6393860578536987,-19.727915640406312
2987,0.9649720191955566,-19.691062817148865
2988,1.2290899753570557,-19.6524744906947
2989,1.564128041267395,-19.629242205671964
2990,-6.809300899505615,-19.449086236052214
2991,-6.809415340423584,-19.266574263624847
2992,-17.978635787963867,-19.276880240492524
2993,-14.684239387512207,-19.288192175917327
2994,-41.07305908203125,-19.242242819838225
2995,-44.332889556884766,-19.405755662970243
2996,-43.946746826171875,-19.580025692991914
2997,-85.4417495727539,-19.926234086088837
2998,-53.31209182739258,-19.953240876249968
2999,-9.657975196838379,-19.792282551817596
3000,-4.797975063323975,-19.770226874403654
3001,-4.958199977874756,-19.75694565682858
3002,-7.158941745758057,-19.7246839819476
3003,-7.1112751960754395,-19.490895134977997
3004,-8.024958610534668,-19.322093297056853
3005,-4.291604995727539,-19.112861065916718
3006,-59.13337707519531,-19.174956311278045
3007,-15.64376163482666,-19.04200894265622
3008,-10.596192359924316,-18.86755560784787
3009,-2.6375572681427,-18.666322572760283
3010,-3.2741432189941406,-18.656488445334137
3011,1.581678032875061,-18.61740236812085
3012,1.6562819480895996,-18.585233974032104
3013,-4.197688102722168,-18.578011579088866
3014,-6.413418769836426,-18.395868653826415
3015,-9.862042427062988,-18.22611232524365
3016,-11.870837211608887,-18.032203691057862
3017,-19.667802810668945,-17.882369042925536
3018,-47.41822814941406,-18.027045396380128
3019,-49.2447624206543,-18.19159758525342
3020,-53.17003631591797,-18.411329698614775
3021,-50.55614471435547,-18.617949557356535
3022,-10.117850303649902,-18.664691550783814
3023,-4.427558422088623,-18.669857902102173
3024,-2.939110040664673,-18.652427481226624
3025,-8.032907485961914,-18.627736780695617
3026,-8.221851348876953,-18.60159300094098
3027,-5.187836170196533,-18.546177185587585
3028,-3.124898672103882,-18.357608420901002
3029,0.6828579902648926,-18.1244865623042
3030,0.7000386714935303,-17.99960787063092
3031,-3.301954746246338,-17.835120590738953
3032,-7.096257209777832,-17.81432595115155
3033,-5.626954555511475,-17.805053103022278
3034,-17.589820861816406,-17.853413786463438
3035,-39.58744812011719,-17.990982212595643
3036,-49.201316833496094,-18.154142815165223
3037,-50.17531967163086,-18.321451195292173
3038,-33.02631378173828,-18.421782049708067
3039,-9.963908195495605,-18.443793861918152
3040,-9.258983612060547,-18.410141624979676
3041,-4.021550178527832,-18.35911155372113
3042,-4.581741809844971,-18.332012270502744
3043,-6.550433158874512,-18.35901223247498
3044,-2.905484914779663,-18.376232596091928
3045,-49.47200012207031,-18.57529393260926
3046,-50.114418029785156,-18.78020189254731
3047,-14.812664985656738,-18.846266488723458
3048,-6.886508464813232,-18.86059664028138
3049,-5.080865383148193,-18.850646210364996
3050,1.3422060012817383,-18.770993679694833
3051,-0.7193620204925537,-18.68031545608491
3052,0.6319720149040222,-18.467354233674705
3053,1.1080440282821655,-18.350884139470757
3054,0.541953980922699,-18.147849090270697
3055,-2.955878734588623,-17.94614303367585
3056,-2.031843662261963,-17.918473174743355
3057,-16.42928695678711,-17.960359767608345
3058,-18.349634170532227,-18.00324317138642
3059,-21.959827423095703,-18.06200904815644
3060,-39.01333236694336,-18.197474710159003
3061,-44.204063415527344,-18.35156479804963
3062,-30.713123321533203,-18.453975265197457
3063,-9.796533584594727,-18.287479896239937
3064,-8.262967109680176,-18.249102962188424
3065,-4.196291446685791,-18.235047391586004
3066,-6.458024978637695,-18.061903676681222
3067,-6.798083305358887,-18.076224295310677
3068,-2.519804000854492,-18.08997713535279
3069,-4.15730094909668,-18.112787067107856
3070,-7.313661098480225,-18.147612999610605
3071,-13.577521324157715,-18.02802702777833
3072,-9.958736419677734,-18.049394877128304
3073,-4.498569488525391,-18.042942406348885
3074,1.4005260467529297,-17.98769383686036
3075,0.4543299973011017,-17.910266348414122
3076,1.1481300592422485,-17.718176788382234
3077,1.124045968055725,-17.54323135524243
3078,0.5638419985771179,-17.338591816715898
3079,1.1756839752197266,-17.15184327393025
3080,-5.406497478485107,-17.12130523186177
3081,-12.577759742736816,-17.136019869618117
3082,-18.55411720275879,-17.19345030479878
3083,-40.14357376098633,-17.33354049950093
3084,-12.87895679473877,-17.37273047905415
3085,-41.78062057495117,-17.51696776085347
3086,-33.497379302978516,-17.619628344349564
3087,-7.3997039794921875,-17.630210581593214
3088,-8.268816947937012,-17.605450777821243
3089,-7.268899917602539,-17.411464655689894
3090,-7.045841693878174,-17.231550228886306
3091,-7.607983112335205,-17.082394942097366
3092,-6.793316841125488,-16.936344134144484
3093,-7.593466758728027,-16.97268536119908
3094,-3.2240700721740723,-16.98640587347001
3095,-14.97608757019043,-17.052347999744118
3096,-13.077361106872559,-17.069277458362283
3097,-0.7408120036125183,-17.03759979145974
3098,-4.288361549377441,-16.988916094712913
3099,0.8655040264129639,-16.897544418267906
3100,0.8263559937477112,-16.80408951919526
3101,0.09206999838352203,-16.60406622516364
3102,0.7415739893913269,-16.389632735602557
3103,-1.7747637033462524,-16.26310146509856
3104,-6.2225117683410645,-16.245395046107472
3105,-16.012195587158203,-16.28328914820403
3106,-20.557960510253906,-16.33086709009856
3107,-35.66971206665039,-16.45334439264983
3108,-40.2236328125,-16.412037950389088
3109,-36.27461624145508,-16.354449251048266
3110,-39.04259490966797,-16.474631929270924
3111,-10.52702522277832,-16.488683883540332
3112,-9.150758743286133,-16.452697830073536
3113,-6.641541481018066,-16.438713298670947
3114,-6.67924165725708,-16.434585817210376
3115,-3.5965383052825928,-16.41910120474547
3116,-7.511350154876709,-16.456289069525898
3117,-5.186349868774414,-16.482501541011036
3118,-7.752151012420654,-16.518150081031024
3119,-11.230740547180176,-16.56702393924445
3120,-11.712270736694336,-16.57926876270026
3121,-0.7008919715881348,-16.55062925540656
3122,1.2720839977264404,-16.46506509696692
3123,1.1519540548324585,-16.36071191941947
3124,-1.2481039762496948,-16.22016962157935
3125,1.1981699466705322,-15.842608509175479
3126,1.2400920391082764,-15.605463097684085
3127,0.48339998722076416,-15.41014572393149
3128,-9.784971237182617,-15.41101969396323
3129,-5.569239616394043,-15.401164118401706
3130,-21.035295486450195,-15.454202133767307
3131,-42.22413635253906,-15.59141094648093
3132,-45.27231216430664,-15.748955895058812
3133,-52.302433013916016,-15.933272793404758
3134,-42.87786865234375,-16.070254299752413
3135,-8.285333633422852,-16.076540667168796
3136,-9.364067077636719,-16.04264168035239
3137,-2.532762050628662,-16.01072044812888
3138,-7.583716869354248,-16.001044336907565
3139,-7.074441432952881,-16.029418390639126
3140,-6.822891712188721,-16.0530676375702
3141,-4.997633457183838,-16.079648960717023
3142,-8.268328666687012,-16.119740403302014
3143,-17.5119686126709,-16.188678360469638
3144,-16.139625549316406,-16.22561251307279
3145,-5.138769149780273,-16.239741997726263
3146,-19.13218879699707,-16.242049195297064
3147,-15.750690460205078,-16.207810074813665
3148,-12.052275657653809,-16.080418393142523
3149,-11.695552825927734,-15.9271029939726
3150,-11.369877815246582,-15.738597535140812
3151,-14.760318756103516,-15.587666550643743
3152,-11.57603931427002,-15.604331820495426
3153,-16.898988723754883,-15.462455470092594
3154,-17.77810287475586,-15.512407347686588
3155,-15.628754615783691,-15.544611765868963
3156,-88.52424621582031,-15.864843516357244
3157,-89.92119598388672,-16.191524535186588
3158,-85.80529022216797,-16.51811312199384
3159,-10.474916458129883,-16.531549288757144
3160,-6.277803421020508,-16.501157538421452
3161,-50.03349304199219,-16.632133429534733
3162,-49.68693161010742,-16.797371260650458
3163,-7.700825214385986,-16.805846550948917
3164,-7.111166477203369,-16.836309158094227
3165,-4.336031436920166,-16.680733697660266
3166,-5.848010063171387,-16.69052453494817
3167,-11.851446151733398,-16.73801167422533
3168,-10.578131675720215,-16.7418200314641
3169,-8.507396697998047,-16.715727391541005
3170,-6.10837984085083,-16.662065512955188
3171,0.8832700252532959,-16.594801185905933
3172,-0.3192700147628784,-16.397107761204243
3173,-1.0795880556106567,-16.217750057518483
3174,1.4718600511550903,-15.821403419315814
3175,-4.199780464172363,-15.647257106602192
3176,-10.548062324523926,-15.651321655094623
3177,-11.486648559570312,-15.486209945499898
3178,-20.47917938232422,-15.545143962681294
3179,-16.702707290649414,-15.578140258610249
3180,-44.82410430908203,-15.734466975986958
3181,-26.42045021057129,-15.818380729496479
3182,-39.81488037109375,-15.942354549229146
3183,-8.15446662902832,-15.94791161519289
3184,-6.833341598510742,-15.928322534382342
3185,-4.955599784851074,-15.894139890491962
3186,-5.367700099945068,-15.873293769657613
3187,-5.635608196258545,-15.693285650074483
3188,-7.108675003051758,-15.712439563572406
3189,-5.166524887084961,-15.710754087269306
3190,-5.409201145172119,-15.73813397961855
3191,-13.774443626403809,-15.778744642078877
3192,-14.034027099609375,-15.815983222782611
3193,-10.05636978149414,-15.807729816257954
3194,0.7952859997749329,-15.731298344194888
3195,0.7861419916152954,-15.64484515196085
3196,0.7408180236816406,-15.475058424055577
3197,1.310148000717163,-15.241433051168919
3198,0.733709990978241,-15.061426052391528
3199,-1.5441033840179443,-14.880359744369983
3200,-2.692260265350342,-14.852922650635243
3201,-55.6295051574707,-15.032474572479725
3202,-16.0666446685791,-15.075357884705067
3203,-47.3871955871582,-15.241790067017078
3204,-50.86780548095703,-15.413685788452625
3205,-35.60074996948242,-15.524421855270862
3206,-40.692237854003906,-15.66656506663561
3207,-52.94581604003906,-15.670628436386584
3208,-7.0483832359313965,-15.627875558197498
3209,-49.22987365722656,-15.785500409424305
3210,-4.329216480255127,-15.754390178024769
3211,-4.706433296203613,-15.745390414535999
3212,-6.74055814743042,-15.778485926926136
3213,-6.923858165740967,-15.81093152743578
3214,-4.166858673095703,-15.834159106075763
3215,-56.15138626098633,-16.04027859002352
3216,-9.946624755859375,-16.055227310955523
3217,-10.710951805114746,-16.068158196270467
3218,-3.8621087074279785,-16.01952867394686
3219,0.5694940090179443,-15.753238368809223
3220,-0.051458001136779785,-15.536745683968068
3221,0.6198620200157166,-15.297456345140933
3222,-3.058161973953247,-15.1114817481637
3223,-0.8155993223190308,-14.907942601263523
3224,-0.9377700090408325,-14.875112981379033
3225,-13.969401359558105,-14.889374318659305
3226,-13.966401100158691,-14.933902702867984
3227,-36.302791595458984,-15.058158302843571
3228,-32.87977981567383,-14.985649956285954
3229,-41.68840789794922,-14.950952721178531
3230,-42.95297622680664,-14.91915099388361
3231,-6.871253490447998,-14.91167487579584
3232,-50.58956527709961,-15.049879015505313
3233,-6.661691665649414,-15.018097174227238
3234,-4.455966472625732,-15.032984856188298
3235,-3.459728240966797,-15.021241892397404
3236,-4.371250152587891,-15.04528443723917
3237,-49.65887451171875,-15.247779823362828
3238,-7.632040500640869,-15.283224345266818
3239,-11.173894882202148,-15.334176436960696
3240,-11.882878303527832,-15.354470746576785
3241,-1.7096433639526367,-15.334071658670902
3242,-2.627908706665039,-15.272668750345707
3243,-1.3268979787826538,-15.21923938471079
3244,1.1094839572906494,-15.050509212553502
3245,-0.06263600289821625,-14.873428198337555
3246,1.0121040344238281,-14.693592794895173
3247,-6.109286785125732,-14.37626294374466
3248,-9.95523738861084,-14.202835525989533
3249,-12.8540620803833,-14.215619873523712
3250,-14.681358337402344,-14.255153406620027
3251,-38.800716400146484,-14.390523472309113
3252,-19.113109588623047,-14.438340143680573
3253,-39.744388580322266,-14.56887259721756
3254,-42.81111145019531,-14.708017208576202
3255,-5.5287184715271,-14.7129656624794
3256,-8.454174995422363,-14.51024885416031
3257,-4.656599998474121,-14.466300207614898
3258,-7.063175201416016,-14.452168138980866
3259,-7.553275108337402,-14.471831010341644
3260,-7.211483478546143,-14.487580371379853
3261,-4.624208450317383,-14.512403917312621
3262,-5.975544452667236,-14.54293122291565
3263,-15.975801467895508,-14.590043676376343
3264,-4.877967357635498,-14.583901870727539
3265,-56.64726257324219,-14.771042751312256
3266,-10.245072364807129,-14.764539691925048
3267,-5.131046772003174,-14.706392667770386
3268,-2.763300657272339,-14.527772957801819
3269,-1.6631619930267334,-14.337446556091308
3270,-5.900918483734131,-14.148370084762574
3271,-55.857032775878906,-14.169573637008668
3272,-12.493486404418945,-14.179076181411743
3273,-14.010297775268555,-14.217407138824463
3274,-20.612972259521484,-14.28810258769989
3275,-43.55458068847656,-14.430189280509948
3276,-38.20222854614258,-14.550110789299012
3277,-50.923221588134766,-14.733052330970764
3278,-40.15922546386719,-14.881189638137817
3279,-8.855816841125488,-14.919344337463379
3280,-8.316483497619629,-14.955410426139832
3281,-6.9658918380737305,-14.97006617450714
3282,-7.033708095550537,-14.969815978050232
3283,-3.5047850608825684,-14.961327300071716
3284,-5.1398749351501465,-14.911527516365052
3285,-6.540299892425537,-14.779338923454285
3286,-5.540579795837402,-14.60469597530365
3287,-13.440375328063965,-14.457756197929383
3288,-16.70199203491211,-14.392458910942077
3289,-10.723533630371094,-14.39549741268158
3290,-6.533498764038086,-14.38459547328949
3291,-4.073742866516113,-14.384804244041442
3292,-2.628592014312744,-14.376991644859315
3293,-0.1094139963388443,-14.351227568209172
3294,-4.03764009475708,-14.355756188929082
3295,-8.247092247009277,-14.190856557428837
3296,-13.634245872497559,-14.044935868799687
3297,-13.044321060180664,-14.037862493097782
3298,-14.695494651794434,-14.069098437845707
3299,-36.2708740234375,-14.193858472406864
3300,-41.9056396484375,-14.366849855005741
3301,-44.13383483886719,-14.54050774627924
3302,-86.08769226074219,-14.887386403381825
3303,-53.04234313964844,-15.103987952053547
3304,-51.26773452758789,-15.31122670608759
3305,-6.687908172607422,-15.326154823839664
3306,-3.809969902038574,-15.33326732879877
3307,-4.93209171295166,-15.28727854782343
3308,-49.56180953979492,-15.41212724930048
3309,-7.24192476272583,-15.353255638659
3310,-5.776885032653809,-15.220309849321842
3311,-15.749460220336914,-15.10649143654108
3312,-12.539861679077148,-15.033798389971256
3313,-10.708976745605469,-15.037448162615298
3314,-3.3977153301239014,-15.017987155497075
3315,0.3415380120277405,-14.99983583766222
3316,-2.930192708969116,-14.985724508583546
3317,0.02314266748726368,-14.958439604692161
3318,-4.031618595123291,-14.964486863069236
3319,-7.854432106018066,-14.979275387696921
3320,-12.829390525817871,-15.001338305406273
3321,-12.898941993713379,-14.998623988084494
3322,-17.29317855834961,-15.027961756639183
3323,-35.0211181640625,-15.15005195134133
3324,-51.167057037353516,-15.360322283677757
3325,-44.735435485839844,-15.541081345610321
3326,-48.197608947753906,-15.738464301638306
3327,-8.308408737182617,-15.776194120459259
3328,-6.595658302307129,-15.804832121662795
3329,-2.711941957473755,-15.82038262539357
3330,-4.506499767303467,-15.816782634548844
3331,-4.885075092315674,-15.786011895947158
3332,-50.43584060668945,-15.913538789562882
3333,-49.75334167480469,-15.951977861218154
3334,-50.6782112121582,-16.10317487888783
3335,-17.720048904418945,-16.006932592205704
3336,-8.180567741394043,-15.905665345959365
3337,-53.6641845703125,-16.090723268322648
3338,-47.71349334716797,-16.24850197391957
3339,-6.578152656555176,-16.24573898487538
3340,-0.013559999875724316,-16.217609858099372
3341,-4.306114673614502,-16.204402384344487
3342,-7.6980462074279785,-16.208021301809698
3343,-6.665205955505371,-16.204308258596807
3344,-1.405724048614502,-16.19703487450257
3345,-15.709118843078613,-16.19996699959412
3346,-21.054746627807617,-16.231876541677863
3347,-26.83306121826172,-16.33624553853646
3348,-48.42795944213867,-16.512803930107506
3349,-46.44803237915039,-16.702058075729756
3350,-41.509300231933594,-16.87140070063248
3351,-10.230950355529785,-16.912692782048136
3352,-6.141411781311035,-16.940224725130946
3353,-50.489898681640625,-17.135085265044122
3354,-7.930708408355713,-17.141918051604183
3355,-7.910341739654541,-17.109510636214168
3356,-7.746433258056641,-17.058264527205377
3357,-4.959933280944824,-16.935425412062557
3358,-6.153988838195801,-16.799146836165338
3359,-15.493865966796875,-16.716023835066707
3360,-45.53672409057617,-16.742000351790338
3361,-42.7481575012207,-16.870884880904107
3362,-5.069550037384033,-16.8545600460805
3363,-5.732241630554199,-16.850922846678646
3364,-6.526058197021484,-16.8503101128377
3365,-6.8958001136779785,-16.863507160071283
3366,-6.710875034332275,-16.860305259589104
3367,-5.6813249588012695,-16.862285159949213
3368,-7.292300224304199,-16.860445756796747
3369,-7.293274879455566,-16.84469589412585
3370,-15.31274127960205,-16.85909777629748
3371,-7.705976486206055,-16.887118114355953
3372,-6.367407321929932,-16.917676079634578
3373,0.850275993347168,-16.918882791880517
3374,-0.7280300259590149,-16.916802496079356
3375,1.2952979803085327,-16.916413983944803
3376,0.9774090647697449,-16.917464715842158
3377,0.6727960109710693,-16.916707131747156
3378,1.2306746244430542,-16.872644548300652
3379,-5.656638145446777,-16.872994142416864
3380,-54.422271728515625,-17.006542047385125
3381,-4.523423194885254,-16.855739194754513
3382,-13.0088529586792,-16.726685357932002
3383,-37.32999801635742,-16.666795617941766
3384,-49.64686584472656,-16.693871606711298
3385,-40.62104415893555,-16.82321444881335
3386,-6.623101711273193,-16.812250587347894
3387,-8.610716819763184,-16.836562406424434
3388,-4.5370001792907715,-16.824375539664178
3389,-3.999878406524658,-16.812077287558466
3390,-7.5482916831970215,-16.8149788874425
3391,-5.124161720275879,-16.815485000494867
3392,-49.878143310546875,-16.981924259070308
3393,-7.859316825866699,-16.94331365192309
3394,-15.740074157714844,-16.941715446356685
3395,-11.813446998596191,-16.968414157751948
3396,-0.3479340076446533,-16.893277138594538
3397,0.8256880044937134,-16.826971624735744
3398,1.2650580406188965,-16.77370228994265
3399,1.340567946434021,-16.721557806853205
3400,1.326185941696167,-16.670773551825434
3401,1.2851279973983765,-16.606591764811427
3402,0.852403998374939,-16.556877991560846
3403,-7.493902683258057,-16.51925764739886
3404,-7.78776741027832,-16.47929630554095
3405,-60.45957565307617,-16.65861958969012
3406,-42.15187454223633,-16.473130102995782
3407,-37.64432144165039,-16.264022604826838
3408,-35.2568473815918,-16.06182883346453
3409,-82.91386413574219,-16.351584624174983
3410,-52.01620864868164,-16.534538245085628
3411,-8.45146656036377,-16.368210139159114
3412,-4.741316795349121,-16.18842767990008
3413,-6.893741607666016,-16.1851993454732
3414,-4.855824947357178,-16.176177979353817
3415,-3.813431739807129,-16.174087580565363
3416,-7.059599876403809,-16.178933939818293
3417,-7.41439151763916,-16.161185721281917
3418,-8.576053619384766,-16.153177409056575
3419,-12.132089614868164,-16.167676180724055
3420,-2.708296775817871,-16.154075848463922
3421,1.3429800271987915,-16.15223700845614
3422,-43.711326599121094,-16.325805234793574
3423,-1.8075200319290161,-16.32871696269885
3424,1.2604860067367554,-16.32956245887652
3425,0.7092459797859192,-16.309926353100686
3426,1.0560779571533203,-16.263509791973977
3427,-4.099432468414307,-16.233960927609353
3428,-7.849308490753174,-16.18344144404307
3429,-19.24839973449707,-16.19362421381846
3430,-41.78257751464844,-16.181458106640726
3431,-18.74576759338379,-16.150759376171976
3432,-44.905860900878906,-16.171123298291118
3433,-43.79087829589844,-16.313668944958597
3434,-10.60318374633789,-16.328748313549905
3435,-4.6257100105285645,-16.327428754452615
3436,-6.444591522216797,-16.331736320141705
3437,-4.004103183746338,-16.325210300091655
3438,-4.251433372497559,-16.313781333569437
3439,-7.085816860198975,-16.321458501461894
3440,-7.554574966430664,-16.330039996746926
3441,-7.598450183868408,-16.305336022976785
3442,-13.64271354675293,-16.30377076876536
3443,-1.8238940238952637,-16.270840865734964
3444,-6.587808609008789,-16.3003732441701
3445,1.3567320108413696,-16.298090884093195
3446,1.3183200359344482,-16.295780876044184
3447,1.3547159433364868,-16.295602604273707
3448,1.3121999502182007,-16.293288644436746
3449,1.4198219776153564,-16.281432942990214
3450,0.7995880246162415,-16.267465549830348
3451,-5.947450160980225,-16.068737329844385
3452,-15.257148742675781,-16.065499346140772
3453,-18.734474182128906,-15.950888460520655
3454,-19.040283203125,-15.823578371409328
3455,-81.21634674072266,-16.006040758494287
3456,-88.12569427490234,-16.195774584177883
3457,-44.09101486206055,-16.16035537946597
3458,-6.741903305053711,-16.159129459742456
3459,-7.500408172607422,-15.99221159780398
3460,-3.7704334259033203,-15.989976465586572
3461,-3.1934449672698975,-15.983924512270837
3462,-6.269416809082031,-15.982039946917444
3463,-2.795536756515503,-15.965526661280542
3464,-6.423683166503906,-15.974553959254175
3465,-4.174511432647705,-15.766646459940821
3466,-13.755657196044922,-15.781882589701564
3467,-9.015368461608887,-15.775100256327539
3468,0.8869420289993286,-15.756104053381831
3469,0.763696014881134,-15.755327245358378
3470,0.7184680104255676,-15.752247541312128
3471,-2.5136759281158447,-15.764781693104654
3472,1.0789920091629028,-15.74823307717219
3473,-1.5370320081710815,-15.751118807915597
3474,1.0967400074005127,-15.742980767849833
3475,-1.434391975402832,-15.692840730313211
3476,-1.4788639545440674,-15.642890581730754
3477,-17.58991050720215,-15.568039057377726
3478,-32.77607727050781,-15.567624247197061
3479,-12.778665542602539,-15.451985277775675
3480,-41.077674865722656,-15.444484072331338
3481,-40.58469009399414,-15.579337818745524
3482,-5.5315985679626465,-15.399105951908975
3483,-5.396191596984863,-15.394043951634318
3484,-6.451958179473877,-15.40202791846171
3485,-3.730128288269043,-15.403109518650918
3486,-49.17809295654297,-15.58233688986674
3487,-6.9265666007995605,-15.411407658223062
3488,-6.551841735839844,-15.407086863163858
3489,-3.9226317405700684,-15.37808181059733
3490,-13.754112243652344,-15.385566746357828
3491,-10.51231575012207,-15.420777435902506
3492,0.8695740103721619,-15.406787505034357
3493,-0.4987019896507263,-15.40347472107783
3494,-1.3178880214691162,-15.413184208992869
3495,1.0936440229415894,-15.40855908888951
3496,-2.5705759525299072,-15.422889808837324
3497,0.23587311804294586,-15.39750916922465
3498,-43.79975891113281,-15.532887255314737
3499,0.655019998550415,-15.478850926999003
3500,-4.346332550048828,-15.437510823849589
3501,-3.615818738937378,-15.296771233204753
3502,-31.52986717224121,-15.346438263539225
3503,-41.34545135498047,-15.352842514637858
3504,-36.21235275268555,-15.326447479847818
3505,-38.70008087158203,-15.459132929448039
3506,-3.8124499320983887,-15.440566029194743
3507,-3.911090135574341,-15.437583989743143
3508,-4.238108158111572,-15.426283721569925
3509,-4.714016437530518,-15.414926686886698
3510,-4.820724964141846,-15.405363652829081
3511,-5.125141620635986,-15.407367385510355
3512,-4.502224922180176,-15.401474107388408
3513,-49.97195816040039,-15.537458734158427
3514,-15.604131698608398,-15.580363391522319
3515,-4.729261875152588,-15.37269138872996
3516,-47.14360046386719,-15.5202855011262
3517,1.3023899793624878,-15.494551754120737
3518,1.4019479751586914,-15.477890759591013
3519,-2.0869638919830322,-15.47958596718684
3520,0.7703199982643127,-15.452901013258845
3521,1.3441499471664429,-15.224096282366663
3522,1.2441060543060303,-15.169145912531762
3523,-7.732000827789307,-15.144032724741846
3524,-12.640335083007812,-15.11214217603579
3525,-15.094192504882812,-14.998300623301416
3526,-34.559608459472656,-14.983730142954737
3527,-39.65971374511719,-14.938676111582666
3528,-47.250648498535156,-14.967041803721338
3529,-35.2919921875,-15.072786505106837
3530,-7.292891502380371,-15.068692137125879
3531,-5.944033145904541,-15.064604702357203
3532,-2.6029460430145264,-15.04688165414706
3533,-6.919849872589111,-15.060541913393886
3534,-6.844124794006348,-15.06735891282931
3535,-4.414366722106934,-15.058855180148035
3536,-6.884425163269043,-15.064230561617762
3537,-7.227950096130371,-15.039380860690027
3538,-3.2402660846710205,-14.985533956889062
3539,-11.690362930297852,-14.98940127408877
3540,-6.962387561798096,-14.991116829279811
3541,0.7766240239143372,-14.971715361718088
3542,0.733780026435852,-14.958265873555094
3543,0.6810399889945984,-14.95510405761376
3544,0.6172839999198914,-14.936484361235053
3545,-0.9570073485374451,-14.907324021641164
3546,-7.53862190246582,-14.882941525761039
3547,-10.644794464111328,-14.873343419376761
3548,-16.189748764038086,-14.879320435825734
3549,-9.53007984161377,-14.77235725909844
3550,-40.05535125732422,-14.764956105533987
3551,-34.449092864990234,-14.72621713763848
3552,-87.81536102294922,-14.733127812687307
3553,-43.03277587890625,-14.693089543644339
3554,-9.875075340270996,-14.527518906895072
3555,-6.434133529663086,-14.526503808323294
3556,-4.899148464202881,-14.53086052257195
3557,-50.791500091552734,-14.714298156086356
3558,-7.982600212097168,-14.547981318775564
3559,-6.124949932098389,-14.543513419453054
3560,-6.6683502197265625,-14.547079280201345
3561,-9.900641441345215,-14.523684005085379
3562,-18.593109130859375,-14.547896994892508
3563,-18.024744033813477,-14.57716006404534
3564,-12.578631401062012,-14.613883728329093
3565,-0.15484799444675446,-14.61586927235499
3566,1.0805139541625977,-14.599826445702464
3567,1.584089994430542,-14.593582656394691
3568,0.9825400114059448,-14.573526021968574
3569,-2.542717933654785,-14.55227916527912
3570,-7.651059150695801,-14.531565839778631
3571,-11.908785820007324,-14.527605215083808
3572,-17.424589157104492,-14.528130857478827
3573,-20.400053024291992,-14.469646596919745
3574,-44.1861457824707,-14.441722951900214
3575,-29.072595596313477,-14.37907159234211
3576,-101.022705078125,-14.590371976863592
3577,-47.31475067138672,-14.746397344600409
3578,-54.42283248901367,-14.937706041347235
3579,-10.354125022888184,-14.968274773608893
3580,-8.468366622924805,-14.984122241031379
3581,-5.078873157501221,-14.98489743329212
3582,-6.117583274841309,-14.807624403964729
3583,-6.713416576385498,-14.635464703571051
3584,-9.193441390991211,-14.469525624286383
3585,-7.095399856567383,-14.427027028094978
3586,-15.3382568359375,-14.455657784473152
3587,-16.000080108642578,-14.305001366626472
3588,-6.406932830810547,-14.13977512456104
3589,0.7628179788589478,-14.110411242019385
3590,1.1458359956741333,-14.105773658037185
3591,1.0724999904632568,-14.084259199380874
3592,1.7615339756011963,-14.046420878648759
3593,0.7698000073432922,-14.016680854797363
3594,-4.357535362243652,-14.028488100051879
3595,-0.5375319719314575,-13.967801752567292
3596,-7.636841297149658,-13.91413013124466
3597,-64.39163970947266,-14.064364445209502
3598,-48.613014221191406,-14.065104664325714
3599,-58.45900344848633,-14.113148548603057
3600,-52.98409652709961,-14.159047733783721
3601,-52.557350158691406,-14.328353332996368
3602,-11.612092018127441,-14.350236053943634
3603,-8.23289966583252,-14.1812080578804
3604,-8.583200454711914,-14.183818026065826
3605,-3.125109910964966,-14.164677098751069
3606,-5.549591541290283,-14.155889731884002
3607,-5.736206531524658,-14.158994824886323
3608,-51.568790435791016,-14.340654031276703
3609,-9.205033302307129,-14.315498700618743
3610,-14.064079284667969,-14.18960812139511
3611,-17.064403533935547,-14.08687310552597
3612,-9.400294303894043,-14.10419608259201
3613,-0.9942560195922852,-14.085244140148163
3614,1.0345419645309448,-14.055001739501954
3615,0.11821000277996063,-14.026945699036121
3616,1.0609300136566162,-13.995858478844166
3617,1.1925220489501953,-13.96836309081316
3618,-2.1437458992004395,-13.947768873512745
3619,-7.2154645919799805,-13.947457632362843
3620,-13.48837661743164,-13.94016017371416
3621,-19.130088806152344,-13.985856622993946
3622,-43.850101470947266,-14.135787399590015
3623,-39.321075439453125,-14.296472805321217
3624,-50.80156707763672,-14.496766953527928
3625,-53.895328521728516,-14.717529459536076
3626,-8.341228485107422,-14.754804009735585
3627,-52.92707443237305,-14.96920349150896
3628,-7.0843000411987305,-15.002463390171528
3629,-5.1501665115356445,-15.000437503635883
3630,-4.221961498260498,-14.799636262714863
3631,-7.537241458892822,-14.811691535770892
3632,-5.754016876220703,-14.782672191441058
3633,-6.456341743469238,-14.659177566349506
3634,-12.897071838378906,-14.512178390324117
3635,-13.655101776123047,-14.404314620792865
3636,-9.050580978393555,-14.414024537861348
3637,1.1520559787750244,-14.374973446667195
3638,1.5693299770355225,-14.35054812604189
3639,-0.9654480218887329,-14.338410404503346
3640,-0.4938420057296753,-14.310192605793477
3641,1.552482008934021,-14.283486030876636
3642,-4.533370018005371,-14.10210693770647
3643,-9.949603080749512,-14.110468082726001
3644,-13.610071182250977,-14.101948070824147
3645,-7.254422187805176,-14.083711971580982
3646,-22.888702392578125,-14.173875045120717
3647,-45.67353057861328,-14.359871919453145
3648,-95.12238311767578,-14.745421684086322
3649,-47.88417434692383,-14.942320653259754
3650,-7.952425003051758,-14.979435097038746
3651,-6.23544979095459,-15.009517408192158
3652,-7.665833473205566,-15.043590358078479
3653,-5.0689167976379395,-15.033890414536
3654,-5.947175025939941,-15.026528044998646
3655,-7.287316799163818,-14.813839009582995
3656,-7.317216873168945,-14.674500378906727
3657,-4.032796859741211,-14.54005428057909
3658,-20.010194778442383,-14.479067670166492
3659,-11.475091934204102,-14.19331258136034
3660,-4.1440348625183105,-14.001823886215687
3661,-0.14372999966144562,-13.968592939972877
3662,1.548017978668213,-13.943435600876809
3663,1.6968779563903809,-13.909073122620583
3664,-43.450523376464844,-14.063451916337014
3665,0.6390699744224548,-14.045641909480095
3666,0.9909399747848511,-14.01343975007534
3667,-3.8036792278289795,-13.998996900916099
3668,-9.8403959274292,-14.004054270148277
3669,-61.732879638671875,-14.202457430243491
3670,-40.419586181640625,-14.353302587866784
3671,-86.66224670410156,-14.705323494791985
3672,-51.22025680541992,-14.73535921561718
3673,-40.77070617675781,-14.891211960196495
3674,-10.008758544921875,-14.936288938403129
3675,-5.51524019241333,-14.961186883091926
3676,-5.873941898345947,-14.988906962513923
3677,-50.2379150390625,-15.173460892796516
3678,-8.686657905578613,-15.176810290455817
3679,-6.165358543395996,-15.124478125691414
3680,-5.838944911956787,-14.980703595280648
3681,-6.918274879455566,-14.933393624424934
3682,-59.32795333862305,-14.99108199417591
3683,-56.55756759643555,-15.04214875137806
3684,-11.581339836120605,-15.04606137573719
3685,-5.039516448974609,-15.047716601490974
3686,1.7822879552841187,-15.014809083580971
3687,1.0397080183029175,-14.994633838772774
3688,1.126755952835083,-14.973121081471444
3689,1.7696880102157593,-14.937699061989784
3690,-4.280079364776611,-14.924601079583168
3691,-7.259260177612305,-14.923244319558144
3692,-15.982769012451172,-14.932604541420936
3693,-17.812768936157227,-14.996560041069985
3694,-43.26179504394531,-15.14325598680973
3695,-44.57623291015625,-15.32698784649372
3696,-6.7350335121154785,-15.359201260685921
3697,-4.745649814605713,-15.38360272371769
3698,-6.604058265686035,-15.415267756581306
3699,-6.796024799346924,-15.448131143689155
3700,-4.59564208984375,-15.469712064146995
3701,-11.2662992477417,-15.490987460494042
3702,-8.93907642364502,-15.46571517121792
3703,-12.154866218566895,-15.439396739363671
3704,0.6893479824066162,-15.360478214621544
3705,1.272096037864685,-15.030524443507195
3706,0.5576140284538269,-14.67579121029377
3707,1.0580580234527588,-14.495194918751716
3708,-4.724629878997803,-14.487125825047492
3709,-6.467625141143799,-14.482994692921638
3710,-2.700021982192993,-14.478713047146798
3711,-15.03531551361084,-14.52608052933216
3712,-18.754932403564453,-14.57602259171009
3713,-34.536109924316406,-14.702984884381294
3714,-44.06086730957031,-14.85353362095356
3715,-17.28347396850586,-14.905969471096993
3716,-45.53849792480469,-15.033100834012032
3717,-7.129308223724365,-15.025556593060493
3718,-7.62921667098999,-15.05962122786045
3719,-7.381999969482422,-15.092204011797905
3720,-5.274425029754639,-15.116175583958626
3721,-5.022441864013672,-15.126210647702218
3722,-7.256225109100342,-15.15955151617527
3723,-7.798325061798096,-15.184596688389778
3724,-5.559567451477051,-15.211221918225288
3725,-5.331074237823486,-15.226808647274972
3726,-16.50509262084961,-15.286913561940192
3727,-16.046157836914062,-15.280738551259041
3728,-18.843551635742188,-15.225008448719977
3729,-12.917387008666992,-15.225563334584237
3730,-9.48122787475586,-15.09917754662037
3731,-13.985838890075684,-14.992782141804694
3732,-11.295736312866211,-15.015838692784309
3733,-12.209925651550293,-15.043093629002572
3734,-58.9811897277832,-15.253210555195809
3735,-15.645856857299805,-15.30087346947193
3736,-19.3475341796875,-15.181551234364509
3737,-44.96615219116211,-15.33370957672596
3738,-42.47842788696289,-15.477415921330453
3739,-48.822265625,-15.657014456868172
3740,-40.59869384765625,-15.764392783284187
3741,-10.227591514587402,-15.76325388634205
3742,-8.519283294677734,-15.800809315562248
3743,-4.876625061035156,-15.818321007847786
3744,-5.481016635894775,-15.83497352230549
3745,-5.447108268737793,-15.861136531472207
3746,-4.685850143432617,-15.869597628235818
3747,-3.3480217456817627,-15.883933207690715
3748,-6.176952838897705,-15.733441983401775
3749,-19.491872787475586,-15.814029554545879
3750,-19.15741729736328,-15.873273893535137
3751,-16.276010513305664,-15.92391466063261
3752,-61.965389251708984,-16.04565674895048
3753,-14.336919784545898,-15.937622622668743
3754,-12.91451644897461,-15.8444312774539
3755,-13.407411575317383,-15.74326060026884
3756,-14.727009773254395,-15.786918839633465
3757,-11.878582954406738,-15.818788810908794
3758,-18.17840003967285,-15.87454997843504
3759,-21.264490127563477,-15.940751873195172
3760,-10.999446868896484,-15.96546676081419
3761,-36.80242919921875,-16.09217591112852
3762,-49.13747787475586,-16.270716922938824
3763,-39.30049133300781,-16.228031055629252
3764,-43.131011962890625,-16.338138576686383
3765,-52.48810958862305,-16.529173967540263
3766,-8.80690860748291,-16.375827200114728
3767,-4.186753273010254,-16.397783773124218
3768,-6.85593318939209,-16.43081529778242
3769,-5.735925197601318,-16.445411143004893
3770,-6.881391525268555,-16.476017989099027
3771,-7.282549858093262,-16.510524788320065
3772,-6.651267051696777,-16.542106280744076
3773,-15.850239753723145,-16.57457923644781
3774,-13.201708793640137,-16.57682473129034
3775,-0.736732006072998,-16.5193948892951
3776,-4.145671367645264,-16.39773914092779
3777,0.6410459876060486,-16.236536101996897
3778,0.6668019890785217,-16.044866300046444
3779,-0.20149199664592743,-15.904504299283028
3780,0.7066126465797424,-15.872506282687187
3781,-3.501704692840576,-15.86273696887493
3782,-12.901582717895508,-15.903931515574456
3783,-18.69338607788086,-15.951025660395622
3784,-17.377033233642578,-15.993157294154168
3785,-38.25611877441406,-16.128524302363395
3786,-45.92711639404297,-16.284695067286492
3787,-23.392606735229492,-16.34935369384289
3788,-46.687618255615234,-16.523143102526664
3789,-7.954916477203369,-16.50820131671429
3790,-8.972658157348633,-16.516242399096488
3791,-7.5607500076293945,-16.549591895222665
3792,-4.827441692352295,-16.571836782097815
3793,-5.078341484069824,-16.594874307990075
3794,-2.832036018371582,-16.60867158806324
3795,-4.970841407775879,-16.624726924300194
3796,-7.7474446296691895,-16.62556221520901
3797,-9.43860912322998,-16.62073747384548
3798,-7.3463006019592285,-16.585363681197165
3799,-48.965232849121094,-16.743104293227194
3800,1.5297659635543823,-16.576763824343683
3801,-0.34003201127052307,-16.440327580928802
3802,1.4422320127487183,-16.08329720878601
3803,1.3623299598693848,-15.905716785430908
3804,1.2627919912338257,-15.86116531610489
3805,-7.103443145751953,-15.863842554569244
3806,-13.216187477111816,-15.89711071062088
3807,-17.92324447631836,-15.765637688159943
3808,-21.52436637878418,-15.819804752826691
3809,-15.847073554992676,-15.858693247318268
3810,-40.81095504760742,-15.995263666629791
3811,-46.62802505493164,-16.142173201084137
3812,-42.734230041503906,-16.238737684726715
3813,-10.831658363342285,-16.209965342044832
3814,-8.386683464050293,-16.193197550296784
3815,-4.872399806976318,-16.2120677575469
3816,-4.431591510772705,-16.234116179406644
3817,-7.860724925994873,-16.271895439088343
3818,-3.679093360900879,-16.29054197257757
3819,-7.709383487701416,-16.311208634793758
3820,-5.775987148284912,-16.303708346784116
3821,-12.547528266906738,-16.306263316571712
3822,-7.688990116119385,-16.267320920407773
3823,-6.651012897491455,-16.21232475990057
3824,1.5085099935531616,-16.029546136796476
3825,0.8356599807739258,-15.909913114488125
3826,-0.7480639815330505,-15.508814550101757
3827,0.08096799999475479,-15.319231675416232
3828,0.8235459923744202,-15.098246161490678
3829,-5.845346450805664,-15.080211047202349
3830,-11.271260261535645,-15.091422621756792
3831,-4.884263515472412,-15.090644183188676
3832,-24.0494327545166,-15.162371581107378
3833,-46.473487854003906,-15.321411866217852
3834,-38.49807357788086,-15.43863039496541
3835,-45.81096267700195,-15.593492646247148
3836,-84.29219055175781,-15.86930838111043
3837,-8.177541732788086,-15.838018227607012
3838,-8.969083786010742,-15.848266831427813
3839,-3.2234532833099365,-15.864211916476489
3840,-48.99999237060547,-16.064795229941605
3841,-6.503958225250244,-16.09510106280446
3842,-6.680108547210693,-16.12886763289571
3843,-7.13824987411499,-16.160499832421543
3844,-7.040619373321533,-16.171232168465853
3845,-12.207222938537598,-16.217910932332277
3846,-3.6405513286590576,-16.201925772458313
3847,-0.4367406666278839,-15.946106176286936
3848,1.1880899667739868,-15.746901759535074
3849,1.1248199939727783,-15.508566465765238
3850,1.0367820262908936,-15.292482951551676
3851,-1.702481985092163,-15.089063478857279
3852,0.4986099898815155,-15.040620670825243
3853,0.9740560054779053,-15.003792848140002
3854,-6.570152759552002,-14.995740657359361
3855,-14.031673431396484,-15.039366911441087
3856,-5.241933345794678,-15.038136278659106
3857,-36.35085678100586,-15.16059487965703
3858,-34.6323127746582,-15.092848969012499
3859,-36.65967559814453,-15.202667538195849
3860,-34.406211853027344,-15.284036068469286
3861,-5.159333229064941,-15.236415787249804
3862,-8.031133651733398,-15.23093914464116
3863,-3.402095079421997,-15.24057050088048
3864,-7.007058143615723,-15.272736901313067
3865,-3.822753429412842,-15.288500755041838
3866,-5.31142520904541,-15.313990175932647
3867,-6.62518310546875,-15.345260996550321
3868,-3.5929133892059326,-15.351057666510343
3869,-53.7590446472168,-15.53723198673129
3870,-50.951656341552734,-15.687085105627775
3871,-0.9464106559753418,-15.614350393027067
3872,-0.16448600590229034,-15.439607931166888
3873,-0.9733539819717407,-15.286217045336961
3874,-2.3497300148010254,-15.09240969708562
3875,-2.092802047729492,-14.885199591189624
3876,0.30365198850631714,-14.850620069295168
3877,-0.5896459817886353,-14.64127035549283
3878,-10.01711368560791,-14.653001610070467
3879,-12.48001480102539,-14.682321003228425
3880,-13.880999565124512,-14.720957155495881
3881,-75.73629760742188,-14.993753380089998
3882,-32.744598388671875,-15.101715706139803
3883,-36.713321685791016,-15.22274362590909
3884,-35.019344329833984,-15.31123271587491
3885,-6.556766510009766,-15.282839374810457
3886,-5.4979166984558105,-15.268628717690707
3887,-2.609208106994629,-15.283673774033785
3888,-5.109216690063477,-15.310387960702181
3889,-5.3730082511901855,-15.328018201619386
3890,-4.563000202178955,-15.344294834405185
3891,-4.9213666915893555,-15.370190229207278
3892,-8.009292602539062,-15.384093919545412
3893,-2.9796879291534424,-15.356214258939028
3894,-1.847283959388733,-15.309163110047578
3895,-8.754975318908691,-15.315165322571993
3896,0.10779666900634766,-15.223179326325655
3897,0.7186359763145447,-15.037610660105944
3898,0.11560399830341339,-14.656658711642027
3899,0.5192379951477051,-14.463045062273741
3900,0.8502280116081238,-14.427834450215101
3901,-11.308577537536621,-14.44812696120143
3902,-3.7037861347198486,-14.432278771847486
3903,-58.1356315612793,-14.644545630902051
3904,-60.94576644897461,-14.864539996594191
3905,-38.40818405151367,-14.98902346560359
3906,-37.42664337158203,-15.109461171597243
3907,-39.67789077758789,-15.252041547268629
3908,-37.45545959472656,-15.321822606533766
3909,-7.6423749923706055,-15.306491738766432
3910,-51.53856658935547,-15.49606986567378
3911,-4.882800102233887,-15.51502614608407
3912,-49.2647590637207,-15.718277254253627
3913,-49.67707443237305,-15.92377306380868
3914,-6.815849781036377,-15.777234369426965
3915,-6.9206085205078125,-15.807473083406688
3916,-8.023380279541016,-15.84353036442399
3917,-7.271562576293945,-15.85740189781785
3918,-18.67323112487793,-15.892733238607645
3919,-16.758895874023438,-15.712837303549051
3920,-12.818585395812988,-15.60243330040574
3921,-2.3877806663513184,-15.26533543625474
3922,-2.519223928451538,-15.070531304746867
3923,-6.5483574867248535,-14.933641909986735
3924,-6.343018054962158,-14.918978948026895
3925,-6.562869548797607,-14.923169465452432
3926,-2.197824001312256,-14.908464993864298
3927,-10.00467300415039,-14.747532025724649
3928,-16.82029914855957,-14.780066590696574
3929,-36.561256408691406,-14.901650182157756
3930,-38.620540618896484,-15.032776564985515
3931,-85.18860626220703,-15.34585789051652
3932,-38.55936050415039,-15.26278351917863
3933,-9.807042121887207,-15.075781417280435
3934,-6.490900039672852,-15.055419658094644
3935,-4.56635856628418,-15.053527026563883
3936,-3.7525582313537598,-15.075666411310435
3937,-4.662991523742676,-15.098477209478617
3938,-6.82960844039917,-15.130302667051554
3939,-4.134206771850586,-15.153918246179819
3940,-7.871941566467285,-15.168285694986581
3941,-8.910592079162598,-15.174891022592783
3942,-54.25230026245117,-15.327969147592784
3943,-7.494415283203125,-15.286695732980967
3944,-6.515063285827637,-15.139708805948496
3945,0.7365339994430542,-14.958457738310099
3946,1.1460059881210327,-14.926933580309152
3947,1.1758320331573486,-14.9032476529181
3948,1.0469880104064941,-14.872643467813731
3949,-4.3797526359558105,-14.862978379160166
3950,-7.7397027015686035,-14.875554621607066
3951,-57.81895446777344,-15.061765242487192
3952,-16.301599502563477,-15.091215334802866
3953,-36.21146774291992,-15.187441740900278
3954,-86.45299530029297,-15.536011114031076
3955,-46.97578430175781,-15.729002635389566
3956,-44.587547302246094,-15.909583280712367
3957,-7.77584171295166,-15.944918879657983
3958,-5.314291477203369,-15.947277526050806
3959,-3.2482566833496094,-15.93440005221963
3960,-7.028075218200684,-15.95171226516366
3961,-7.387416839599609,-15.921120670467616
3962,-5.260775089263916,-15.867144041210413
3963,-3.459831714630127,-15.742838928371668
3964,-50.8797721862793,-15.770114547878503
3965,-17.325380325317383,-15.77028217330575
3966,-16.791881561279297,-15.655295707851648
3967,-9.52354907989502,-15.664872671276331
3968,-10.965383529663086,-15.678217338711024
3969,-3.219555377960205,-15.661567560344935
3970,-5.216686725616455,-15.661336607128382
3971,-1.7198526859283447,-15.648126250416041
3972,-12.20702075958252,-15.667929433017969
3973,-7.5140380859375,-15.666792285114527
3974,-15.265044212341309,-15.705614192157984
3975,-17.950605392456055,-15.756092316776513
3976,-6.923566818237305,-15.717766213566065
3977,-41.31574630737305,-15.8188445674479
3978,-39.99842071533203,-15.90346404376626
3979,-41.092124938964844,-16.016162995487452
3980,-45.41303253173828,-16.159890214115382
3981,-9.69556713104248,-16.14272912707925
3982,-3.398491621017456,-16.111140148311854
3983,-4.932849884033203,-16.082031845241787
3984,-49.935665130615234,-16.045849746853115
3985,-49.851600646972656,-16.182672722011805
3986,-50.35296630859375,-16.30669445052743
3987,-8.015966415405273,-16.1588937074244
3988,-8.2238187789917,-16.021875270992517
3989,-7.550748825073242,-15.856789203792811
3990,-11.637548446655273,-15.740944622188806
3991,-11.702080726623535,-15.74684257903695
3992,-6.293675422668457,-15.737940147548914
3993,0.9077860116958618,-15.71480250325799
3994,1.1990879774093628,-15.688082084804773
3995,1.2113460302352905,-15.66144826760888
3996,-0.21875999867916107,-15.643579907029867
3997,-6.436068058013916,-15.655932092279196
3998,-10.394890785217285,-15.672803844064473
3999,-16.99957847595215,-15.66283466681838
4000,-20.263900756835938,-15.66726060065627
4001,-32.97956848144531,-15.73407483252883
4002,-40.511356353759766,-15.648258700937033
4003,-41.569149017333984,-15.757187617868185
4004,-40.37348175048828,-15.86702347907424
4005,-9.815924644470215,-15.85265753135085
4006,-6.562725067138672,-15.820000392526389
4007,-3.8005499839782715,-15.787688260644675
4008,-4.687691688537598,-15.733725427240133
4009,-4.649449825286865,-15.667265266031027
4010,-3.0511932373046875,-15.635472251504659
4011,-49.38359832763672,-15.685796928018332
4012,-6.987399578094482,-15.517196614831686
4013,-13.108720779418945,-15.412429532617331
4014,-2.4039433002471924,-15.249521257966757
4015,-6.9027252197265625,-15.06717972049117
4016,0.3897179961204529,-15.030393214076758
4017,-0.794920027256012,-15.016825881093741
4018,1.0341540575027466,-14.985265532106162
4019,-1.08256995677948,-14.966652111142874
4020,0.9174680113792419,-14.935456672996283
4021,-4.960629463195801,-14.926168991416693
4022,-6.290297985076904,-14.924725115150213
4023,-10.134000778198242,-14.901860159248114
4024,-3.6949334144592285,-14.86383305773139
4025,-36.51622009277344,-15.006951010078192
4026,-22.756549835205078,-15.08139452394843
4027,-46.63157272338867,-15.27048499879241
4028,-41.20402526855469,-15.437968307822942
4029,-6.511044979095459,-15.463206519752742
4030,-5.067074775695801,-15.486301269441842
4031,-7.311474800109863,-15.50154034987092
4032,-22.0374755859375,-15.538083921343087
4033,-18.257232666015625,-15.536339307695627
4034,-11.90204906463623,-15.514439371019602
4035,-51.38872146606445,-15.566969781786204
4036,-40.740882873535156,-15.546224847704172
4037,-58.82386779785156,-15.687949891954661
4038,-46.629356384277344,-15.687716844469309
4039,-9.60461139678955,-15.694315624147654
4040,-7.64995813369751,-15.68902482405305
4041,-5.868958473205566,-15.682257657915354
4042,-7.91575813293457,-15.694610923677683
4043,-8.512024879455566,-15.708345657259226
4044,-4.9807233810424805,-15.71694040670991
4045,-6.2154083251953125,-15.721918674379587
4046,-9.436148643493652,-15.728673490434884
4047,-10.549559593200684,-15.733117292314768
4048,-17.398223876953125,-15.773324985414744
4049,-12.617218017578125,-15.627932926088572
4050,-16.738969802856445,-15.701007869154214
4051,-8.191503524780273,-15.732413755208254
4052,-6.053562164306641,-15.762396931916475
4053,-8.36198902130127,-15.801294207841158
4054,-7.449702739715576,-15.836144186764956
4055,-15.936554908752441,-15.871476633816958
4056,-9.444164276123047,-15.856388541013002
4057,-23.535472869873047,-15.878837454587222
4058,-26.632482528686523,-15.89926991918683
4059,-38.59768295288086,-15.990272356778384
4060,-53.93523025512695,-16.04276945760846
4061,-51.561439514160156,-16.062503115445374
4062,-48.02363967895508,-16.08366075399518
4063,-9.435074806213379,-16.078074419766665
4064,-7.839216709136963,-16.075884552747013
4065,-5.63040828704834,-16.0789165866673
4066,-5.89799165725708,-16.084782187253236
4067,-6.420483112335205,-16.079021219998598
4068,-6.292974948883057,-16.089476746350527
4069,-5.785541534423828,-16.081781378537418
4070,-5.5775861740112305,-16.08098777464032
4071,-14.27908706665039,-16.087914009839295
4072,-13.923974990844727,-16.1128539493382
4073,-10.18894100189209,-16.1270056617558
4074,-11.702282905578613,-16.179848833352327
4075,-9.201189041137695,-16.219996229439975
4076,-2.0479519367218018,-16.22519578126073
4077,-3.8001298904418945,-16.240720172822474
4078,-1.698616623878479,-16.250808823287485
4079,-8.721406936645508,-16.262313065230845
4080,-17.517147064208984,-16.28729661244154
4081,-21.86016845703125,-16.355200232207775
4082,-25.489116668701172,-16.360958967864512
4083,-54.22694396972656,-16.391972792327405
4084,-58.65983200073242,-16.47261982601881
4085,-57.87114334106445,-16.52086054867506
4086,-53.13368225097656,-16.396226515471934
4087,-7.381275177001953,-16.39304144924879
4088,-7.975066661834717,-16.389065380752086
4089,-4.573056697845459,-16.39446379441023
4090,-50.8674430847168,-16.401933597266673
4091,-5.16587495803833,-16.396581264197827
4092,-5.975883483886719,-16.39376436394453
4093,-51.104801177978516,-16.569630569159983
4094,-51.48387145996094,-16.747403577506542
4095,-17.6820125579834,-16.769302735984326
4096,-14.30624771118164,-16.811965521514416
4097,-18.0402774810791,-16.88237966877222
4098,-11.535700798034668,-16.933274831831454
4099,-6.91290807723999,-16.965425744116306
4100,-0.1760246604681015,-16.970276970863342
4101,-0.18951533734798431,-16.964225104272366
4102,-5.648585796356201,-16.988813887417315
4103,-17.968997955322266,-17.064586103260517
4104,-15.457837104797363,-17.100136840641497
4105,-24.28180694580078,-17.141137374699117
4106,-26.260948181152344,-17.225213434040548
4107,-54.7496337890625,-17.298808542072774
4108,-58.88593292236328,-17.395823022663592
4109,-60.13835144042969,-17.489737726032732
4110,-48.39958572387695,-17.545711221516132
4111,-9.304316520690918,-17.562291154682637
4112,-7.327775001525879,-17.559477720081805
4113,-4.859941482543945,-17.565309105694293
4114,-6.517066478729248,-17.56334913903475
4115,-6.671588897705078,-17.574744480907917
4116,-5.000450134277344,-17.573500580608844
4117,-3.1134541034698486,-17.55945366460085
4118,-3.6570839881896973,-17.559710346996784
4119,-10.201156616210938,-17.38547879487276
4120,-16.91693878173828,-17.249339924633503
4121,-7.980882167816162,-17.277477810680868
4122,-10.75253963470459,-17.319830025196076
4123,-9.94714069366455,-17.355725172042845
4124,-9.61096477508545,-17.384770111083984
4125,-10.507189750671387,-17.418427661895752
4126,-12.499261856079102,-17.469639317274094
4127,-19.73133087158203,-17.546206056833267
4128,-13.502069473266602,-17.560145879983903
4129,-7.726156711578369,-17.541130447626113
4130,-23.366670608520508,-17.5790731317997
4131,-48.872806549072266,-17.4716191675663
4132,-38.58305358886719,-17.49497298836708
4133,-43.28263473510742,-17.521250240564346
4134,-41.778846740722656,-17.5482882502079
4135,-9.933574676513672,-17.561795482873915
4136,-7.112083435058594,-17.568252149820328
4137,-5.367700099945068,-17.57928611779213
4138,-6.9694085121154785,-17.58672688508034
4139,-4.771975040435791,-17.58432275223732
4140,-7.481450080871582,-17.59599655175209
4141,-7.301074981689453,-17.60551538491249
4142,-4.169051170349121,-17.59015441918373
4143,-12.356674194335938,-17.62766236424446
4144,-15.62386703491211,-17.682768696546553
4145,-9.090898513793945,-17.684112389326096
4146,-11.474847793579102,-17.730442967176437
4147,-10.379617691040039,-17.774835981845857
4148,-6.262268543243408,-17.800347472012042
4149,-5.900524139404297,-17.82602652055025
4150,-7.220560550689697,-17.858309674799443
4151,-9.852363586425781,-17.852484818995
4152,-17.748987197875977,-17.908665623247625
4153,-19.850282669067383,-17.755524227678777
4154,-21.93117332458496,-17.59946585518122
4155,-34.371707916259766,-17.583319950640202
4156,-53.01841735839844,-17.64568704658747
4157,-48.3867301940918,-17.680522404253484
4158,-52.87832260131836,-17.74221385627985
4159,-7.531323432922363,-17.741769650042055
4160,-9.434374809265137,-17.573352882921697
4161,-6.8914031982421875,-17.581387295305728
4162,-8.187241554260254,-17.41707722526789
4163,-7.922150135040283,-17.250057528078557
4164,-4.999139785766602,-17.242790688097475
4165,-6.261016845703125,-17.24015232139826
4166,-51.251094818115234,-17.413063179552555
4167,-58.21212387084961,-17.616825424730777
4168,-60.83714294433594,-17.78548107200861
4169,-60.826271057128906,-17.961750572741032
4170,-11.909151077270508,-17.95811283546686
4171,-9.369288444519043,-17.986038866579534
4172,-5.443023204803467,-17.99773406368494
4173,-50.94835662841797,-18.175334060251714
4174,-11.845498085021973,-18.19734398037195
4175,-14.421873092651367,-18.228779994547367
4176,-20.092039108276367,-18.300356854975224
4177,-19.448354721069336,-18.338131581842898
4178,-26.743497848510742,-18.377824376642703
4179,-36.20875549316406,-18.376414372980594
4180,-64.76852416992188,-18.481006307184696
4181,-60.51607131958008,-18.38231616741419
4182,-57.694252014160156,-18.45885573345423
4183,-10.421449661254883,-18.461313363611698
4184,-8.242433547973633,-18.468319497644902
4185,-7.86733341217041,-18.481523397028447
4186,-8.794991493225098,-18.50169313007593
4187,-7.679699897766113,-18.513759963572024
4188,-2.9446280002593994,-18.498220041811468
4189,-5.514491558074951,-18.503741180956364
4190,-6.661492824554443,-18.49889938598871
4191,-10.716217994689941,-18.50612188965082
4192,-13.47694206237793,-18.343020456850528
4193,-16.322439193725586,-18.37833255249262
4194,-7.453428745269775,-18.382086014330387
4195,-2.8478119373321533,-18.396423398077488
4196,-47.63825225830078,-18.591560431063176
4197,-3.026115894317627,-18.608368222773073
4198,-5.521039962768555,-18.634640334665775
4199,-13.345087051391602,-18.670501672327518
4200,-16.65949821472168,-18.70618085438013
4201,-22.896095275878906,-18.56648941761255
4202,-23.87751579284668,-18.596793082773686
4203,-58.228912353515625,-18.684862861216068
4204,-43.69456481933594,-18.51382913929224
4205,-56.964786529541016,-18.553785148203374
4206,-51.84916305541992,-18.58283161121607
4207,-13.194517135620117,-18.604506312906743
4208,-8.55443286895752,-18.61746687847376
4209,-8.256683349609375,-18.6375005851388
4210,-4.577398300170898,-18.62769787746668
4211,-7.834508419036865,-18.629486243784427
4212,-5.663878440856934,-18.6310986571908
4213,-7.6389665603637695,-18.647815196573735
4214,-9.610615730285645,-18.48273857074976
4215,-13.839603424072266,-18.46879546314478
4216,-12.800411224365234,-18.452829581797122
4217,-8.476876258850098,-18.448642890512943
4218,-9.274768829345703,-18.441880431711674
4219,-53.01377487182617,-18.641057309687138
4220,-52.89061737060547,-18.831753032267095
4221,-12.593233108520508,-18.875246553957464
4222,-8.10036563873291,-18.858819933474063
4223,-11.212604522705078,-18.873614199221134
4224,-12.878303527832031,-18.8640672364831
4225,-20.150497436523438,-18.872866804659367
4226,-28.529592514038086,-18.95929090744257
4227,-59.56689453125,-19.032295500338076
4228,-50.407196044921875,-19.073930601656436
4229,-58.3994140625,-19.143159758150578
4230,-54.09996795654297,-19.177907499849795
4231,-12.546032905578613,-19.18930936294794
4232,-10.78897476196289,-19.218871295511722
4233,-6.356566429138184,-19.22456616169214
4234,-5.5323567390441895,-19.046952928125858
4235,-8.033842086791992,-18.879681893885135
4236,-5.812836647033691,-18.701521375238894
4237,-8.130908012390137,-18.701981141626835
4238,-8.668099403381348,-18.703758264124392
4239,-17.59604835510254,-18.743939462244512
4240,-17.87162971496582,-18.768875787317754
4241,-14.75011157989502,-18.78106791073084
4242,-0.812794029712677,-18.759144385159015
4243,0.05772000178694725,-18.762544649198652
4244,-5.214498043060303,-18.78819899328053
4245,-6.927023887634277,-18.82075247295201
4246,-1.2415579557418823,-18.82484366478026
4247,-9.29525089263916,-18.83628039611876
4248,-19.092493057250977,-18.871070805206895
4249,-19.816476821899414,-18.882338398590683
4250,-25.938539505004883,-18.90503695358336
4251,-58.38984298706055,-19.00667805160582
4252,-60.606510162353516,-19.087058666840196
4253,-56.44608688354492,-19.14656641830504
4254,-38.648101806640625,-19.13966489852965
4255,-12.268917083740234,-19.14947686828673
4256,-11.147016525268555,-19.16781403411925
4257,-6.009791851043701,-19.17665100158751
4258,-8.092883110046387,-19.190271767273547
4259,-4.568293571472168,-19.189947142258287
4260,-5.73419189453125,-19.200679136887192
4261,-8.916324615478516,-19.03881004203856
4262,-6.506298065185547,-19.036885635986923
4263,-58.817081451416016,-19.219719078674913
4264,-58.67061233520508,-19.444785754814745
4265,-55.628089904785156,-19.63968721355498
4266,-9.756129264831543,-19.680270602598785
4267,-1.1433919668197632,-19.68166449035704
4268,-0.17177467048168182,-19.68648820526898
4269,-3.5735392570495605,-19.69645208247006
4270,-8.532571792602539,-19.734252241685986
4271,-5.608521938323975,-19.7368438115865
4272,-13.155557632446289,-19.764304850175975
4273,-65.72857666015625,-19.986683153703808
4274,-28.74654197692871,-20.086889587953685
4275,-54.65235900878906,-20.159434143617748
4276,-58.048736572265625,-20.30060289056599
4277,-59.16948318481445,-20.350754532411695
4278,-47.77968215942383,-20.37705715997517
4279,-56.0968017578125,-20.57540018709004
4280,-53.03010177612305,-20.767252295091748
4281,-7.796591758728027,-20.76919276292622
4282,-4.634603500366211,-20.699581274583934
4283,-8.257441520690918,-20.65958211000264
4284,-7.950099945068359,-20.643774313524364
4285,-6.145641803741455,-20.462801994875072
4286,-7.785706996917725,-20.330981291368605
4287,-15.414661407470703,-20.157344465807082
4288,-8.891708374023438,-20.006393873766065
4289,-7.517254829406738,-19.998044447496532
4290,0.32218998670578003,-19.96615585501492
4291,0.8984646797180176,-19.939086162403225
4292,1.6174800395965576,-19.9009532097131
4293,1.462805986404419,-19.86105388624966
4294,-9.614483833312988,-19.879588928058745
4295,-10.851147651672363,-19.898131885364652
4296,-11.608682632446289,-19.906822021320462
4297,-14.591400146484375,-19.922989383533597
4298,-20.655414581298828,-19.93601814635098
4299,-49.35736846923828,-20.082978748157622
4300,-53.1917610168457,-20.22878991301358
4301,-26.142602920532227,-20.300594310596587
4302,-50.871795654296875,-20.479867244556548
4303,-9.955561637878418,-20.486241535022856
4304,-8.4176664352417,-20.49011338980496
4305,-4.5378618240356445,-20.44451861746609
4306,-7.1990251541137695,-20.435538060978054
4307,-4.272119998931885,-20.35848464949429
4308,-7.368566513061523,-20.28142898543179
4309,-4.820720195770264,-20.146321134403347
4310,-50.87531280517578,-20.134081464603543
4311,-15.425890922546387,-19.98953927023709
4312,-9.956281661987305,-19.837269838169217
4313,-5.490942478179932,-19.821493308857082
4314,-5.3171067237854,-19.811404868915677
4315,1.5175260305404663,-19.782813131645323
4316,-0.6068580150604248,-19.761648597076537
4317,1.2833820581436157,-19.73083313639462
4318,0.6434199810028076,-19.703087556675076
4319,-3.600203275680542,-19.6943462036401
4320,-10.018876075744629,-19.712111363247036
4321,-18.373016357421875,-19.728487080410122
4322,-19.917213439941406,-19.75246003420651
4323,-16.78976058959961,-19.77886331255734
4324,-41.09300994873047,-19.896426220729946
4325,-91.0592269897461,-20.22385837252438
4326,-50.63151168823242,-20.418192611530422
4327,-7.846583366394043,-20.434378425434232
4328,-6.964853286743164,-20.45544337208569
4329,-5.00933313369751,-20.440595076873898
4330,-5.282225131988525,-20.391655389145015
4331,-6.043591499328613,-20.328389081314207
4332,-51.40997314453125,-20.432072507217526
4333,-8.515058517456055,-20.249224965408445
4334,-9.237618446350098,-20.051536111190917
4335,-12.174683570861816,-19.868750272110105
4336,-19.61181640625,-19.734662808731198
4337,-19.575267791748047,-19.78343877919018
4338,-12.555500984191895,-19.80176051647961
4339,-4.526910781860352,-19.80157593281567
4340,-52.093936920166016,-19.80648190815747
4341,-12.466947555541992,-19.83568619854748
4342,-10.96623706817627,-19.855647612884642
4343,-10.111668586730957,-19.69167508251965
4344,-13.78144359588623,-19.54086537106335
4345,-22.122207641601562,-19.558626151397824
4346,-25.183828353881836,-19.602136473968624
4347,-51.94865417480469,-19.73776998074353
4348,-29.83749008178711,-19.810977137878538
4349,-55.884124755859375,-20.006862004593014
4350,-54.09660339355469,-20.222544319525362
4351,-11.764949798583984,-20.268846057370304
4352,-5.831893444061279,-20.269579287961125
4353,-5.1894917488098145,-20.218461263135076
4354,-6.511916637420654,-20.18267758126557
4355,-5.857583522796631,-20.108980687573553
4356,-5.862783432006836,-20.02738802857697
4357,-8.102958679199219,-19.840801328137516
4358,-6.615694522857666,-19.631720374539494
4359,-18.20482063293457,-19.463986251309514
4360,-16.438888549804688,-19.336143462613226
4361,-9.818292617797852,-19.338199367001653
4362,-6.45271110534668,-19.334699111416935
4363,-0.7063326835632324,-19.318084676221012
4364,0.6568886637687683,-19.289388855651023
4365,-3.658315420150757,-19.277335761740805
4366,-0.4856339991092682,-19.25927649720013
4367,-6.147707939147949,-19.271413512542843
4368,-10.10593318939209,-19.297208909347653
4369,-3.8379082679748535,-19.27175591595471
4370,-5.066641807556152,-19.224354728057982
4371,-4.152633190155029,-19.209041732147337
4372,-4.1217217445373535,-19.182518460586667
4373,-49.948883056640625,-19.34252543003857
4374,-4.847266674041748,-19.323470637634397
4375,-7.774025917053223,-19.312537982299922
4376,-16.369550704956055,-19.32801913769543
4377,-11.049631118774414,-19.2932923386842
4378,-5.32753849029541,-19.260594214752317
4379,-51.5838737487793,-19.43602508290112
4380,-52.58320999145508,-19.55289124043286
4381,-5.036570072174072,-19.377546294525267
4382,-10.79973030090332,-19.26641300137341
4383,-6.655645370483398,-19.119905043914915
4384,-12.278495788574219,-19.00190364010632
4385,-11.827712059020996,-19.00948018963635
4386,-15.691776275634766,-19.043798960998654
4387,-14.018120765686035,-19.078400643661617
4388,-85.99813842773438,-19.394515563324095
4389,-52.44385528564453,-19.58520308430493
4390,-41.30137634277344,-19.720482789352538
4391,-48.81340026855469,-19.886532090499998
4392,-8.161941528320312,-19.90250365193188
4393,-5.814565181732178,-19.87633521588147
4394,-50.176490783691406,-20.014545710876583
4395,-7.473541736602783,-20.00807628376782
4396,-4.84563684463501,-19.98155943997204
4397,-7.1143083572387695,-19.968498202636837
4398,-4.420753479003906,-19.96113214237988
4399,-6.270390510559082,-19.9626116078645
4400,-15.260936737060547,-19.994773112609984
4401,-11.086105346679688,-19.999708079650997
4402,-54.242984771728516,-20.14568406994641
4403,-10.351316452026367,-20.107688205078244
4404,0.7569540143013,-20.0169356957227
4405,1.3484699726104736,-19.87405498416722
4406,1.3432140350341797,-19.65660845859349
4407,-6.763140678405762,-19.490114100530743
4408,-4.980666160583496,-19.298523474767805
4409,-13.486576080322266,-19.322344485357405
4410,-11.527819633483887,-19.33071826465428
4411,-20.12955093383789,-19.383670855596662
4412,-38.741127014160156,-19.50588639743626
4413,-45.246341705322266,-19.65518316371739
4414,-35.0980110168457,-19.775578648641705
4415,-85.01526641845703,-20.09059564693272
4416,-52.69426727294922,-20.096368336752057
4417,-8.608658790588379,-19.89795447643101
4418,-7.685116767883301,-19.685346371725203
4419,-3.9496066570281982,-19.4578397141248
4420,-50.12254333496094,-19.61069328315556
4421,-49.76049041748047,-19.772258091047405
4422,-7.059816837310791,-19.778725265577435
4423,-5.2277655601501465,-19.595842901304366
4424,-14.591480255126953,-19.606826829984783
4425,-14.067293167114258,-19.605408510282636
4426,-8.157796859741211,-19.557671541288496
4427,-5.377185821533203,-19.50138686569035
4428,-11.589369773864746,-19.440770353391766
4429,-6.900062084197998,-19.3235355797559
4430,-2.0526232719421387,-19.072671976163985
4431,-5.08626651763916,-18.850952756956218
4432,-6.9342875480651855,-18.64791289909184
4433,-14.711063385009766,-18.66507135398686
4434,-15.137331008911133,-18.69265094383061
4435,-18.766279220581055,-18.736246727064252
4436,-26.383726119995117,-18.806601665571332
4437,-49.79804229736328,-18.97507503516972
4438,-43.22411346435547,-19.136192977026106
4439,-35.13448715209961,-19.254672959402203
4440,-10.449350357055664,-19.269824389532207
4441,-6.502811431884766,-19.252970763280988
4442,-4.929275035858154,-19.21878009517491
4443,-7.470183372497559,-19.183371071889997
4444,-4.571991443634033,-19.171845322683453
4445,-5.256983280181885,-19.181482008054854
4446,-4.498861789703369,-19.008924446180462
4447,-5.860907554626465,-19.020263612821697
4448,-13.059054374694824,-19.050415670469402
4449,-15.493408203125,-19.059008955076337
4450,-13.772113800048828,-19.047459417417645
4451,-13.923215866088867,-19.011567899778484
4452,-9.442187309265137,-18.95382658584416
4453,-0.31361401081085205,-18.72216539247334
4454,-4.122101306915283,-18.56387553842366
4455,-12.47673511505127,-18.3859233327657
4456,-15.342731475830078,-18.23989760644734
4457,-17.184783935546875,-18.255858673647047
4458,-14.698419570922852,-18.28043462045491
4459,-17.01390838623047,-18.31546352060139
4460,-38.79432678222656,-18.452331234529616
4461,-48.50262451171875,-18.615003698900342
4462,-27.80315589904785,-18.703560808733105
4463,-45.27205276489258,-18.854093153551222
4464,-8.870224952697754,-18.85113159044087
4465,-6.61234188079834,-18.822222544267774
4466,-6.526058197021484,-18.7971251321584
4467,-4.098033428192139,-18.77960976083577
4468,-4.025981903076172,-18.75861461313069
4469,-48.937591552734375,-18.74230987985432
4470,-49.35478210449219,-18.728166538789868
4471,-5.411139965057373,-18.699438166216016
4472,-11.395055770874023,-18.71261692674458
4473,-55.38209915161133,-18.889294905260204
4474,-54.05671310424805,-19.05400854356587
4475,-50.902671813964844,-19.177017241075635
4476,-5.156348705291748,-19.083524265840648
4477,0.812558650970459,-18.842006453111768
4478,1.165719985961914,-18.63571478898823
4479,0.31107521057128906,-18.40087283189595
4480,-49.36784744262695,-18.381944349840282
4481,-7.511849403381348,-18.361807615831495
4482,-54.914451599121094,-18.53830952318013
4483,-18.715560913085938,-18.58774550111592
4484,-40.08416748046875,-18.725952744081617
4485,-46.75810623168945,-18.880849800661206
4486,-28.48158073425293,-18.97152477701008
4487,-41.30554962158203,-19.10422334344685
4488,-6.820991516113281,-19.09683491189778
4489,-7.6804585456848145,-19.05717255266011
4490,-3.0423150062561035,-18.997855293825268
4491,-7.016916751861572,-18.966922514513136
4492,-3.9731199741363525,-18.97956381829083
4493,-49.62290954589844,-19.17828633648157
4494,-49.96372604370117,-19.357283248484134
4495,-4.722893238067627,-19.348466725885867
4496,-9.620078086853027,-19.38198080641031
4497,-8.848225593566895,-19.380192705214025
4498,-9.192306518554688,-19.34059195905924
4499,-7.50985860824585,-19.291365486204626
4500,-2.861145257949829,-19.199055909216405
4501,1.4287680387496948,-18.959781465113164
4502,0.4899359941482544,-18.715395680487156
4503,0.5188800096511841,-18.48753581291437
4504,-9.5320463180542,-18.371071590960025
4505,-8.75639820098877,-18.357021515429018
4506,-11.778778076171875,-18.359548561632632
4507,-19.85506248474121,-18.414929644167422
4508,-40.46454620361328,-18.54441629654169
4509,-16.849449157714844,-18.59354091888666
4510,-34.9885368347168,-18.710558298647403
4511,-41.58174514770508,-18.84121998077631
4512,-6.5107197761535645,-18.84123766762018
4513,-5.715666770935059,-18.628832008898257
4514,-7.101741790771484,-18.422556526720523
4515,-4.1118950843811035,-18.21649174743891
4516,-49.83979034423828,-18.376826391756534
4517,-5.053424835205078,-18.392466523230077
4518,-7.677533149719238,-18.422489557147028
4519,-7.972534656524658,-18.440085538744928
4520,-7.52944278717041,-18.4360730227232
4521,-14.465997695922852,-18.471502925753594
4522,-12.516393661499023,-18.468946269869804
4523,-7.041447162628174,-18.23419775187969
4524,-5.008124828338623,-18.13924408328533
4525,-5.107872486114502,-17.941066137194632
4526,-0.3811199963092804,-17.710395670890808
4527,-5.278689384460449,-17.49483249568939
4528,-14.179644584655762,-17.36043234539032
4529,-16.187118530273438,-17.200793612480165
4530,-14.254237174987793,-17.045690154075622
4531,-21.71268653869629,-17.101354533195497
4532,-45.941043853759766,-17.26658029460907
4533,-47.427982330322266,-17.423262457847596
4534,-52.40040969848633,-17.601063696861267
4535,-46.827266693115234,-17.76379019641876
4536,-10.570077896118164,-17.774927680015566
4537,-3.4873759746551514,-17.7272185382843
4538,-7.138033390045166,-17.72020383834839
4539,-4.530933380126953,-17.70825855255127
4540,-7.022550106048584,-17.737637512922287
4541,-2.9043281078338623,-17.752848684072493
4542,-7.426633358001709,-17.789025137662886
4543,-8.256916046142578,-17.827904025793075
4544,-15.163196563720703,-17.850098876714707
4545,-11.905362129211426,-17.854315734624862
4546,-5.520970821380615,-17.8299648873806
4547,0.36848199367523193,-17.77012535881996
4548,-2.4314680099487305,-17.69722957253456
4549,-5.304266452789307,-17.521017164468766
4550,0.6285380125045776,-17.305735968351364
4551,-8.083150863647461,-17.233498160123826
4552,-8.344413757324219,-17.063388632535933
4553,-1.8298059701919556,-17.030885609865187
4554,-13.401473045349121,-17.05082083630562
4555,-17.417591094970703,-17.10233975338936
4556,-38.13642120361328,-17.226089337587357
4557,-43.65060043334961,-17.383603259325028
4558,-52.26652145385742,-17.56319507908821
4559,-41.52082824707031,-17.70999551129341
4560,-10.51034164428711,-17.548535626649855
4561,-9.21738338470459,-17.52370159649849
4562,-2.706671953201294,-17.494703157663345
4563,-4.416533470153809,-17.490405521631242
4564,-6.9974164962768555,-17.49712676072121
4565,-4.94801664352417,-17.522988931417466
4566,-7.287749767303467,-17.549712498426437
4567,-8.200177192687988,-17.587646735429765
4568,-12.030104637145996,-17.638340833902358
4569,-1.4357800483703613,-17.62968314099312
4570,-5.329689979553223,-17.610926396608352
4571,0.4434366524219513,-17.535660584568976
4572,1.3120620250701904,-17.45074348270893
4573,-2.3670620918273926,-17.39305268871784
4574,-3.870107889175415,-17.24416108047962
4575,-8.039389610290527,-16.9120817309618
4576,-3.3244612216949463,-16.72285352909565
4577,-10.116717338562012,-16.731934064984323
4578,-15.121771812438965,-16.764561739087103
4579,-6.158182144165039,-16.769157135128975
4580,-46.98154830932617,-16.935954427838325
4581,-30.59382438659668,-17.034155359387398
4582,-43.528682708740234,-17.002630197644233
4583,-38.861270904541016,-17.124015047192575
4584,-9.886124610900879,-17.126609071850776
4585,-6.60984992980957,-17.10434973728657
4586,-4.780208110809326,-17.045023304104806
4587,-3.450195074081421,-16.980523013234137
4588,-6.647174835205078,-16.95688970863819
4589,-4.555953502655029,-16.95700587952137
4590,-5.191983222961426,-16.769398064732552
4591,-7.854030132293701,-16.75094639503956
4592,-16.470643997192383,-16.772964022755623
4593,-14.035574913024902,-16.788659648060797
4594,-9.287249565124512,-16.77068287193775
4595,-10.901938438415527,-16.725801795125008
4596,0.5674139857292175,-16.622796825766564
4597,-4.931524753570557,-16.434728308081628
4598,0.8006366491317749,-16.312175801157952
4599,0.20224200189113617,-16.08783033412695
4600,-9.90106201171875,-15.911048168599606
4601,-1.6744240522384644,-15.870686065614224
4602,-17.72732162475586,-15.918267778337002
4603,-18.41537094116211,-15.97117129510641
4604,-45.63425827026367,-16.127660661637783
4605,-45.15261459350586,-16.28484078592062
4606,-43.517601013183594,-16.435460056245326
4607,-36.96779251098633,-16.550919391572474
4608,-8.233658790588379,-16.5573912486434
4609,-6.074791431427002,-16.508871131837367
4610,-3.6552600860595703,-16.457736617982388
4611,-6.174950122833252,-16.44316324800253
4612,-4.211128234863281,-16.434196916520595
4613,-7.451116561889648,-16.461176052033903
4614,-7.66724157333374,-16.49447257298231
4615,-4.577319145202637,-16.49814858788252
4616,-57.03949737548828,-16.724364041388036
4617,-10.461668968200684,-16.741619885504246
4618,-53.74658966064453,-16.916182511389255
4619,-52.257720947265625,-17.10986176210642
4620,-9.148153305053711,-17.126187808096407
4621,-2.6881000995635986,-17.120329675734045
4622,1.3647780418395996,-17.098383676588536
4623,-4.1696248054504395,-16.915266643583774
4624,-11.068653106689453,-16.940152189314365
4625,-9.081846237182617,-16.945383470594884
4626,-18.2750186920166,-16.953005342543126
4627,-21.587066650390625,-16.99515508466959
4628,-38.227745056152344,-17.126755910933017
4629,-44.272151947021484,-17.097509023725987
4630,-49.792724609375,-17.086347082197666
4631,-44.01786422729492,-17.24227225881815
4632,-10.705883026123047,-17.241896869719028
4633,-6.144558429718018,-17.239852521955967
4634,-3.0217559337615967,-17.202825562536717
4635,-6.278083324432373,-17.18062704759836
4636,-5.727641582489014,-17.140770508825778
4637,-7.248858451843262,-17.113693459570406
4638,-6.781833171844482,-16.796828238546848
4639,-5.11143684387207,-16.607498564779757
4640,-15.130481719970703,-16.50281498628855
4641,-13.318936347961426,-16.360837130606175
4642,-12.276013374328613,-16.37729341799021
4643,-2.2029900550842285,-16.362847117483614
4644,0.9035940170288086,-16.158526778280734
4645,0.8682853579521179,-16.125159469902517
4646,0.791703999042511,-16.102610106527806
4647,-0.9725059866905212,-16.078042897045613
4648,-3.2641053199768066,-16.073416304409506
4649,-3.573607921600342,-16.06262917405367
4650,-56.27117919921875,-16.2266701439023
4651,-60.363555908203125,-16.423779946148397
4652,-36.34978485107422,-16.35220714646578
4653,-37.519744873046875,-16.46088086014986
4654,-93.96882629394531,-16.839783981382848
4655,-53.37840270996094,-17.058691472113132
4656,-6.854245185852051,-17.091481308996677
4657,-8.658166885375977,-17.099061413824558
4658,-7.185266494750977,-17.10787981516123
4659,-5.76859188079834,-17.077007878363133
4660,-6.88789176940918,-17.058448166906835
4661,-6.190333366394043,-17.002691296637057
4662,-4.160541534423828,-16.864368954718113
4663,-7.03764533996582,-16.711534169256687
4664,-10.52435302734375,-16.61323953729868
4665,-2.2644240856170654,-16.28223616796732
4666,-6.742583274841309,-16.09842943197489
4667,-6.99061393737793,-16.091957252562047
4668,-2.609952688217163,-16.071656596243383
4669,0.7133319973945618,-16.05300484162569
4670,1.2783960103988647,-15.847401084244252
4671,-8.966695785522461,-15.684225905716419
4672,-5.004788875579834,-15.676005793869495
4673,-6.984950065612793,-15.683034531891346
4674,-14.646023750305176,-15.683252705872059
4675,-20.2088680267334,-15.707819005310535
4676,-34.65403747558594,-15.813803967773914
4677,-45.18516159057617,-15.973035870850087
4678,-17.18017578125,-15.995399094879627
4679,-36.33382797241211,-16.113134158432484
4680,-9.453983306884766,-16.142739598572255
4681,-7.830824851989746,-16.153717831909656
4682,-4.913241863250732,-16.1456336491704
4683,-7.382866859436035,-16.116320863068104
4684,-5.419591903686523,-16.077449906647207
4685,-4.529633522033691,-16.020503323853017
4686,-5.642433166503906,-15.937538152039052
4687,-7.429072856903076,-15.76806227427721
4688,-16.732545852661133,-15.662096003830433
4689,-13.756802558898926,-15.57658526545763
4690,-8.517239570617676,-15.568856822311878
4691,-10.307331085205078,-15.58407490092516
4692,0.8379420042037964,-15.561006032764912
4693,1.5114779472351074,-15.525079387485981
4694,0.38465800881385803,-15.50525278967619
4695,-0.6732900142669678,-15.48691801661253
4696,-9.205648422241211,-15.50574516314268
4697,-12.014960289001465,-15.530361374080181
4698,-17.34705352783203,-15.54751337069273
4699,-19.20126724243164,-15.562344806849957
4700,-41.398468017578125,-15.672850223720074
4701,-50.26487350463867,-15.818216854274272
4702,-21.050033569335938,-15.864648239314556
4703,-33.642234802246094,-15.997962722480297
4704,-59.11912536621094,-16.21795081871748
4705,-24.49916648864746,-16.266040544211865
4706,-8.684938430786133,-16.239409372031687
4707,-52.2933235168457,-16.379843530356883
4708,-5.54449987411499,-16.34322785156965
4709,-8.159941673278809,-16.307811984717844
4710,-5.2421417236328125,-16.17360324448347
4711,-7.362436771392822,-16.009042493522166
4712,-51.552974700927734,-16.104041768729687
4713,-9.316208839416504,-15.960218393027782
4714,-13.723213195800781,-15.979630346000194
4715,-13.55788516998291,-16.007412519156933
4716,-16.928730010986328,-16.04902320641279
4717,-1.237697958946228,-16.03758186453581
4718,-0.4761366546154022,-16.023382483541965
4719,-4.4224467277526855,-15.845321904242038
4720,-8.604761123657227,-15.682321820318698
4721,-6.3180694580078125,-15.685949538290501
4722,-8.552861213684082,-15.67458076006174
4723,-7.856123924255371,-15.484476859152316
4724,-62.7426643371582,-15.519220664083958
4725,-22.140832901000977,-15.404173308432103
4726,-48.8189811706543,-15.578823838293552
4727,-58.409793853759766,-15.815713248312473
4728,-46.256832122802734,-16.005403456747533
4729,-91.71979522705078,-16.37352693849802
4730,-9.342233657836914,-16.21342448335886
4731,-7.497425079345703,-16.213366786062718
4732,-5.006733417510986,-16.013735913336276
4733,-4.2901082038879395,-15.956034102499485
4734,-4.651400089263916,-15.814303032934665
4735,-5.000666618347168,-15.647273274481297
4736,-8.2097749710083,-15.566186051428318
4737,-6.384212970733643,-15.426500704824925
4738,-56.724605560302734,-15.626115161001682
4739,-54.802642822265625,-15.814603898108006
4740,-50.93980026245117,-16.006193839132784
4741,-5.177732467651367,-15.998837101995944
4742,-44.905609130859375,-16.162567058622837
4743,1.7198280096054077,-15.957196108400822
4744,0.8775699734687805,-15.753830924332142
4745,-5.604844570159912,-15.757358729660512
4746,-9.677111625671387,-15.757586863815785
4747,-9.61198616027832,-15.76064190608263
4748,-19.599258422851562,-15.802269713699818
4749,-14.928594589233398,-15.831944657623767
4750,-44.08816909790039,-15.99685275298357
4751,-44.19678497314453,-16.17935496503115
4752,-42.910675048828125,-16.352957409203054
4753,-45.803165435791016,-16.538245590984822
4754,-10.225858688354492,-16.54102084046602
4755,-8.634550094604492,-16.540533448040485
4756,-3.438918352127075,-16.507174009144308
4757,-7.0433502197265625,-16.455927160084247
4758,-7.232283115386963,-16.322998107731344
4759,-3.6303484439849854,-16.270121704876424
4760,-49.89612579345703,-16.329752060711385
4761,-50.94121170043945,-16.36718992692232
4762,-11.14081859588623,-16.385710322201252
4763,-10.025609016418457,-16.402950091183186
4764,-8.59472370147705,-16.408922018826008
4765,-8.183528900146484,-16.42520855408907
4766,1.550421953201294,-16.219647704899312
4767,1.203112006187439,-16.19462155753374
4768,1.198091983795166,-16.159119056999682
4769,-3.4806199073791504,-16.1411513980031
4770,-3.818186044692993,-16.12630637103319
4771,-8.801416397094727,-16.10364804583788
4772,-9.87696361541748,-16.093090325653552
4773,-24.47262954711914,-16.162815055191516
4774,-47.886390686035156,-16.334328118622302
4775,-52.216426849365234,-16.522762336075306
4776,-45.748897552490234,-16.70423344630003
4777,-30.10284996032715,-16.803530088603498
4778,-53.42074966430664,-16.9604945089221
4779,-6.092991828918457,-16.92011800211668
4780,-8.530658721923828,-16.897223688304425
4781,-8.156366348266602,-16.842998407542705
4782,-7.737658500671387,-16.690184866130352
4783,-7.654891490936279,-16.531092502772808
4784,-6.480391502380371,-16.347412429988385
4785,-6.325693607330322,-16.185406137645245
4786,-17.21584701538086,-16.211989214122294
4787,-2.829946756362915,-16.209359497249128
4788,-12.847249031066895,-16.232196359813212
4789,-2.374990701675415,-16.22357258909941
4790,-4.035676002502441,-16.21162509268522
4791,-2.3744847774505615,-16.20950571936369
4792,-4.544135570526123,-16.197975728213788
4793,0.1790979951620102,-16.16423167204857
4794,-7.77017068862915,-16.1346595685482
4795,-11.296269416809082,-16.132223197698593
4796,-18.3113956451416,-16.183384896993637
4797,-22.247339248657227,-16.27384818196297
4798,-56.00825500488281,-16.488155329942703
4799,-56.08317947387695,-16.691270982027053
4800,-42.109195709228516,-16.862221916913985
4801,-90.88943481445312,-17.193447052717207
4802,-9.626825332641602,-17.198576699018478
4803,-10.03833293914795,-17.231410806894303
4804,-4.608061790466309,-17.19623716187477
4805,-8.370433807373047,-17.16004853272438
4806,-5.743833541870117,-17.03047818207741
4807,-8.262316703796387,-16.888925047159194
4808,-8.424708366394043,-16.71355779480934
4809,-9.885332107543945,-16.587015810251238
4810,-4.245726585388184,-16.56195735001564
4811,-11.09820556640625,-16.569480638742448
4812,-52.993194580078125,-16.770626729249955
4813,-50.29310989379883,-16.954133034944533
4814,-47.14079666137695,-17.114706555604936
4815,-43.053714752197266,-17.267129348039628
4816,-44.38789749145508,-17.415529938936235
4817,-46.93421936035156,-17.570466107606887
4818,-7.430212020874023,-17.5520665371418
4819,-56.726966857910156,-17.77323128437996
4820,-63.694583892822266,-18.006690860033036
4821,-23.491790771484375,-18.10243176972866
4822,-53.34452819824219,-18.32105813062191
4823,-95.04434967041016,-18.69176728093624
4824,-98.98957824707031,-19.07224516236782
4825,-53.93523025512695,-19.255828524947166
4826,-8.864803314208984,-19.277989893317223
4827,-7.629374980926514,-19.26804052388668
4828,-7.759758472442627,-19.238592470526694
4829,-5.116145133972168,-19.234424322485925
4830,-8.096349716186523,-19.078883528113366
4831,-6.494258403778076,-18.982485264182092
4832,-4.567436695098877,-18.826640280127524
4833,-7.420621395111084,-18.700877682089807
4834,-18.924943923950195,-18.737032959342002
4835,-10.154183387756348,-18.75121029317379
4836,-13.151616096496582,-18.784695925116537
4837,-6.987271785736084,-18.79884423196316
4838,-7.306318759918213,-18.80148080766201
4839,-8.4223051071167,-18.816946214079856
4840,0.14661799371242523,-18.79559180921316
4841,-2.1247506141662598,-18.77267469114065
4842,-12.612600326538086,-18.757242516458035
4843,-20.10419464111328,-18.78151699537039
4844,-21.917987823486328,-18.832039948403835
4845,-27.57716178894043,-18.898740841805935
4846,-49.66175842285156,-19.099657531440258
4847,-61.221412658691406,-19.32481708306074
4848,-63.08829116821289,-19.58037279433012
4849,-57.75321578979492,-19.812194625496865
4850,-11.691391944885254,-19.819355945229532
4851,-9.72925853729248,-19.851575283169748
4852,-8.826517105102539,-19.815972065091135
4853,-3.054368019104004,-19.7545280534029
4854,-4.007625102996826,-19.588021520733832
4855,-50.557281494140625,-19.60964018833637
4856,-6.209991455078125,-19.46040975010395
4857,-8.57398796081543,-19.346834531903266
4858,-13.392694473266602,-19.36747067463398
4859,-18.462438583374023,-19.417021263241768
4860,-17.272371292114258,-19.471489708065988
4861,-9.676321029663086,-19.485495191693307
4862,-10.6504487991333,-19.511252473950385
4863,-0.5482119917869568,-19.483640855669975
4864,-4.253446578979492,-19.46998567569256
4865,-8.13607406616211,-19.484220695376397
4866,-11.817461967468262,-19.303332553744315
4867,-13.923421859741211,-19.31717956531048
4868,-64.48810577392578,-19.360145629763604
4869,-29.84355926513672,-19.270488983035087
4870,-58.10078811645508,-19.466299522280693
4871,-46.72664260864258,-19.64245369231701
4872,-96.93029022216797,-20.03563396537304
4873,-48.41598892211914,-20.212619421839715
4874,-11.554133415222168,-20.214561343073846
4875,-10.038766860961914,-20.21838902556896
4876,-7.496016502380371,-20.17527301681042
4877,-4.571656703948975,-20.10721137702465
4878,-5.404966831207275,-19.97592026412487
4879,-5.458808422088623,-19.820666890025137
4880,-50.98910140991211,-19.825452397227288
4881,-6.774051189422607,-19.676477145075797
4882,-16.841350555419922,-19.701019015192987
4883,-12.062714576721191,-19.724691639781
4884,-8.459601402282715,-19.746443021655082
4885,-10.687262535095215,-19.764079738497735
4886,-6.828901290893555,-19.768484777331352
4887,-0.673766016960144,-19.742184407591818
4888,-5.601870059967041,-19.73746455514431
4889,-9.775135040283203,-19.756119347929953
4890,-9.218558311462402,-19.73247165429592
4891,-6.183259963989258,-19.703928948760034
4892,-18.506071090698242,-19.72884917962551
4893,-26.481168746948242,-19.825961894392968
4894,-59.25700378417969,-20.0666042855978
4895,-60.98112487792969,-20.31400192654133
4896,-62.19009780883789,-20.56592913377285
4897,-36.58305358886719,-20.708371324181556
4898,-54.63636016845703,-20.91386034357548
4899,-7.161483287811279,-20.92821184504032
4900,-5.576674938201904,-20.725433827996255
4901,-7.0659918785095215,-20.51224357187748
4902,-4.405478477478027,-20.384466346383096
4903,-5.202491760253906,-20.255197333931925
4904,-5.475599765777588,-19.90122442781925
4905,-8.417497634887695,-19.72138080751896
4906,-9.62054443359375,-19.732446004509924
4907,-13.476189613342285,-19.75171809542179
4908,-12.149494171142578,-19.771575006127357
4909,-5.5872931480407715,-19.770849811196328
4910,-0.8486353158950806,-19.746692785382272
4911,-3.387094020843506,-19.73547982800007
4912,-2.0336546897888184,-19.726972280621528
4913,-8.697660446166992,-19.73361234104633
4914,-1.604390025138855,-19.697932489037512
4915,-13.709567070007324,-19.743713060975075
4916,-20.88077735900879,-19.800265837311745
4917,-19.418304443359375,-19.84997659933567
4918,-46.169620513916016,-20.024215270638464
4919,-53.40500259399414,-20.24068860900402
4920,-47.069461822509766,-20.434080040335655
4921,-49.32367706298828,-20.595507965445517
4922,-10.338417053222656,-20.61684247815609
4923,-5.801456451416016,-20.612108503699304
4924,-7.098599910736084,-20.581918808341026
4925,-4.858528137207031,-20.520517448782922
4926,-5.046816825866699,-20.402088566184045
4927,-7.67157506942749,-20.25203422009945
4928,-7.83656644821167,-20.214659782767296
4929,-4.972936153411865,-20.089216215491295
4930,-11.807345390319824,-20.098629663825037
4931,-7.774218559265137,-20.098403238654136
4932,-10.581775665283203,-20.121077373862267
4933,-5.7602620124816895,-20.11458695447445
4934,1.3248939514160156,-20.087609011054038
4935,1.737738013267517,-20.062539524912832
4936,1.7018680572509766,-20.033162320017816
4937,-4.04699182510376,-20.01963399589062
4938,-0.38990598917007446,-19.954263436436655
4939,-10.57575798034668,-19.941539258122443
4940,-13.625465393066406,-19.961972161412238
4941,-26.45086669921875,-20.026546303868294
4942,-44.43796157836914,-20.207649918198584
4943,-45.10650634765625,-20.394121855378152
4944,-47.536861419677734,-20.585807933092116
4945,-53.355167388916016,-20.796535442590713
4946,-6.696078300476074,-20.786497162103654
4947,-9.336333274841309,-20.775782654047013
4948,-7.776008129119873,-20.737498472452163
4949,-5.301833152770996,-20.68190073609352
4950,-7.789549827575684,-20.54746506333351
4951,-6.339991569519043,-20.37176553559303
4952,-5.136068344116211,-20.308109674692155
4953,-51.64790725708008,-20.38013236451149
4954,-11.851151466369629,-20.191060468912124
4955,-56.81352996826172,-20.320317922830583
4956,-59.843788146972656,-20.524953321695328
4957,-5.828003406524658,-20.339092041254045
4958,-4.663907527923584,-20.335569671869276
4959,1.2895539999008179,-20.29777168917656
4960,-3.5508127212524414,-20.291006373167036
4961,0.17395932972431183,-20.26086078876257
4962,-12.17385196685791,-20.10334429782629
4963,-13.8638916015625,-20.121535028874874
4964,-23.328388214111328,-20.159955728948116
4965,-22.038604736328125,-20.1938786072135
4966,-52.43037414550781,-20.335885183751582
4967,-59.579750061035156,-20.56925339215994
4968,-52.207252502441406,-20.776177855551243
4969,-52.528533935546875,-20.96860220438242
4970,-12.752516746520996,-20.985193226873875
4971,-7.151299953460693,-20.988526148855687
4972,-4.810315132141113,-20.973555964529513
4973,-51.21443176269531,-21.146989195883275
4974,-50.981082916259766,-21.09994287019968
4975,-5.172916889190674,-21.032071206152438
4976,-5.889108180999756,-20.860351714193822
4977,-9.20317554473877,-20.663525240957735
4978,-12.954155921936035,-20.530314536154272
4979,-14.201505661010742,-20.220241377890112
4980,-12.049999237060547,-20.231072440207004
4981,-3.4023680686950684,-20.2146922121644
4982,-1.9847960472106934,-20.2026044626832
4983,1.7582592964172363,-20.17841099268198
4984,0.10068933665752411,-20.159402634978296
4985,-6.970389366149902,-20.167281525969507
4986,-5.458054065704346,-20.15627464234829
4987,-11.72170352935791,-20.177624604582785
4988,-21.63842010498047,-20.037279862761498
4989,-23.524808883666992,-19.912168527007104
4990,-51.154903411865234,-19.91302893960476
4991,-30.92764663696289,-20.016028596282005
4992,-59.54383850097656,-20.074581513762475
4993,-53.002899169921875,-20.293472422480583
4994,-12.541375160217285,-20.347148203015326
4995,-7.269816875457764,-20.35380809223652
4996,-4.208843231201172,-20.331935018658637
4997,-51.27206802368164,-20.49857534611225
4998,-7.678074836730957,-20.45089061176777
4999,-8.239458084106445,-20.42413406574726
5000,-8.147591590881348,-20.280371755719184
5001,-6.03379487991333,-20.12771979534626
5002,-15.420208930969238,-20.017757930874826
5003,-13.803059577941895,-19.889757507443427
5004,-12.214933395385742,-19.897713806271554
5005,-0.18941399455070496,-19.86393326187134
5006,-5.1921000480651855,-19.87094598865509
5007,1.0703920125961304,-19.8384910197258
5008,-5.2562432289123535,-19.830586860179903
5009,-5.457520484924316,-19.83789554834366
5010,-14.11440372467041,-19.69476866006851
5011,-4.043484687805176,-19.507177752017974
5012,-29.892393112182617,-19.58218405008316
5013,-24.212217330932617,-19.638930483341216
5014,-51.083526611328125,-19.80888569498062
5015,-62.33462142944336,-20.02549006509781
5016,-61.280818939208984,-20.27681502866745
5017,-47.894187927246094,-20.473204228401183
5018,-12.495333671569824,-20.527977931022644
5019,-7.469583511352539,-20.543933785438536
5020,-7.562591552734375,-20.558911407470703
5021,-5.94771671295166,-20.547496608734132
5022,-8.069266319274902,-20.54026581954956
5023,-3.29982590675354,-20.455574604988097
5024,-4.170130729675293,-20.28070956516266
5025,-8.352914810180664,-20.105255517005922
5026,-14.30894660949707,-19.97949571323395
5027,-13.675217628479004,-19.913785183906555
5028,-18.374706268310547,-19.773601010322572
5029,-5.139001846313477,-19.76978505039215
5030,-6.307409286499023,-19.76089205265045
5031,1.1529593467712402,-19.7236547498703
5032,-0.22888199985027313,-19.693619643867017
5033,-4.292818546295166,-19.68017135208845
5034,-11.105236053466797,-19.698670730292797
5035,-16.542858123779297,-19.739539388358594
5036,-15.455694198608398,-19.732498777091504
5037,-28.48859214782715,-19.83513335865736
5038,-47.110694885253906,-19.97218714207411
5039,-59.104496002197266,-20.199105163276194
5040,-7.958123683929443,-20.214794954001903
5041,-3.034153938293457,-20.217433630645274
5042,-5.954903602600098,-20.22307670277357
5043,-9.91602611541748,-20.26345719921589
5044,-6.5382866859436035,-20.258529663205145
5045,0.647487998008728,-20.210754633545875
5046,1.4206860065460205,-20.131826306939125
5047,1.2571200132369995,-20.037808469891548
5048,-2.2011098861694336,-19.822579889416694
5049,-5.916905403137207,-19.621914793133737
5050,-11.700794219970703,-19.500281187176704
5051,-11.105416297912598,-19.181145113110542
5052,-19.348663330078125,-19.22003246510029
5053,-38.11842727661133,-19.332352842450142
5054,-44.86684799194336,-19.49338798725605
5055,-37.22270965576172,-19.608797090649606
5056,-34.822059631347656,-19.725109995007514
5057,-9.258549690246582,-19.729094926953316
5058,-8.554924964904785,-19.72961579334736
5059,-2.2374560832977295,-19.699024289250374
5060,-5.818258285522461,-19.70531441605091
5061,-6.964700222015381,-19.688780394673348
5062,-2.8927340507507324,-19.48837855255604
5063,-7.756724834442139,-19.31823301231861
5064,-8.300507545471191,-19.162871855854988
5065,-9.009154319763184,-19.02669361412525
5066,-14.050108909606934,-18.905342459797858
5067,-58.000362396240234,-18.949607031941415
5068,-12.351092338562012,-18.969290553212165
5069,0.5603986382484436,-18.74014109122753
5070,-43.635223388671875,-18.65990364921093
5071,0.6273326873779297,-18.563427155375482
5072,-45.59901809692383,-18.53244511497021
5073,-8.244514465332031,-18.185245774149895
5074,-7.008007526397705,-17.817319491267206
5075,-55.443058013916016,-17.82335080230236
5076,-60.534908294677734,-18.030031222224235
5077,-44.3938102722168,-18.177088963389398
5078,-42.677040100097656,-18.316758089900016
5079,-50.701114654541016,-18.49909796798229
5080,-33.98125457763672,-18.60263758742809
5081,-53.639041900634766,-18.79121672141552
5082,-6.663366794586182,-18.799600441813467
5083,-6.559316635131836,-18.796155222773553
5084,-6.764716625213623,-18.747514313578606
5085,-7.33097505569458,-18.736221480250357
5086,-3.7556850910186768,-18.698637756228447
5087,-49.92624282836914,-18.87039364039898
5088,-51.17107009887695,-19.045852645754813
5089,-14.008881568908691,-19.068198951601982
5090,-4.187459468841553,-19.085535261452197
5091,-6.619865417480469,-19.103515720665456
5092,0.9824860095977783,-19.049135375320912
5093,1.6169580221176147,-18.96225076466799
5094,1.3462560176849365,-18.869193789303303
5095,1.333367943763733,-18.753551670372484
5096,-2.4433906078338623,-18.564678199112414
5097,0.6677060127258301,-18.317121724426748
5098,-6.55881929397583,-18.091003836929797
5099,-57.950626373291016,-18.09179347926378
5100,-18.125638961791992,-18.11753046733141
5101,-36.81395721435547,-18.225869262039662
5102,-49.819766998291016,-18.389842261612415
5103,-47.45750427246094,-18.567454806625843
5104,-40.71440505981445,-18.714281926453115
5105,-10.413599967956543,-18.553707200348377
5106,-5.398240089416504,-18.55046019488573
5107,-6.525191783905029,-18.542265010178088
5108,-4.52703332901001,-18.506802365601065
5109,-4.690074920654297,-18.451712910950185
5110,-6.783675193786621,-18.409758126556873
5111,-4.806858539581299,-18.390280276596545
5112,-4.988415241241455,-18.36763214236498
5113,-11.07442855834961,-18.40973700863123
5114,-9.754376411437988,-18.431740727961063
5115,-5.068766117095947,-18.4194714961648
5116,-1.2603460550308228,-18.37724303251505
5117,-4.886368751525879,-18.341094820082187
5118,-0.8914300203323364,-18.086708117067815
5119,-1.6155927181243896,-17.973796250879765
5120,0.5599319934844971,-17.739153370440008
5121,-8.517669677734375,-17.586317478716374
5122,-2.9908154010772705,-17.21055957943201
5123,-59.59762191772461,-17.25528611141443
5124,-62.7134895324707,-17.459923535883426
5125,-82.8912582397461,-17.751333501398562
5126,-42.65221405029297,-17.891958291590214
5127,-48.945068359375,-18.06945193821192
5128,-32.38315963745117,-18.177364709436894
5129,-7.849400043487549,-18.18692707592249
5130,-52.060516357421875,-18.19121273571253
5131,-50.327293395996094,-18.365425704538822
5132,-7.503116607666016,-18.328072768747806
5133,-7.041725158691406,-18.30798881107569
5134,-7.038366794586182,-18.302303872644902
5135,-8.209449768066406,-18.292392621576788
5136,-7.732066631317139,-18.29600528293848
5137,-11.564525604248047,-18.339568321287633
5138,-9.113722801208496,-18.3536157322526
5139,-6.902707099914551,-18.342126020491122
5140,1.3417119979858398,-18.29988493925333
5141,0.35081401467323303,-18.27374864333868
5142,-0.9281319975852966,-18.20343688696623
5143,0.8075439929962158,-18.09428203600645
5144,0.6381653547286987,-17.854701359450818
5145,-5.03403377532959,-17.63091299504042
5146,-12.068717002868652,-17.43042747181654
5147,-58.14725112915039,-17.516684261977673
5148,-63.02634811401367,-17.5502442137599
5149,-84.06387329101562,-17.857853773772717
5150,-19.777223587036133,-17.914655968368052
5151,-50.76140594482422,-18.089437624633312
5152,-40.855384826660156,-18.23523725003004
5153,-8.226075172424316,-18.247331583678722
5154,-11.206707954406738,-18.27025601643324
5155,-2.7467238903045654,-18.247572921454907
5156,-2.966036081314087,-18.22095488804579
5157,-50.01561737060547,-18.36711259907484
5158,-6.980191707611084,-18.346435389220716
5159,-5.803524971008301,-18.347300316512584
5160,-5.31365966796875,-18.36516041392088
5161,-11.207368850708008,-18.396441513240337
5162,-54.30242919921875,-18.605516611278055
5163,-8.868803977966309,-18.606201185405254
5164,-4.848630428314209,-18.619178147017955
5165,0.5946499705314636,-18.5619612788558
5166,1.4787360429763794,-18.47252322524786
5167,1.5186779499053955,-18.3887752956748
5168,-3.2203779220581055,-18.21697832530737
5169,-6.528182029724121,-18.02947104305029
5170,-13.360358238220215,-17.89463462871313
5171,-16.088623046875,-17.761694412648676
5172,-19.005733489990234,-17.79636367839575
5173,-40.06935501098633,-17.93343527263403
5174,-49.80336380004883,-18.10425432819128
5175,-50.99149703979492,-18.28878620380163
5176,-20.29636573791504,-18.349784399449824
5177,-6.10341215133667,-18.343511747777463
5178,-8.655458450317383,-18.346787315785885
5179,-4.022411823272705,-18.34298521846533
5180,-4.035416603088379,-18.311897503316402
5181,-4.278408527374268,-18.29791426318884
5182,-6.816608428955078,-18.282853594243527
5183,-7.063716888427734,-18.28806741374731
5184,-5.008275032043457,-18.31340008968115
5185,-9.301830291748047,-18.357558362901212
5186,-1.3945833444595337,-18.369944168508052
5187,-5.928025245666504,-18.377468302190305
5188,-3.556605339050293,-18.390135099589823
5189,0.7296760082244873,-18.34491336363554
5190,-0.8965200185775757,-18.293997582137585
5191,-0.8229900002479553,-18.1914860753417
5192,1.4123719930648804,-18.008084741055967
5193,-3.9928293228149414,-17.8436300329566
5194,-0.9344260096549988,-17.65722029131651
5195,-11.796266555786133,-17.49098468798399
5196,-18.77473258972168,-17.539299305140972
5197,-40.36479568481445,-17.663413154780866
5198,-35.30662155151367,-17.77353560847044
5199,-46.876033782958984,-17.93983241099119
5200,-43.16489028930664,-18.081333772838114
5201,-7.085758209228516,-18.084316839396955
5202,-5.077908515930176,-18.08408420008421
5203,-6.115691661834717,-17.901955337703228
5204,-2.4458999633789062,-17.864334331691264
5205,-2.2107961177825928,-17.645923396289348
5206,-6.278191566467285,-17.43166100996733
5207,-3.3337042331695557,-17.42168381327391
5208,-7.410302639007568,-17.432669393718243
5209,-7.523732662200928,-17.46792254036665
5210,-6.375158786773682,-17.479219924628733
5211,-5.492197513580322,-17.501884552001954
5212,0.8152239918708801,-17.449928248167037
5213,0.7845399975776672,-17.391334521770478
5214,1.3704479932785034,-17.292539176940917
5215,1.3495680093765259,-17.1989864859581
5216,0.9115291833877563,-16.98561887264252
5217,-5.9340434074401855,-16.771036046028136
5218,-4.964710712432861,-16.582065878868104
5219,-17.126562118530273,-16.440457991600038
5220,-13.917495727539062,-16.445117907524107
5221,-32.66036605834961,-16.547154171943664
5222,-38.757530212402344,-16.68294303226471
5223,-84.40701293945312,-16.81571335697174
5224,-33.442405700683594,-16.745558648109437
5225,-9.6450834274292,-16.76344731426239
5226,-6.429041862487793,-16.765607048988343
5227,-4.903708457946777,-16.748409180641175
5228,-7.042375087738037,-16.724762057304382
5229,-4.329433441162109,-16.685273768424988
5230,-4.807065010070801,-16.65630203151703
5231,-7.374416828155518,-16.67219022655487
5232,-7.558809280395508,-16.69448627948761
5233,-6.926873207092285,-16.729226809501647
5234,-11.717155456542969,-16.77649818867445
5235,-8.048531532287598,-16.780810757339
5236,0.9807220101356506,-16.75505565303564
5237,0.2726899981498718,-16.70707807892561
5238,0.8877519965171814,-16.616973390519618
5239,1.5681780576705933,-16.51660144275427
5240,1.5692219734191895,-16.30570494121313
5241,-0.5399150848388672,-16.184154015004633
5242,-13.449007034301758,-15.999774689137936
5243,-11.12431812286377,-15.832260364949704
5244,-22.301025390625,-15.871298965871334
5245,-45.03487014770508,-16.022359178960322
5246,-42.708961486816406,-16.176359651982786
5247,-35.2279052734375,-16.11218300098181
5248,-85.46569061279297,-16.423333464086056
5249,-7.886991500854492,-16.421923597753047
5250,-52.517791748046875,-16.59940439838171
5251,-7.5102667808532715,-16.60531028598547
5252,-7.520016670227051,-16.5737095169425
5253,-6.992975234985352,-16.546469179570675
5254,-6.935774803161621,-16.525352545201777
5255,-5.192850112915039,-16.545366289675236
5256,-8.078502655029297,-16.556911900103092
5257,-13.177305221557617,-16.61390268903971
5258,-11.44205093383789,-16.63864591985941
5259,-0.08325999975204468,-16.61714887791872
5260,1.4812380075454712,-16.554766310989855
5261,1.516211986541748,-16.53252752429247
5262,1.6009199619293213,-16.406554271996022
5263,1.5468480587005615,-16.30351801043749
5264,-0.4605846703052521,-16.1010262426734
5265,-11.166964530944824,-15.896355615079402
5266,-9.951031684875488,-15.69103646606207
5267,-5.512576580047607,-15.521510020673276
5268,-21.869285583496094,-15.55900582832098
5269,-46.735939025878906,-15.716071250379086
5270,-33.57244110107422,-15.820110648572445
5271,-43.9321174621582,-15.972048251569271
5272,-86.25881958007812,-16.284806464612483
5273,-8.118499755859375,-16.304081160008906
5274,-6.970274925231934,-16.315281736791135
5275,-4.645549774169922,-16.30045227664709
5276,-5.484916687011719,-16.26515615695715
5277,-50.203250885009766,-16.411268289983273
5278,-50.118534088134766,-16.538243601262568
5279,-5.364558219909668,-16.539145826756954
5280,-5.608079433441162,-16.536348507344723
5281,-14.687414169311523,-16.599710001409054
5282,-8.965001106262207,-16.6346544778347
5283,-7.862395763397217,-16.64893278670311
5284,-3.323820114135742,-16.617807122945784
5285,1.4837939739227295,-16.545700514554976
5286,0.17922000586986542,-16.483160857737065
5287,0.8638479709625244,-16.365751097261906
5288,0.9157059788703918,-16.17364549380541
5289,-4.800384044647217,-15.956429045975208
5290,-1.1341220140457153,-15.929133039295673
5291,-12.595088005065918,-15.967376775562764
5292,-21.3958797454834,-16.029140680134297
5293,-47.862892150878906,-16.18092814427614
5294,-49.00935363769531,-16.350812412083148
5295,-50.643924713134766,-16.55597806292772
5296,-27.695993423461914,-16.672444780647755
5297,-53.26886749267578,-16.890548730671405
5298,-51.925315856933594,-17.089445554554462
5299,-50.591949462890625,-17.268145730793478
5300,-5.183966636657715,-17.242078420460224
5301,-50.263484954833984,-17.39871069508791
5302,-7.276808261871338,-17.350423274815082
5303,-7.540816783905029,-17.228112832844257
5304,-4.755775451660156,-17.067668542683126
5305,-10.89909553527832,-16.96237408620119
5306,-7.444384574890137,-16.85286338597536
5307,-48.57893371582031,-17.010144922077657
5308,1.0181466341018677,-16.97185263568163
5309,-43.47205352783203,-17.136791025459765
5310,1.4772419929504395,-17.107609024345876
5311,0.36128801107406616,-17.078305071413517
5312,1.3354239463806152,-17.061392439424992
5313,-2.1134626865386963,-17.03881939083338
5314,-11.506438255310059,-17.051643113672732
5315,-19.155105590820312,-17.09222691875696
5316,-14.14977741241455,-17.092625592768194
5317,-38.96855545043945,-17.01649836498499
5318,-89.88528442382812,-17.326635133326054
5319,-51.722110748291016,-17.53576517087221
5320,-39.06596755981445,-17.517488147556783
5321,-8.031399726867676,-17.552123077213764
5322,-6.516141891479492,-17.395791572391985
5323,-6.820833206176758,-17.390096847355366
5324,-7.305841445922852,-17.391288183033467
5325,-7.168691635131836,-17.19819071751833
5326,-6.098718166351318,-16.980445957005024
5327,-5.049524784088135,-16.82306881505251
5328,-5.921325206756592,-16.676045955479147
5329,-11.047101020812988,-16.517429900944233
5330,-10.68985652923584,-16.42426430875063
5331,-9.165481567382812,-16.246370067417622
5332,1.3322900533676147,-16.214387440025806
5333,0.928629994392395,-16.18443565350771
5334,-0.1414259970188141,-16.15794249099493
5335,1.438812017440796,-16.122863342702388
5336,-4.936628818511963,-16.12758711761236
5337,-9.077508926391602,-15.964192182004451
5338,-14.216070175170898,-15.816372182309628
5339,-3.818711280822754,-15.775611501157284
5340,-18.95478057861328,-15.83468078559637
5341,-43.906585693359375,-15.983827666699886
5342,-41.29383850097656,-16.152932964742185
5343,-42.639801025390625,-16.329960000932218
5344,-42.15834045410156,-16.503978386819362
5345,-9.997599601745605,-16.5493022570014
5346,-5.234981536865234,-16.560468620717526
5347,-3.8459417819976807,-16.57852321189642
5348,-6.842175006866455,-16.57965663474798
5349,-4.457261562347412,-16.36568317550421
5350,-4.2118916511535645,-16.310028186261654
5351,-49.94769287109375,-16.362563128888606
5352,-49.3188362121582,-16.360559405744077
5353,-15.017254829406738,-16.230798407971857
5354,-11.725846290588379,-16.114844172894955
5355,-12.275823593139648,-16.122293067395688
5356,-10.187698364257812,-16.14145090049505
5357,1.1344959735870361,-16.110812149465083
5358,1.2247380018234253,-16.08780506414175
5359,-1.8060986995697021,-16.07626915925741
5360,-8.050568580627441,-16.081336732804775
5361,-7.327144145965576,-16.091417875230313
5362,-15.34975814819336,-16.13286324685812
5363,-3.9868857860565186,-16.10451307576895
5364,-15.898965835571289,-16.12909143346548
5365,-44.25105667114258,-16.285820595681667
5366,-31.682693481445312,-16.407509985387325
5367,-42.9152946472168,-16.55962568897009
5368,-42.76145553588867,-16.727105791032315
5369,-5.714681625366211,-16.74350214666128
5370,-8.701391220092773,-16.78054743951559
5371,-4.749653339385986,-16.765475374162197
5372,-6.472433567047119,-16.779401846826076
5373,-4.502224922180176,-16.559020258843898
5374,-3.789283275604248,-16.323323433816434
5375,-7.344624996185303,-16.02113690084219
5376,-7.7287750244140625,-15.881443144738673
5377,-4.729074954986572,-15.70457917112112
5378,-6.597125053405762,-15.60143503278494
5379,-7.329241752624512,-15.599354399621486
5380,-4.9148664474487305,-15.410771799981594
5381,-7.142258167266846,-15.238031659066676
5382,-8.71168327331543,-15.242865925729275
5383,-4.436252117156982,-15.232444033563137
5384,-15.542281150817871,-15.266459690988064
5385,-14.51030158996582,-15.291663098275661
5386,-15.415008544921875,-15.32239486593008
5387,-4.167703151702881,-15.2928075761199
5388,-5.2551374435424805,-15.277373234689236
5389,0.031293999403715134,-15.249637230291963
5390,-0.8537840247154236,-15.258419214382767
5391,-11.361047744750977,-15.305266661420465
5392,-14.440216064453125,-15.359314997687935
5393,-3.2483160495758057,-15.375538437858223
5394,-23.374757766723633,-15.471590130344033
5395,-35.973838806152344,-15.595349350467325
5396,-23.028926849365234,-15.639190189853311
5397,-40.37968826293945,-15.568119938388467
5398,-85.02900695800781,-15.656130573764443
5399,-7.527649879455566,-15.349985680118204
5400,-51.878623962402344,-15.478391281619668
5401,-49.74326705932617,-15.474318726077676
5402,-4.639266490936279,-15.32945425273478
5403,-4.047116756439209,-15.31273841907084
5404,-50.599639892578125,-15.470310146823525
5405,-49.994384765625,-15.659300790324806
5406,-49.68184280395508,-15.84616401721537
5407,-14.109684944152832,-15.70254028750956
5408,-14.640340805053711,-15.733180883899331
5409,-5.842731475830078,-15.733337709918619
5410,-6.982241153717041,-15.74001203586161
5411,0.453682005405426,-15.693367832437158
5412,-0.8812639713287354,-15.479683171525597
5413,1.1190420389175415,-15.439731787458062
5414,1.2044520378112793,-15.415519457593561
5415,0.6951159834861755,-15.41511759354174
5416,-0.48531800508499146,-15.422973809733987
5417,-14.222126007080078,-15.48593702556193
5418,-14.580309867858887,-15.531376753345132
5419,-79.96481323242188,-15.825123278155923
5420,-46.44334030151367,-15.957455206409097
5421,-45.21752166748047,-16.07397080089152
5422,-46.782047271728516,-16.18507605601847
5423,-7.330483436584473,-16.054120569720865
5424,-4.695260047912598,-15.873688154712319
5425,-4.651291847229004,-15.688327333942055
5426,-49.65074920654297,-15.805744867816568
5427,-49.509159088134766,-15.97936785556376
5428,-4.8614583015441895,-15.964191854968668
5429,-7.924749851226807,-15.979801207080483
5430,-5.922361850738525,-15.987348988071084
5431,-58.133087158203125,-16.2027677025944
5432,-13.748845100402832,-16.23049664928019
5433,-4.87868595123291,-16.22175652553141
5434,0.14703866839408875,-16.20113527072966
5435,1.2423779964447021,-16.15895843757689
5436,-1.0884859561920166,-16.15773404802382
5437,-0.9947879910469055,-16.13800109900534
5438,1.263942003250122,-16.11871890963614
5439,0.588513970375061,-16.119283557787536
5440,-2.5393879413604736,-16.125855029478668
5441,-11.305636405944824,-16.167785615101458
5442,-16.384033203125,-16.238971235886215
5443,-13.7661771774292,-16.278064627304673
5444,-48.16790771484375,-16.46699855412543
5445,-47.96308517456055,-16.611665828600525
5446,-31.404155731201172,-16.662183521166444
5447,-9.954158782958984,-16.540540973559022
5448,-5.968945026397705,-16.42319026745856
5449,-7.003699779510498,-16.263700931444763
5450,-6.726799964904785,-16.117948570147156
5451,-6.822350025177002,-16.11689493741095
5452,-4.583583354949951,-16.11491763676703
5453,-7.333141803741455,-16.119787437334658
5454,-5.394999980926514,-16.131583837404847
5455,-17.43450927734375,-16.192478690043092
5456,-2.664154052734375,-16.17802253998816
5457,-6.376858711242676,-16.19019515790045
5458,-0.08525266498327255,-16.160894958004356
5459,0.3378640115261078,-16.129448571309446
5460,-0.5092080235481262,-16.105984768256544
5461,0.39284199476242065,-16.082444610223174
5462,0.01959799975156784,-16.085627114191652
5463,1.0744199752807617,-16.084467594280838
5464,-0.8195300102233887,-16.093227506294845
5465,-13.683103561401367,-16.153358192577958
5466,-9.736947059631348,-16.195952097550034
5467,-83.4245834350586,-16.505914257660507
5468,-39.05012893676758,-16.642255930557848
5469,-49.335205078125,-16.771090502396227
5470,-42.92061233520508,-16.88710296882689
5471,-8.254783630371094,-16.789480639114977
5472,-7.9990668296813965,-16.666446785584093
5473,-5.502884864807129,-16.350830273285506
5474,-49.28404235839844,-16.414196819916366
5475,-5.738524913787842,-16.3985705858618
5476,-49.73113250732422,-16.571778948441146
5477,-7.609608173370361,-16.58260254730284
5478,-5.254811763763428,-16.575452294006944
5479,-17.300230026245117,-16.627335480347277
5480,-9.400933265686035,-16.645710953369736
5481,-7.374082565307617,-16.645709616318346
5482,-2.191243886947632,-16.624239354744553
5483,0.37448400259017944,-16.595033925905824
5484,1.1651040315628052,-16.5435048879534
5485,-1.0658979415893555,-16.51557435359061
5486,-0.9799039959907532,-16.523416857615114
5487,0.3982959985733032,-16.52291443361342
5488,-4.870143413543701,-16.545946015253662
5489,-11.925814628601074,-16.59992198599875
5490,-14.76986026763916,-16.665278314962983
5491,-33.677371978759766,-16.797828142538666
5492,-45.78986740112305,-16.927191584005953
5493,-19.298423767089844,-16.959888006582855
5494,-38.10671615600586,-17.02311076964438
5495,-7.409133434295654,-16.87260782279074
5496,-8.891949653625488,-16.73733977545798
5497,-6.556391716003418,-16.622653721228243
5498,-7.000883102416992,-16.308794491186738
5499,-6.763199806213379,-16.304299324408174
5500,-6.3740668296813965,-16.119724424734713
5501,-2.8193259239196777,-16.100960661306978
5502,-5.032625198364258,-16.091011095419525
5503,-5.723629951477051,-16.085933714285492
5504,-12.19856071472168,-16.10698485793173
5505,-0.5845659971237183,-16.08855172146857
5506,0.4826759994029999,-16.054307006850838
5507,-0.7442039847373962,-16.004574601903556
5508,-2.2837119102478027,-15.967941245809197
5509,0.8636940121650696,-15.964153429761529
5510,0.9676979780197144,-15.966207589879632
5511,0.40252599120140076,-15.970662333860993
5512,-6.8950581550598145,-16.00464624632895
5513,-12.737971305847168,-16.06178552378714
5514,-17.20551872253418,-16.128765259996058
5515,-29.7716064453125,-16.20318382765353
5516,-12.495030403137207,-16.213359822526574
5517,-34.731178283691406,-16.330234229341148
5518,-36.42001724243164,-16.38843715597689
5519,-6.2154083251953125,-16.22635503317416
5520,-3.9941213130950928,-16.108041754022242
5521,-4.797975063323975,-15.951505184426903
5522,-6.687150001525879,-15.633218506112694
5523,-6.420108318328857,-15.626424940362572
5524,-3.718433380126953,-15.613417574182153
5525,-6.630166530609131,-15.62135604120791
5526,-5.160891532897949,-15.620059940591455
5527,-6.668057918548584,-15.44591916872561
5528,-12.748122215270996,-15.296437521234155
5529,-4.3064188957214355,-15.292204963937401
5530,0.394952654838562,-15.268192835584284
5531,1.0606319904327393,-15.205200650945306
5532,0.36764198541641235,-15.167870078578591
5533,0.8702999949455261,-15.13293929554522
5534,0.3331719934940338,-15.118311327114702
5535,-4.234130859375,-15.141183026447893
5536,-9.623908996582031,-15.180395542457699
5537,-3.7520906925201416,-15.19885929711163
5538,-17.09046173095703,-15.27088396795094
5539,-34.28828811645508,-15.388835584238171
5540,-51.67156982421875,-15.590985375478864
5541,-40.906551361083984,-15.704231228902936
5542,-42.1762580871582,-15.787352742269634
5543,-5.015163421630859,-15.615961827352644
5544,-5.890625,-15.443486912801863
5545,-6.959066867828369,-15.268747481420636
5546,-4.163899898529053,-15.174619107320904
5547,-4.255761623382568,-14.978566683843733
5548,-6.511433124542236,-14.796911152914166
5549,-5.127416610717773,-14.615053021505474
5550,-5.331728458404541,-14.615644068792463
5551,-14.715740203857422,-14.473453089788556
5552,-13.897160530090332,-14.499934498861432
5553,-57.68539810180664,-14.700512824133039
5554,-7.276751518249512,-14.710596728399397
5555,-9.605225563049316,-14.70542124851048
5556,-3.0299105644226074,-14.68776335246861
5557,0.44659000635147095,-14.491661257579922
5558,-1.114059329032898,-14.500190081432462
5559,-10.248394966125488,-14.367295447185636
5560,-8.899324417114258,-14.408801712825895
5561,-9.634713172912598,-14.44878571756184
5562,-19.684362411499023,-14.53286486299336
5563,-31.585603713989258,-14.650753427103162
5564,-38.249027252197266,-14.75772378309071
5565,-84.49833679199219,-15.019096707895399
5566,-44.884578704833984,-15.142035913065076
5567,-8.008866310119629,-15.018197156503797
5568,-6.538561820983887,-14.68481026609242
5569,-7.153633117675781,-14.506536355569958
5570,-4.241574764251709,-14.367238784387707
5571,-5.509725093841553,-14.357152085855603
5572,-4.682919979095459,-14.349819198206067
5573,-4.255441665649414,-14.339557632043958
5574,-7.451550006866455,-14.340140466287732
5575,-12.93043041229248,-14.363187421396375
5576,-12.556123733520508,-14.389017043665051
5577,-10.244895935058594,-14.409798528268933
5578,-6.848850727081299,-14.413508630350233
5579,0.663453996181488,-14.366666410282255
5580,-0.8785039782524109,-14.32742100007832
5581,1.1629619598388672,-14.286107225969435
5582,0.7742246389389038,-14.288339487627148
5583,-4.772312641143799,-14.311143258169293
5584,-0.9685580134391785,-14.314451786234974
5585,-14.335320472717285,-14.377548316195607
5586,-6.319899082183838,-14.383081397250296
5587,-79.67930603027344,-14.665488585665821
5588,-40.00019454956055,-14.76862508316338
5589,-39.10731887817383,-14.909779513552785
5590,-45.377567291259766,-15.015470660403372
5591,-7.670433521270752,-14.870526051715016
5592,-8.540733337402344,-14.739513631060719
5593,-3.4374067783355713,-14.582704054072499
5594,-49.98777389526367,-14.614021787837148
5595,-5.241816520690918,-14.59499865551293
5596,-6.931116580963135,-14.60178319568932
5597,-5.324041843414307,-14.607695595934986
5598,-5.3766865730285645,-14.601833642199635
5599,-13.717527389526367,-14.638874705508352
5600,-57.62617111206055,-14.85253182335198
5601,-6.866575241088867,-14.68020735283196
5602,-2.3471086025238037,-14.492320442393423
5603,-43.79234313964844,-14.60742079563439
5604,-43.766441345214844,-14.735583175852895
5605,0.5055699944496155,-14.684457601502539
5606,-3.665354013442993,-14.658368224099279
5607,-4.77351188659668,-14.682000255540013
5608,-12.283798217773438,-14.7360344004184
5609,-10.863421440124512,-14.77226369138062
5610,-18.299612045288086,-14.813259865239262
5611,-43.832550048828125,-14.959281488850714
5612,-46.14852523803711,-15.082476557210088
5613,-41.361671447753906,-15.231975699856877
5614,-37.63146209716797,-15.318905684903264
5615,-9.572933197021484,-15.18019319100678
5616,-8.278891563415527,-15.08657798333466
5617,-4.857991695404053,-14.934348771527409
5618,-4.5027666091918945,-14.781314015820623
5619,-2.7978739738464355,-14.769646785214544
5620,-2.9174633026123047,-14.746511073544621
5621,-6.84737491607666,-14.754901959851384
5622,-5.639936447143555,-14.75157197137177
5623,-17.637813568115234,-14.80411432595551
5624,-16.306440353393555,-14.854182954266667
5625,-13.300458908081055,-14.87800628991425
5626,-0.1499679982662201,-14.847691061809659
5627,-5.559732437133789,-14.851013691738247
5628,-5.008269309997559,-14.844658268764615
5629,-6.067535400390625,-14.839611443355679
5630,-4.015096664428711,-14.836012364223599
5631,-1.2838319540023804,-14.812578659370542
5632,-5.9750447273254395,-14.801632105186581
5633,-14.585951805114746,-14.842230903938413
5634,-15.051214218139648,-14.8402666362077
5635,-35.30396270751953,-14.923441280677915
5636,-39.587894439697266,-15.020132824257017
5637,-38.65378952026367,-15.158077169731259
5638,-39.249629974365234,-15.294055139854551
5639,-7.667503356933594,-15.324850329279899
5640,-8.577567100524902,-15.355745461583137
5641,-4.0117998123168945,-15.326348469853402
5642,-6.979541778564453,-15.296505772709846
5643,-3.8073649406433105,-15.298741968274117
5644,-4.688883304595947,-15.223998470425606
5645,-5.520991802215576,-15.10218708240986
5646,-5.542333126068115,-15.03224070751667
5647,-19.068483352661133,-14.946995887875557
5648,-17.569839477539062,-14.677159217953681
5649,-15.893439292907715,-14.71062237560749
5650,-12.391817092895508,-14.552675148129463
5651,-15.191540718078613,-14.414468242764473
5652,-11.391145706176758,-14.441475759625435
5653,-5.202117919921875,-14.446095764279365
5654,-9.060239791870117,-14.279938163876533
5655,-0.6497920155525208,-14.082559792876243
5656,-1.4451320171356201,-13.889612949728965
5657,-11.954950332641602,-13.88099401128292
5658,-15.372116088867188,-13.883921112418175
5659,-40.422428131103516,-14.022239899039269
5660,-58.8890380859375,-14.22986708676815
5661,-40.706424713134766,-14.394507513642312
5662,-46.878692626953125,-14.578497228264808
5663,-7.459291458129883,-14.612810562252998
5664,-5.851841449737549,-14.641035736203193
5665,-3.584533214569092,-14.658154332995414
5666,-2.5127360820770264,-14.666264005303383
5667,-4.605466842651367,-14.627797368645668
5668,-6.270283222198486,-14.594557262063027
5669,-6.279816627502441,-14.299817275643349
5670,-5.506366729736328,-14.13606938135624
5671,-10.392045974731445,-13.996767478585243
5672,-12.838376998901367,-13.860992797493935
5673,-5.972641944885254,-13.855561431527137
5674,0.7097399830818176,-13.83394143140316
5675,-0.8056820034980774,-13.818558992028237
5676,-1.5296720266342163,-13.626074683308602
5677,1.0515600442886353,-13.423831806778908
5678,0.5462740063667297,-13.402200877547264
5679,0.22707200050354004,-13.369593590140342
5680,-4.156314849853516,-13.362529402136802
5681,-9.21751594543457,-13.166867117285728
5682,-3.171988010406494,-13.124559688925743
5683,-38.32457733154297,-13.258343254446983
5684,-34.43281173706055,-13.396662656068802
5685,-14.983460426330566,-13.461566009759903
5686,-31.272733688354492,-13.582303000688553
5687,-6.717641830444336,-13.605194416046142
5688,-5.596499919891357,-13.63263618373871
5689,-6.086874961853027,-13.65933773946762
5690,-2.6152210235595703,-13.659641071796417
5691,-3.6304666996002197,-13.628940392971039
5692,-6.619008541107178,-13.589880294322967
5693,-7.18310022354126,-13.563547986507416
5694,-4.375366687774658,-13.38837782239914
5695,-10.05285930633545,-13.236736918926239
5696,-12.211713790893555,-13.15996715116501
5697,-5.15069055557251,-13.140753278255463
5698,1.2596399784088135,-13.111838938236236
5699,1.1514780521392822,-13.079218226909637
5700,-2.082412004470825,-13.060640675067901
5701,0.5615919828414917,-13.031104907035827
5702,1.1574000120162964,-13.008140973567963
5703,1.1119500398635864,-12.974360606193542
5704,0.8415579795837402,-12.949414374351502
5705,-1.732100009918213,-12.886604737281798
5706,-12.602374076843262,-12.926357617378235
5707,-16.737815856933594,-12.967801445961
5708,-40.6507453918457,-13.130063416868449
5709,-45.01270294189453,-13.311465684682132
5710,-38.829532623291016,-13.464746983081103
5711,-8.417016983032227,-13.49998641899228
5712,-7.990950584411621,-13.532028613328933
5713,-14.777122497558594,-13.595434783220291
5714,-7.821998596191406,-13.623444657564162
5715,-0.31239598989486694,-13.569961827278137
5716,1.3264466524124146,-13.525708252429963
5717,1.6216559410095215,-13.185523294925689
5718,1.3482179641723633,-13.02392990732193
5719,1.5094259977340698,-12.820551383018493
5720,1.3494240045547485,-12.643471237659455
5721,-3.8994932174682617,-12.626050076007843
5722,-2.0679240226745605,-12.602325504779815
5723,-11.64753532409668,-12.626904106616974
5724,-22.426939010620117,-12.51947569322586
5725,-46.75455856323242,-12.683539827823639
5726,-36.122554779052734,-12.629105516910553
5727,-49.780311584472656,-12.797788330554962
5728,-36.28759765625,-12.921919474124909
5729,-7.854925155639648,-12.884138254642487
5730,-6.240324974060059,-12.871495821475982
5731,-6.7708916664123535,-12.8690830578804
5732,-4.881716728210449,-12.879844949245452
5733,-7.464333534240723,-12.911200219392777
5734,-3.432098388671875,-12.929589029073716
5735,-5.404208183288574,-12.946942270040513
5736,-6.5305867195129395,-12.969145000934601
5737,-58.122657775878906,-13.203228816032409
5738,-53.66487121582031,-13.398407727241516
5739,-7.304586887359619,-13.379922816276551
5740,1.0626460313796997,-13.316592791080474
5741,1.3540680408477783,-13.176467031002044
5742,1.484604001045227,-12.987369145393371
5743,1.3807439804077148,-12.904652474403381
5744,-0.6811619997024536,-12.754950257778168
5745,-6.4713640213012695,-12.751199180126191
5746,-14.522342681884766,-12.773720752239226
5747,-23.163286209106445,-12.840148330211639
5748,-21.379724502563477,-12.897663695812225
5749,-42.5433349609375,-13.040784236431122
5750,-44.179054260253906,-13.192004186153412
5751,-24.546306610107422,-13.278912108898163
5752,-43.82837677001953,-13.434095115184784
5753,-10.967291831970215,-13.455069762706756
5754,-8.755125045776367,-13.441296020030975
5755,-3.5596065521240234,-13.453196182250977
5756,-4.527358531951904,-13.473236320376396
5757,-5.663449764251709,-13.492913303494454
5758,-4.895908355712891,-13.503362089276314
5759,-50.985740661621094,-13.710759827971458
5760,-6.169058322906494,-13.739306853175163
5761,-16.675777435302734,-13.80762006688118
5762,-13.497967720031738,-13.834031705141067
5763,-10.543523788452148,-13.825253915071487
5764,-4.248055934906006,-13.773424063920976
5765,0.9187260270118713,-13.650662734031677
5766,-0.1988079994916916,-13.601477844417095
5767,-0.2497739940881729,-13.463552227258683
5768,0.8087520003318787,-13.314637150287629
5769,-3.393343448638916,-13.303348890781402
5770,-12.68100643157959,-13.338096431255341
5771,-18.452444076538086,-13.392714307308196
5772,-7.7605366706848145,-13.397007853984833
5773,-14.958722114562988,-13.43116230916977
5774,-90.55516052246094,-13.778509217739105
5775,-53.08536148071289,-13.96432999753952
5776,-42.04130172729492,-14.111851638317107
5777,-7.601311683654785,-14.115584653377534
5778,-8.837349891662598,-14.0999415640831
5779,-7.742533206939697,-14.113686021327972
5780,-3.8672733306884766,-14.130734925270081
5781,-7.112575054168701,-14.163427753448486
5782,-8.140658378601074,-14.197460954904557
5783,-7.631491661071777,-14.231468121528625
5784,-8.845492362976074,-14.268182778954506
5785,-11.576698303222656,-14.297553048729897
5786,-3.1883926391601562,-14.27181098330021
5787,-8.891183853149414,-14.292367355942726
5788,-0.5353186726570129,-14.226146783709526
5789,0.4483659863471985,-14.087200167298317
5790,-0.668425977230072,-13.883187591910362
5791,0.6887459754943848,-13.716806402564048
5792,-4.24008846282959,-13.565061724066734
5793,-8.52051830291748,-13.57908314359188
5794,-14.578664779663086,-13.613835302710534
5795,-6.028812885284424,-13.610114286780357
5796,-22.637653350830078,-13.684009300589562
5797,-32.78419494628906,-13.798123033881188
5798,-86.93224334716797,-14.11980627477169
5799,-53.80976486206055,-14.314535667777061
5800,-40.79021453857422,-14.45636961209774
5801,-7.456036567687988,-14.427330797553063
5802,-51.12462615966797,-14.576240660071374
5803,-4.196508407592773,-14.362285101294518
5804,-48.950050354003906,-14.528978296637534
5805,-6.570908546447754,-14.516841028571129
5806,-4.911075115203857,-14.524365686774253
5807,-6.953324794769287,-14.553965345978737
5808,-5.459898948669434,-14.571348704457282
5809,-10.58388900756836,-14.572690680623055
5810,-13.390030860900879,-14.590653506398201
5811,-7.753401279449463,-14.583128258824349
5812,0.24731600284576416,-14.50340154516697
5813,1.245311975479126,-14.372077882409096
5814,0.13284200429916382,-14.21855040538311
5815,-3.5328073501586914,-13.894688287615777
5816,-3.3696959018707275,-13.728628756403923
5817,-0.5955759882926941,-13.698975595116615
5818,-7.871252059936523,-13.704306356072426
5819,-12.586668014526367,-13.726038495659829
5820,-8.71910572052002,-13.743948619484902
5821,-33.592254638671875,-13.856278737664223
5822,-46.51250076293945,-14.023597060799599
5823,-44.924922943115234,-14.186274985909462
5824,-43.9894905090332,-14.332426747918129
5825,-5.709693431854248,-14.303543799996376
5826,-8.386466979980469,-14.286865172982216
5827,-3.754395008087158,-14.26090316927433
5828,-6.7810750007629395,-14.260632066369057
5829,-4.14602518081665,-14.279869983077049
5830,-4.720624923706055,-14.295238466858864
5831,-4.326611518859863,-14.317196760773658
5832,-50.11678695678711,-14.520760807156563
5833,-57.06108856201172,-14.729915910840035
5834,-11.999260902404785,-14.774038722395897
5835,-53.62126922607422,-14.931182517409324
5836,-5.81155252456665,-14.929149131178855
5837,0.7824866771697998,-14.607301960349083
5838,-6.086841106414795,-14.4716485465765
5839,1.0899393558502197,-14.310859513640404
5840,-3.882889986038208,-14.144880804419518
5841,-15.097031593322754,-14.174587196707726
5842,-10.359167098999023,-14.181860931754112
5843,-14.062647819519043,-14.224361895918847
5844,-15.411234855651855,-14.086055739760399
5845,-9.823060035705566,-14.104380713820458
5846,-44.02362823486328,-14.252750760436058
5847,-32.011226654052734,-14.359499499678611
5848,-37.5640754699707,-14.48824905526638
5849,-6.921091556549072,-14.46106331193447
5850,-6.101441860198975,-14.254964394927025
5851,-7.2742085456848145,-14.25659492814541
5852,-4.688661575317383,-14.265961140036582
5853,-4.931766510009766,-14.110518833518029
5854,-7.997116565704346,-13.967441534399986
5855,-5.408649921417236,-13.991098414063453
5856,-6.674789905548096,-14.003136157631873
5857,-10.002266883850098,-14.024051177620887
5858,-11.390203475952148,-14.020476798653602
5859,-10.799813270568848,-14.02022236597538
5860,0.2637993395328522,-13.945968720436095
5861,0.8770319819450378,-13.767130392313003
5862,0.9024582505226135,-13.578926458358765
5863,-1.4280472993850708,-13.41919196176529
5864,-44.42965316772461,-13.446384726047516
5865,-12.381896018981934,-13.457620577335359
5866,-12.071420669555664,-13.472790693759919
5867,-14.140386581420898,-13.509920273303985
5868,-62.904319763183594,-13.743526485919952
5869,-43.26109313964844,-13.90537936258316
5870,-43.17047119140625,-14.066391394138336
5871,-40.9616584777832,-14.202848528385163
5872,-39.730648040771484,-14.339211374759675
5873,-8.975850105285645,-14.304563520908356
5874,-7.59297513961792,-14.269709660053254
5875,-50.165550231933594,-14.417170025348664
5876,-50.03587341308594,-14.616713647007943
5877,-4.613483428955078,-14.612928650975228
5878,-50.782073974609375,-14.796023869633675
5879,-50.45523452758789,-14.973574666142463
5880,-8.118160247802734,-14.98998692047596
5881,-16.844680786132812,-15.052230315804481
5882,-14.505123138427734,-15.08635062944889
5883,-11.521474838256836,-15.07409272158146
5884,-5.612961769104004,-15.036339711785317
5885,-8.758525848388672,-14.930157964348792
5886,0.9094780087471008,-14.768168474555015
5887,1.3091939687728882,-14.608316540598869
5888,1.2566519975662231,-14.446291412711144
5889,-2.104137897491455,-14.424037950873375
5890,-1.4175100326538086,-14.39539772260189
5891,-17.77666664123535,-14.450457189917564
5892,-20.95502471923828,-14.50635912168026
5893,-44.404449462890625,-14.668747459769248
5894,-49.90178298950195,-14.849599058508874
5895,-51.44236755371094,-15.033284561514854
5896,-44.71699905395508,-15.189983225226403
5897,-10.482933044433594,-15.155641023993493
5898,-8.082958221435547,-15.117693498969079
5899,-2.749079942703247,-15.06511606156826
5900,-7.1814751625061035,-15.044274693846702
5901,-2.931917905807495,-14.995236202597619
5902,-7.356866836547852,-14.979099087119103
5903,-7.247558116912842,-14.987280847907066
5904,-5.902094841003418,-14.9746482681036
5905,-16.856918334960938,-15.039476773381233
5906,-8.591761589050293,-15.068063291668892
5907,-6.228050708770752,-15.045155693173408
5908,-2.44433856010437,-14.993444583058357
5909,1.369331955909729,-14.826277542710304
5910,1.341521978378296,-14.58535530245304
5911,0.6663699746131897,-14.41986412370205
5912,0.7450299859046936,-14.229369233250617
5913,-3.0275566577911377,-14.211642294049263
5914,-8.390664100646973,-14.2217975846529
5915,-3.2308919429779053,-14.220383019566537
5916,-20.570955276489258,-14.292615896344184
5917,-46.869384765625,-14.46167156803608
5918,-48.33903503417969,-14.629946575284004
5919,-28.281055450439453,-14.717951530575752
5920,-39.5120849609375,-14.853974403500557
5921,-10.806741714477539,-14.855633186459542
5922,-6.266108512878418,-14.82934411251545
5923,-4.916708469390869,-14.825120378613471
5924,-4.472428321838379,-14.845849051833152
5925,-5.91825008392334,-14.866299324154854
5926,-5.376800060272217,-14.881687836289405
5927,-7.429233551025391,-14.915611010670663
5928,-8.463783264160156,-14.951651239752769
5929,-9.94020938873291,-14.992320365309716
5930,-11.222530364990234,-15.020585227370262
5931,-2.062593936920166,-14.991965539336205
5932,-44.787715911865234,-15.15842845094204
5933,1.3553999662399292,-14.999708541750907
5934,1.275696039199829,-14.856874510645866
5935,-0.9726240038871765,-14.800831164956092
5936,0.8151119947433472,-14.672479782223702
5937,-3.9964725971221924,-14.661595105290413
5938,-7.637720584869385,-14.669759987950325
5939,-7.049839973449707,-14.673611847996712
5940,-62.634521484375,-14.913689049839974
5941,-36.83745193481445,-15.04651699078083
5942,-86.0047836303711,-15.364060091137887
5943,-44.112552642822266,-15.51177790081501
5944,-45.84306716918945,-15.677648702740669
5945,-7.830436706542969,-15.6687590123415
5946,-8.412574768066406,-15.65356245625019
5947,-5.24875020980835,-15.653954694867133
5948,-5.059275150299072,-15.679230355381966
5949,-4.62777853012085,-15.702347381711006
5950,-5.70656681060791,-15.716844000935554
5951,-7.491958141326904,-15.749058201432229
5952,-5.133335113525391,-15.774221141934396
5953,-15.245660781860352,-15.83965158522129
5954,-12.66590404510498,-15.893681433320046
5955,-8.670550346374512,-15.921435234665871
5956,-3.0110647678375244,-15.883069997429848
5957,-0.07233799993991852,-15.816408086001873
5958,-0.6669340133666992,-15.656472840487957
5959,0.11182799935340881,-15.475974716722964
5960,1.1933380365371704,-15.315883234083653
5961,-7.43509578704834,-15.311955549299716
5962,-2.3899879455566406,-15.289551698744297
5963,-19.292577743530273,-15.307613519728184
5964,-28.322998046875,-15.389617517530919
5965,-39.49656677246094,-15.546354200661183
5966,-45.94706726074219,-15.7354482563138
5967,-47.72350311279297,-15.932828892529011
5968,-42.669944763183594,-16.108901543438435
5969,-10.897199630737305,-16.15852804595232
5970,-6.698249816894531,-16.19071874123812
5971,-6.6700334548950195,-16.201800902187824
5972,-2.488555908203125,-16.20348342972994
5973,-2.7233500480651855,-16.167786688625814
5974,-3.184117078781128,-16.090815400898457
5975,-4.73319149017334,-15.92272993260622
5976,-49.38274383544922,-15.975770688831807
5977,-12.736741065979004,-15.82759640675783
5978,-55.10068893432617,-15.902848771870136
5979,-11.523372650146484,-15.917522561848164
5980,-50.525123596191406,-16.094661756336688
5981,1.0018919706344604,-16.0635706217885
5982,-3.8232312202453613,-16.05933667975664
5983,0.8549379706382751,-16.026059593737127
5984,-8.098382949829102,-16.044724731981756
5985,-9.98895263671875,-16.063063709795475
5986,-12.88879680633545,-16.088496550142764
5987,-13.935698509216309,-15.911748713076115
5988,-15.079026222229004,-15.75740533310175
5989,-40.472084045410156,-15.890075321733951
5990,-41.0087776184082,-16.0583610163331
5991,-14.95419979095459,-16.12359408766031
5992,-43.652557373046875,-16.30414273315668
5993,-6.979105472564697,-16.33758213096857
5994,-51.69186019897461,-16.54162492376566
5995,-6.046683311462402,-16.539926200926303
5996,-5.044866561889648,-16.502016296446325
5997,-4.261075019836426,-16.426407451689244
5998,-4.370924949645996,-16.358372253477572
5999,-6.533100128173828,-16.21433131414652
6000,-4.8327813148498535,-16.056946222364903
6001,-13.08481502532959,-16.01110025602579
6002,-9.80672836303711,-15.875013662397862
6003,-20.177532196044922,-15.911854623854161
6004,-10.44653034210205,-15.918620245039463
6005,-53.54263687133789,-16.11855236631632
6006,-11.538329124450684,-16.146596248686315
6007,-13.414989471435547,-16.17760240751505
6008,-11.938569068908691,-16.20577305036783
6009,-3.6454861164093018,-16.016412032186985
6010,-14.553565979003906,-16.049950062811373
6011,-13.886249542236328,-16.03879195123911
6012,-15.233475685119629,-16.04573398309946
6013,-31.898277282714844,-16.131152997076512
6014,-33.614295959472656,-16.24861795717478
6015,-84.83039855957031,-16.591614455521107
6016,-33.789093017578125,-16.725975595593454
6017,-9.269816398620605,-16.76205576521158
6018,-7.933741569519043,-16.797025739490987
6019,-4.935341835021973,-16.80319373303652
6020,-7.058841705322266,-16.78070507413149
6021,-5.410600185394287,-16.728537698566914
6022,-6.874133110046387,-16.72499208432436
6023,-4.852466583251953,-16.684567062199115
6024,-3.8067727088928223,-16.337573510944843
6025,-13.414311408996582,-16.17888931065798
6026,-12.198081016540527,-16.05951642781496
6027,-14.6384916305542,-16.087665147602557
6028,-11.082716941833496,-16.09664661580324
6029,-4.867656230926514,-16.08514710789919
6030,1.2183973789215088,-16.06480442506075
6031,0.9843040108680725,-16.032416908800602
6032,-0.6390519738197327,-16.002410483181478
6033,-7.66988468170166,-16.002564055263996
6034,-9.755958557128906,-16.006205920040607
6035,-14.62371826171875,-16.018393999874593
6036,-18.002981185913086,-16.077652354061602
6037,-46.64017868041992,-16.228648333370685
6038,-48.34568405151367,-16.419889794886114
6039,-52.06924057006836,-16.629960221111773
6040,-47.500247955322266,-16.817287509024144
6041,-6.346168041229248,-16.84542716509104
6042,-52.25714111328125,-17.037495375692846
6043,-7.354374885559082,-17.032830802023412
6044,-4.981925010681152,-16.994443842947483
6045,-4.80934476852417,-16.98956597048044
6046,-5.14680814743042,-16.919602589666844
6047,-6.081291675567627,-16.81279097658396
6048,-7.1004414558410645,-16.49346376901865
6049,-6.90262508392334,-16.3058352099061
6050,-5.657599925994873,-16.165304751455785
6051,-18.00937843322754,-16.207518118917942
6052,-13.8440523147583,-16.058395823538305
6053,-0.5569419860839844,-16.043837557852267
6054,0.389984667301178,-15.846477417767048
6055,0.11672600358724594,-15.819726879566907
6056,1.1923739910125732,-15.795313083142043
6057,-0.17682600021362305,-15.76820708796382
6058,-3.1957221031188965,-15.759150380581618
6059,0.31134599447250366,-15.715569440573454
6060,-8.891632080078125,-15.697575845450164
6061,-12.602435111999512,-15.716971980780363
6062,-6.284836769104004,-15.743100591868162
6063,-40.549224853515625,-15.910278739184141
6064,-16.288633346557617,-15.975964640587568
6065,-43.89753723144531,-16.137423560112715
6066,-37.90278244018555,-16.275555906265975
6067,-9.503707885742188,-16.311188433855772
6068,-6.405533313751221,-16.30532555887103
6069,-6.45704984664917,-16.280807086199523
6070,-6.261724948883057,-16.270977563112975
6071,-3.8416082859039307,-16.1519749777019
6072,-6.785516738891602,-15.99306704160571
6073,-7.049958229064941,-15.84156718274951
6074,-2.8908119201660156,-15.67717246839404
6075,-11.698036193847656,-15.701125839442014
6076,-7.450204849243164,-15.697380790919066
6077,-8.096556663513184,-15.71474943754077
6078,0.6621819734573364,-15.68497640964389
6079,1.0059839487075806,-15.664368373125791
6080,-0.11506199836730957,-15.645946121424437
6081,-1.2239539623260498,-15.633535491198302
6082,-1.15010404586792,-15.437668759554624
6083,-4.23334264755249,-15.226357775896787
6084,-3.4808595180511475,-15.192284170359374
6085,-9.048649787902832,-15.013993692606688
6086,-3.5264298915863037,-15.004853202074766
6087,-7.890126705169678,-15.039543655604124
6088,-35.990535736083984,-15.159158434122801
6089,-42.244529724121094,-15.332496310442686
6090,-33.64456558227539,-15.451543012827635
6091,-10.697975158691406,-15.43394678708911
6092,-4.141573429107666,-15.409076412409544
6093,-6.688016891479492,-15.379577888697385
6094,-4.235183238983154,-15.334873682230711
6095,-3.9350950717926025,-15.31132182237506
6096,-6.23182487487793,-15.160154608935118
6097,-6.859616756439209,-15.059548169344664
6098,-7.185483455657959,-14.938033801287412
6099,-16.265430450439453,-14.975411156862974
6100,-7.716489791870117,-14.981871348589658
6101,-6.149883270263672,-14.977374047487974
6102,0.6023079752922058,-14.956210169285535
6103,-0.7990260124206543,-14.93967920729518
6104,0.9812520146369934,-14.903765732973813
6105,0.9689040184020996,-14.878255517214537
6106,-0.4649220108985901,-14.853416045635939
6107,0.4078719913959503,-14.811775490134954
6108,-2.9269933700561523,-14.777922649711371
6109,-10.86782455444336,-14.778194694846869
6110,-17.554494857788086,-14.849467871636152
6111,-37.13378143310547,-15.001511125296354
6112,-40.48228073120117,-15.16705008122325
6113,-38.91668701171875,-15.317004640072584
6114,-37.00122833251953,-15.287290940731763
6115,-4.017958164215088,-15.253835189312696
6116,-5.489683151245117,-15.227508239239453
6117,-2.3174359798431396,-15.180216436833144
6118,-7.76485013961792,-14.95965855833888
6119,-6.4544501304626465,-14.812431986302137
6120,-3.06337308883667,-14.652003593891859
6121,-7.778066635131836,-14.519269226521253
6122,-5.328591823577881,-14.381661001652478
6123,-11.361289024353027,-14.391202757328749
6124,-10.49975299835205,-14.402829868763686
6125,-51.66029739379883,-14.408808857411147
6126,-1.4318252801895142,-14.214392664879561
6127,1.20769202709198,-14.191107963055373
6128,-0.5681999921798706,-13.990252467125654
6129,0.3165600001811981,-13.787165289014577
6130,0.8954820036888123,-13.751110720008612
6131,-2.7998006343841553,-13.694931199401617
6132,-4.121143817901611,-13.653395282119513
6133,-10.007074356079102,-13.647337680190802
6134,-19.58777618408203,-13.703236937850713
6135,-18.129384994506836,-13.740720374435186
6136,-39.48991775512695,-13.902317957490682
6137,-48.223323822021484,-14.10044802865386
6138,-31.713726043701172,-14.23232954081893
6139,-52.55440902709961,-14.434130625337362
6140,-8.132316589355469,-14.460989851564168
6141,-4.625394821166992,-14.408384764283895
6142,-49.11612319946289,-14.521029158204794
6143,-7.153633117675781,-14.372025892823935
6144,-4.954841613769531,-14.192238127321005
6145,-5.140091896057129,-14.00702902469039
6146,-4.194878101348877,-13.844940540879964
6147,-11.80013656616211,-13.850209354966879
6148,-14.92047119140625,-13.877559406846762
6149,-9.611526489257812,-13.90500919303298
6150,0.47523799538612366,-13.87438234040141
6151,0.12759199738502502,-13.862144300788641
6152,-1.0680299997329712,-13.83698895344138
6153,1.0243079662322998,-13.803901489108801
6154,0.736162006855011,-13.777348461717366
6155,-3.0870120525360107,-13.722268836587668
6156,-7.981120586395264,-13.719826272577047
6157,-10.506997108459473,-13.736942058175803
6158,-16.07484245300293,-13.791464073747397
6159,-16.818416595458984,-13.864215067952872
6160,-44.355682373046875,-14.047003885358572
6161,-26.472244262695312,-14.155558342307806
6162,-44.06663131713867,-14.334804987519979
6163,-7.789383411407471,-14.353852294534445
6164,-6.021058559417725,-14.344373872369529
6165,-4.530819892883301,-14.34957358416915
6166,-4.826250076293945,-14.286594763368369
6167,-4.8973164558410645,-14.118706490129233
6168,-6.448275089263916,-13.95114345034957
6169,-4.984741687774658,-13.85795819529891
6170,-4.816278457641602,-13.719174969285726
6171,-12.490747451782227,-13.725910992234946
6172,-9.536513328552246,-13.73899261149764
6173,-5.366093158721924,-13.740790150254965
6174,-44.95261764526367,-13.902710907548666
6175,1.0514500141143799,-13.874832107156514
6176,1.191275954246521,-13.848559803098441
6177,-0.9549379944801331,-13.82266262087226
6178,1.1131919622421265,-13.78435471996665
6179,0.4798719882965088,-13.742674394458533
6180,-8.314723014831543,-13.731043165057898
6181,-14.269331932067871,-13.779870117038488
6182,-15.781559944152832,-13.663845493167639
6183,-35.95655059814453,-13.813093295425176
6184,-27.266103744506836,-13.927260494560004
6185,-40.95380401611328,-14.087185214608908
6186,-81.5191421508789,-14.416522231191397
6187,-8.054583549499512,-14.432754675000906
6188,-7.754016876220703,-14.43321986016631
6189,-4.530386447906494,-14.423142046064138
6190,-4.162708282470703,-14.189254793256522
6191,-50.00164031982422,-14.24191154679656
6192,-6.905116558074951,-13.925512878507377
6193,-4.640128135681152,-13.767623180478811
6194,-8.650908470153809,-13.61885454568267
6195,-16.578636169433594,-13.653847343534231
6196,-10.634720802307129,-13.662735927671195
6197,-8.168814659118652,-13.674416185468436
6198,-2.4485225677490234,-13.663973175138235
6199,-46.839820861816406,-13.832821344465017
6200,-46.19415283203125,-13.99477168855071
6201,-3.6076760292053223,-13.979234560102224
6202,-7.248916149139404,-13.98769688424468
6203,-3.8014414310455322,-13.941920006841421
6204,-54.153717041015625,-14.107871258825064
6205,-13.693716049194336,-14.127963921636344
6206,-20.639724731445312,-14.198478561490774
6207,-39.724178314208984,-14.357085922747851
6208,-39.43183898925781,-14.512145542651416
6209,-41.97701644897461,-14.680500920444727
6210,-27.648679733276367,-14.795868991523982
6211,-7.237424850463867,-14.795078307777644
6212,-6.016725063323975,-14.809585256248713
6213,-49.737308502197266,-14.931364179283381
6214,-7.330216884613037,-14.847393054634333
6215,-7.083974838256836,-14.717742686897516
6216,-4.725164890289307,-14.552855077415705
6217,-4.7789082527160645,-14.381076697975397
6218,-5.881741523742676,-14.233923885017633
6219,-16.21086311340332,-14.255178538948298
6220,-15.966397285461426,-14.292251128822565
6221,-7.386882781982422,-14.295118526130915
6222,-7.7852702140808105,-14.316305383354425
6223,-0.8196920156478882,-14.308690751224756
6224,-5.3856892585754395,-14.317497039943934
6225,-8.153472900390625,-14.331178165584802
6226,-11.177371978759766,-14.178356678158044
6227,-1.6442960500717163,-14.133986898094415
6228,-14.355576515197754,-13.971006448417903
6229,-16.645671844482422,-13.991495645195245
6230,-8.038164138793945,-13.821547807365656
6231,-42.84214401245117,-13.996923951298
6232,-46.231868743896484,-14.166558501392602
6233,-47.282127380371094,-14.35910676279664
6234,-45.30663299560547,-14.507939762979746
6235,-10.673816680908203,-14.510679219156504
6236,-8.586233139038086,-14.493468964487315
6237,-5.639891624450684,-14.460285736948252
6238,-2.01611590385437,-14.408034095674752
6239,-6.441233158111572,-14.271910692125559
6240,-6.874566555023193,-14.13537384787202
6241,-6.725283145904541,-14.10245818129182
6242,-5.0967583656311035,-13.948234985262156
6243,-15.452934265136719,-13.982130300432443
6244,-10.689139366149902,-13.818119417101144
6245,-10.434382438659668,-13.835670213609934
6246,-3.1200966835021973,-13.827971134096384
6247,-8.676130294799805,-13.845631355196238
6248,-2.0925559997558594,-13.836517879396677
6249,-4.1804094314575195,-13.827107116609811
6250,-1.4502860307693481,-13.81357713547349
6251,-7.937702655792236,-13.79298868599534
6252,-1.518064022064209,-13.759834028631449
6253,-14.433444023132324,-13.736857675939799
6254,-15.274577140808105,-13.756169863134623
6255,-31.2031307220459,-13.666811838537454
6256,-41.688148498535156,-13.787411116033793
6257,-16.315675735473633,-13.799013861089945
6258,-42.65771484375,-13.92189044418931
6259,-6.794558525085449,-13.934486733824015
6260,-5.310283184051514,-13.897513602644205
6261,-3.918416738510132,-13.8576422714293
6262,-6.572208404541016,-13.822997202306986
6263,-6.348283290863037,-13.72079722633958
6264,-3.5770583152770996,-13.600648275762797
6265,-4.853983402252197,-13.280742615133525
6266,-7.498133182525635,-13.175578775793314
6267,-12.78487777709961,-13.18963902130723
6268,-15.792329788208008,-13.221073374181985
6269,-2.0857861042022705,-13.209675151258708
6270,-7.28797721862793,-13.21059169331193
6271,-0.4254699945449829,-13.190651172548533
6272,0.2775619924068451,-13.16204439213872
6273,0.9018840193748474,-13.139026989728212
6274,0.6681339740753174,-13.12112736299634
6275,-7.560252666473389,-13.097711128026248
6276,-6.987281322479248,-13.076867929250001
6277,-10.407195091247559,-13.059942743092776
6278,-17.787370681762695,-13.086761358052492
6279,-32.15452194213867,-13.19590882089734
6280,-35.17716979980469,-13.341491089612246
6281,-34.14198684692383,-13.481996253043413
6282,-31.363616943359375,-13.604894512921572
6283,-6.804850101470947,-13.601434374600649
6284,-5.517416477203369,-13.584480206280947
6285,-6.865358352661133,-13.553446766644717
6286,-6.73199987411499,-13.508362841397524
6287,-4.992541790008545,-13.341772293835879
6288,-4.907175064086914,-13.168018257886171
6289,-5.107158184051514,-12.980169928342104
6290,-7.9494500160217285,-12.821966736584901
6291,-14.927136421203613,-12.8562906101048
6292,-16.111852645874023,-12.71170945623517
6293,-14.064233779907227,-12.738548891812563
6294,-12.32925033569336,-12.767938193112611
6295,-0.7092239856719971,-12.751537709981204
6296,0.2541959881782532,-12.729933693438769
6297,0.10903599858283997,-12.705172382742166
6298,-7.812002182006836,-12.70801862564683
6299,-13.22454833984375,-12.733306318670511
6300,-3.1146860122680664,-12.723134663015603
6301,-17.236553192138672,-12.720043362051248
6302,-8.712459564208984,-12.699516991049052
6303,-40.64188003540039,-12.859856743246317
6304,-35.327781677246094,-13.002727808624506
6305,-51.635658264160156,-13.209737345695496
6306,-44.75246810913086,-13.39351671409607
6307,-10.17786693572998,-13.433520877838134
6308,-8.489058494567871,-13.45469422340393
6309,-4.685308456420898,-13.474680841207505
6310,-2.9235715866088867,-13.450808599233627
6311,-7.217225074768066,-13.429267759084702
6312,-4.951700210571289,-13.423935212850571
6313,-4.520961761474609,-13.279822160482407
6314,-50.46368408203125,-13.416522363424301
6315,-58.97085952758789,-13.476815652608872
6316,-16.757200241088867,-13.392233323812485
6317,-9.732745170593262,-13.393149472951889
6318,-50.44881820678711,-13.569322612524033
6319,0.9075220227241516,-13.539864325046539
6320,1.0587060451507568,-13.510582601070404
6321,0.6210579872131348,-13.492731935977936
6322,-5.343481540679932,-13.486963795185089
6323,-1.325805425643921,-13.464067183971405
6324,-51.799625396728516,-13.659702437877655
6325,-14.851524353027344,-13.672316390514373
6326,-19.517541885375977,-13.720585738658905
6327,-27.143280029296875,-13.796772632122039
6328,-39.564395904541016,-13.957678943634033
6329,-84.79448699951172,-14.30088082742691
6330,-39.64286804199219,-14.45899205160141
6331,-10.085675239562988,-14.494438936710358
6332,-8.269466400146484,-14.522916386127472
6333,-4.281225204467773,-14.523107916355134
6334,-6.376016616821289,-14.534688544750214
6335,-2.5901267528533936,-14.508854452610016
6336,-50.20541763305664,-14.695570403575898
6337,-7.652400016784668,-14.694619496822357
6338,-5.3780999183654785,-14.572169753551483
6339,-14.49514102935791,-14.46117219877243
6340,-15.792736053466797,-14.389764880657196
6341,-7.894517421722412,-14.37855104970932
6342,-5.731133937835693,-14.384909291744233
6343,-4.3748040199279785,-14.375656440258027
6344,1.0326240062713623,-14.354585211277008
6345,0.4663900136947632,-14.336979270935059
6346,0.33385199308395386,-14.310716563463211
6347,-4.152974605560303,-14.299889994859695
6348,-4.635062217712402,-14.289688309907913
6349,-12.480091094970703,-14.274546952486038
6350,-19.046567916870117,-14.319867264986039
6351,-32.376190185546875,-14.424772492647172
6352,-41.05887222290039,-14.591417213439941
6353,-41.374969482421875,-14.753720987319946
6354,-38.05263137817383,-14.90985652089119
6355,-5.374477863311768,-14.935230048418045
6356,-8.76444149017334,-14.968428126335144
6357,-7.405941486358643,-14.999683380246163
6358,-3.39862322807312,-15.00156989967823
6359,-49.92039108276367,-15.157780165791511
6360,-5.171291828155518,-15.108247353672981
6361,-7.001533508300781,-14.987718361973762
6362,-6.124625205993652,-14.850287739872932
6363,-14.375144004821777,-14.752121567845345
6364,-11.080588340759277,-14.648439007878304
6365,-9.199979782104492,-14.669167094349861
6366,0.5949100255966187,-14.644828721642494
6367,1.190951943397522,-14.63079516994953
6368,1.0220659971237183,-14.595647505402566
6369,1.0882012844085693,-14.56547689974308
6370,1.0460213422775269,-14.549039322018624
6371,-2.898730754852295,-14.529521978497506
6372,-9.888843536376953,-14.547762985348701
6373,-11.037711143493652,-14.546468673825263
6374,-20.474088668823242,-14.58636601650715
6375,-26.251293182373047,-14.484729999661445
6376,-45.11245346069336,-14.659452512383462
6377,-38.894962310791016,-14.819863129734992
6378,-43.16444778442383,-14.990248120903969
6379,-9.921875,-15.031201860904694
6380,-5.826491832733154,-15.058089756250382
6381,-2.439218282699585,-15.056647426843643
6382,-7.337583541870117,-15.069513185739517
6383,-6.633091449737549,-15.05601725411415
6384,-5.032408237457275,-14.997795782327652
6385,-3.1577839851379395,-14.937909378290176
6386,-5.887141227722168,-14.803498272180557
6387,-15.010592460632324,-14.670647346735
6388,-16.262197494506836,-14.608841232538223
6389,-9.719535827636719,-14.437501739740371
6390,-53.70322799682617,-14.619785385370255
6391,-12.730237007141113,-14.652204754114152
6392,-5.466794490814209,-14.477607439279556
6393,-9.409281730651855,-14.48663003373146
6394,-7.986395835876465,-14.498756250619888
6395,-13.019357681274414,-14.530273313760757
6396,-9.878310203552246,-14.55300704216957
6397,-60.52983093261719,-14.747925819635391
6398,-18.27981185913086,-14.76136318230629
6399,-38.910037994384766,-14.878557228326798
6400,-42.232818603515625,-15.049389454722405
6401,-50.674957275390625,-15.252599651813506
6402,-38.982177734375,-15.404256242752075
6403,-8.6472749710083,-15.442942574501037
6404,-51.709190368652344,-15.652723984003067
6405,-5.699416637420654,-15.663173602342606
6406,-50.0366325378418,-15.831395650148393
6407,-5.5175251960754395,-15.811437762498855
6408,-5.2917585372924805,-15.768305426836013
6409,-8.416583061218262,-15.73469809269905
6410,-8.538427352905273,-15.591429072618485
6411,-16.894569396972656,-15.553118373155593
6412,-15.664196968078613,-15.439508635759355
6413,-12.632322311401367,-15.45888039135933
6414,0.08773799985647202,-15.434445205122232
6415,1.2547266483306885,-15.411303018957376
6416,1.36204195022583,-15.386549850851297
6417,0.4418039917945862,-15.365193369060755
6418,0.932889997959137,-15.335668708711863
6419,-6.911109447479248,-15.34337417975068
6420,-11.064589500427246,-15.368367423921823
6421,-15.956962585449219,-15.382232284456492
6422,-22.44996452331543,-15.433886089235545
6423,-46.003108978271484,-15.596434152513742
6424,-46.80890655517578,-15.60385930815339
6425,-44.32269287109375,-15.785355879694224
6426,-20.35931968688965,-15.871558262258768
6427,-6.403497219085693,-15.89335249915719
6428,-8.798674583435059,-15.9329999653399
6429,-7.471266746520996,-15.96480452027917
6430,-4.170616626739502,-15.948228094726801
6431,-3.6618833541870117,-15.905798300415277
6432,-6.563650131225586,-15.868926661163568
6433,-4.009633541107178,-15.741138992935419
6434,-7.187806129455566,-15.660825802475214
6435,-15.59112548828125,-15.559375088363886
6436,-12.455206871032715,-15.2831193472445
6437,-7.828788757324219,-15.2822161680758
6438,-7.144965171813965,-15.279779961258173
6439,-2.908086061477661,-15.273290759712458
6440,0.9459180235862732,-15.25285625448823
6441,-3.0413272380828857,-15.065015002161264
6442,-1.2451900243759155,-15.042375296026469
6443,-3.267836570739746,-15.036886129766703
6444,-7.998095512390137,-15.034274877935648
6445,-2.7531421184539795,-14.97897290173173
6446,-24.692502975463867,-15.035204030424357
6447,-40.918521881103516,-15.166202859312296
6448,-18.988750457763672,-15.232363770872354
6449,-46.95140075683594,-15.232810090452432
6450,-32.35123825073242,-15.177438432127238
6451,-7.4071831703186035,-15.192636460691691
6452,-8.149974822998047,-15.196240695387125
6453,-4.002803325653076,-15.197046142965554
6454,-7.462708473205566,-15.010282108694314
6455,-6.6597418785095215,-14.982146212011576
6456,-4.432458400726318,-14.9173171466887
6457,-6.872725009918213,-14.785911333471537
6458,-7.678102493286133,-14.65889638748765
6459,-2.3831660747528076,-14.500520985990763
6460,-13.261850357055664,-14.44297366848588
6461,-10.52905559539795,-14.456140191465616
6462,-1.6937066316604614,-14.438848117738962
6463,1.2415679693222046,-14.234932611852884
6464,0.6692860126495361,-14.202934600263834
6465,-5.161335468292236,-14.195244042783976
6466,0.39392200112342834,-14.174767695218325
6467,-0.21433399617671967,-14.156509398192167
6468,-7.523528099060059,-14.163076544493437
6469,-11.148724555969238,-14.1428279902637
6470,-19.0672550201416,-14.155231421202421
6471,-39.76408004760742,-14.284740210264921
6472,-46.183990478515625,-14.43833509132266
6473,-24.844472885131836,-14.534434214800596
6474,-41.9532585144043,-14.680704491823912
6475,-9.636199951171875,-14.686635400027036
6476,-8.289074897766113,-14.675082211703062
6477,-3.4874515533447266,-14.682454833716154
6478,-49.15382385253906,-14.82164782306552
6479,-7.4233832359313965,-14.784758668631316
6480,-7.415908336639404,-14.782269645422698
6481,-4.7417402267456055,-14.629868030279875
6482,-8.493440628051758,-14.478914317816496
6483,-11.61099910736084,-14.336229804724455
6484,-7.66447114944458,-14.185661157339812
6485,-3.6757960319519043,-14.157669074743986
6486,0.15995000302791595,-14.122684342175722
6487,0.7762420177459717,-14.097019807606936
6488,1.3737499713897705,-14.083460344105958
6489,1.275804042816162,-14.052592195302248
6490,-44.27472686767578,-14.20219283655286
6491,-4.762045383453369,-14.194339885503053
6492,-5.455459117889404,-14.195774688512087
6493,-9.912015914916992,-14.173611015111208
6494,-16.64697265625,-14.197442348271608
6495,-45.31328201293945,-14.336957946568727
6496,-43.17534637451172,-14.497178945332765
6497,-49.759029388427734,-14.661510541707278
6498,-40.917449951171875,-14.816810117512942
6499,-10.568733215332031,-14.842363412648439
6500,-4.869454860687256,-14.856040087968111
6501,-49.68455123901367,-15.023027482300996
6502,-50.322200775146484,-15.218244029313325
6503,-4.64240837097168,-15.179079886704683
6504,-4.97130823135376,-15.137866811066866
6505,-6.052366733551025,-15.037263755112887
6506,-50.54541015625,-15.072692801743745
6507,-55.460269927978516,-15.229271178513766
6508,-6.135404586791992,-15.083181937485934
6509,-5.6458940505981445,-15.078587279587984
6510,1.544867992401123,-15.051166674882174
6511,1.4954760074615479,-15.029511103898287
6512,1.3778460025787354,-14.997710886269807
6513,0.7268139719963074,-14.969410497218371
6514,0.2913866639137268,-14.953936717301607
6515,-46.961334228515625,-15.12236612060666
6516,-6.654714584350586,-15.11899244621396
6517,-13.935383796691895,-15.12359447029233
6518,-18.013505935668945,-15.132479174882173
6519,-38.419708251953125,-15.277814863473177
6520,-50.23649978637695,-15.449608953744173
6521,-52.340118408203125,-15.657267547398806
6522,-47.37434005737305,-15.847875155597926
6523,-11.090250015258789,-15.89584369173646
6524,-4.252280235290527,-15.915525348573922
6525,-4.822350025177002,-15.904573738008738
6526,-49.825599670410156,-16.075927011400463
6527,-5.301291465759277,-16.05550339689851
6528,-4.603733539581299,-16.002768848329783
6529,-5.946199893951416,-15.897935560137034
6530,-6.1451616287231445,-15.781807527452708
6531,-12.909391403198242,-15.696877145677805
6532,-11.378740310668945,-15.616937639147043
6533,-2.2650558948516846,-15.598778462320567
6534,1.5506099462509155,-15.57050635662675
6535,0.8586639761924744,-15.539610267311335
6536,1.2884759902954102,-15.507528363853693
6537,1.1295080184936523,-15.483040164619684
6538,0.9119679927825928,-15.459763592392207
6539,0.15904128551483154,-15.438698794513941
6540,-52.29080581665039,-15.616064217716456
6541,-56.33205032348633,-15.781683873325587
6542,-21.106157302856445,-15.801661091953516
6543,-43.93185806274414,-15.921131589084863
6544,-37.475162506103516,-16.021715237766504
6545,-93.1065444946289,-16.391304519802333
6546,-47.88240051269531,-16.583850905805825
6547,-8.135936737060547,-16.6168307967484
6548,-7.061924934387207,-16.61383048775792
6549,-4.5056915283203125,-16.578955060511827
6550,-5.318516731262207,-16.587770383387802
6551,-49.71672439575195,-16.717691068202257
6552,-7.383083343505859,-16.712373563319446
6553,-8.11465835571289,-16.582264676600694
6554,-4.955014228820801,-16.460773606806992
6555,-17.44384765625,-16.324006364375354
6556,-10.922510147094727,-16.188686532527207
6557,-11.772701263427734,-16.195065869838
6558,-3.2895700931549072,-16.17426791623235
6559,0.8689820170402527,-16.152050754338504
6560,0.9121379852294922,-16.13670791605115
6561,0.34198999404907227,-16.10647105577588
6562,0.9039379954338074,-16.08304850295186
6563,0.6370859742164612,-16.062416312009095
6564,-6.100078105926514,-15.884961888104677
6565,-8.93578815460205,-15.684821602612734
6566,-18.056617736816406,-15.690019272595643
6567,-37.893028259277344,-15.80266040495038
6568,-88.58232879638672,-15.955194447308779
6569,-44.953556060791016,-16.138638759642838
6570,-39.52804183959961,-16.30098575118184
6571,-10.250666618347168,-16.344472649604082
6572,-7.0009284019470215,-16.35110243704915
6573,-6.848891735076904,-16.373194782286884
6574,-5.14995002746582,-16.18659608080983
6575,-7.56790018081665,-16.157461584120988
6576,-5.17140007019043,-16.100077016860247
6577,-7.9451165199279785,-16.02328436282277
6578,-6.07656717300415,-15.889333047896624
6579,-14.706531524658203,-15.60898122599721
6580,-1.6195060014724731,-15.456887777835131
6581,-2.185023307800293,-15.42528517010808
6582,-2.469496011734009,-15.40208528855443
6583,-0.1647219955921173,-15.385619275718927
6584,-1.5969280004501343,-15.366502921253442
6585,-1.043030023574829,-15.360314534336329
6586,1.2922379970550537,-15.154323911815881
6587,1.095497965812683,-15.119332319885492
6588,-9.086299896240234,-15.134165119796991
6589,-15.421360969543457,-15.137869999557733
6590,-16.710811614990234,-15.141542301803828
6591,-20.08090591430664,-15.190287855774164
6592,-43.39568328857422,-15.340946053177118
6593,-44.03718566894531,-15.499595579773187
6594,-40.01526641845703,-15.6637871414721
6595,-8.473074913024902,-15.69954500117898
6596,-6.45341682434082,-15.726694076448679
6597,-3.9432249069213867,-15.725855077654124
6598,-6.674691677093506,-15.734013595491648
6599,-6.729183197021484,-15.711009963899851
6600,-6.67068338394165,-15.661506425768136
6601,-6.703508377075195,-15.55881569853425
6602,-2.9021639823913574,-15.406188865572215
6603,-12.847193717956543,-15.292077762514353
6604,-4.789297103881836,-15.159024425417185
6605,-4.013088703155518,-15.15357886877656
6606,0.7605466842651367,-15.115478916078805
6607,1.3642380237579346,-15.08039819803834
6608,0.10460200160741806,-15.066385297119618
6609,1.168470025062561,-14.862029852688313
6610,1.0806913375854492,-14.837021920025348
6611,1.129457950592041,-14.804497954189777
6612,-9.016129493713379,-14.816063971340656
6613,-2.70798397064209,-14.769395331203938
6614,-19.024742126464844,-14.80117194634676
6615,-34.66910934448242,-14.90304846459627
6616,-38.5416259765625,-15.059594608604908
6617,-36.440670013427734,-15.210121096432209
6618,-42.00601577758789,-15.382233423531055
6619,-4.9082417488098145,-15.40621919566393
6620,-5.95074987411499,-15.4342062805295
6621,-3.6553986072540283,-15.437232951939105
6622,-49.08492660522461,-15.594017284214496
6623,-49.53223419189453,-15.7479953764081
6624,-4.489983558654785,-15.684058955967426
6625,-49.66830062866211,-15.777726985752583
6626,-49.972835540771484,-15.797168514072895
6627,-11.428808212280273,-15.687303897678852
6628,-8.82730770111084,-15.549955337345601
6629,-48.210533142089844,-15.70310996991396
6630,-44.34773254394531,-15.857194932758809
6631,0.45788198709487915,-15.84560653167963
6632,1.2832560539245605,-15.811123173296451
6633,1.214460015296936,-15.779732967436313
6634,1.1836260557174683,-15.754868830263614
6635,-0.41271331906318665,-15.743888547599315
6636,-4.963794708251953,-15.740195161521434
6637,-13.320317268371582,-15.733434060752392
6638,-16.062744140625,-15.732636247336865
6639,-34.78038787841797,-15.832879655539989
6640,-37.75204849243164,-15.769074937522412
6641,-44.96836853027344,-15.898027463614941
6642,-39.84254837036133,-16.03553047913313
6643,-13.013166427612305,-16.04994601792097
6644,-7.99310827255249,-16.049972867667677
6645,-6.792341709136963,-16.025064803779124
6646,-7.436600208282471,-16.015297963798044
6647,-5.091125011444092,-15.793543140113353
6648,-7.277458190917969,-15.749533725440502
6649,-7.480258464813232,-15.623814607322217
6650,-8.1947021484375,-15.487662141501904
6651,-16.894081115722656,-15.352538636863232
6652,-2.4120640754699707,-15.20625818222761
6653,-10.126227378845215,-15.21217399185896
6654,-1.311028003692627,-15.01058134239912
6655,0.7408360242843628,-14.9848203317523
6656,1.3077000379562378,-14.779443001449108
6657,1.287287950515747,-14.752223748862743
6658,-1.7215993404388428,-14.737943112075328
6659,-8.799507141113281,-14.73947480839491
6660,-8.997926712036133,-14.741312805831432
6661,-9.49576187133789,-14.711717575728894
6662,-13.955227851867676,-14.70488169926405
6663,-36.541751861572266,-14.800519417464733
6664,-43.43026351928711,-14.974591423541307
6665,-43.95295333862305,-15.155422143489123
6666,-48.5584831237793,-15.355104243785142
6667,-10.638825416564941,-15.399426761418582
6668,-10.205708503723145,-15.44398115542531
6669,-7.087008476257324,-15.444684751540423
6670,-7.8544416427612305,-15.431844160109758
6671,-5.69486665725708,-15.39079577639699
6672,-5.362174987792969,-15.3224446182549
6673,-7.6702752113342285,-15.169113283187151
6674,-3.4388558864593506,-14.995633080512285
6675,-11.468096733093262,-14.864214695960284
6676,-16.57877540588379,-14.84909251883626
6677,-10.887799263000488,-14.86702972701192
6678,-6.44257116317749,-14.85760531333089
6679,-3.0165374279022217,-14.839786396056414
6680,0.4832940101623535,-14.821170753508806
6681,1.3960260152816772,-14.800939116030932
6682,-5.1511945724487305,-14.795289293795824
6683,-4.330093860626221,-14.7965711350739
6684,-2.3259499073028564,-14.77712371018529
6685,-16.322973251342773,-14.780051101237536
6686,-17.2645320892334,-14.799288402110339
6687,-37.893028259277344,-14.919545360118152
6688,-49.252742767333984,-15.08797647050023
6689,-29.165115356445312,-15.193004587680102
6690,-46.76253890991211,-15.383838415414095
6691,-10.327692031860352,-15.412983874589205
6692,-8.841358184814453,-15.443368547230959
6693,-7.639725208282471,-15.460856101781129
6694,-4.691374778747559,-15.44762921884656
6695,-8.095049858093262,-15.468996849805116
6696,-2.7811338901519775,-15.381351373463868
6697,-5.452199935913086,-15.239486085683108
6698,-6.1063642501831055,-15.187956540852785
6699,-10.771714210510254,-15.043237794667482
6700,-7.894887924194336,-14.94541239336133
6701,-2.4624392986297607,-14.925633417874575
6702,1.5260039567947388,-14.886929502755404
6703,0.08848199993371964,-14.870564361453056
6704,-1.623595952987671,-14.847207911372184
6705,-0.7564799785614014,-14.823594863772392
6706,0.8166339993476868,-14.802598494172097
6707,-0.5253446698188782,-14.7772089728117
6708,-10.170522689819336,-14.787178653597831
6709,-12.548014640808105,-14.827838047862054
6710,-17.13343048095703,-14.843324368357658
6711,-39.844581604003906,-14.960586472392082
6712,-43.159385681152344,-15.12644918859005
6713,-42.89250183105469,-15.302985467791558
6714,-39.1232795715332,-15.462155730128288
6715,-6.107491493225098,-15.46594035422802
6716,-8.615699768066406,-15.50197884130478
6717,-4.984958171844482,-15.521061338007451
6718,-5.467258453369141,-15.512836259424686
6719,-3.3368337154388428,-15.481588696062564
6720,-8.702692031860352,-15.44013044410944
6721,-3.215939998626709,-15.293937883913516
6722,-3.48702335357666,-15.123150015413762
6723,-5.100008487701416,-15.04417215782404
6724,-7.030783176422119,-14.904482256472111
6725,-4.536349773406982,-14.88408285576105
6726,-4.779661655426025,-14.87004520279169
6727,-8.006324768066406,-14.888120695650578
6728,-22.94526481628418,-14.783286459505558
6729,-17.349016189575195,-14.822988991320134
6730,-11.25137710571289,-14.838330866396428
6731,-11.63521957397461,-14.865904783785343
6732,-0.4739699959754944,-14.833826901257039
6733,-5.705435276031494,-14.810204645931721
6734,0.001500666723586619,-14.779540758667048
6735,-2.572582721710205,-14.775127905426082
6736,-3.4248785972595215,-14.78946721982723
6737,-7.985695838928223,-14.824514971253928
6738,-13.79973030090332,-14.8852088923431
6739,-16.995708465576172,-14.95829494237667
6740,-34.327301025390625,-14.918505239007528
6741,-24.044158935546875,-14.995633693215902
6742,-44.1413688659668,-15.150377332208212
6743,-37.676239013671875,-15.261434224603232
6744,-10.155008316040039,-15.235466367242392
6745,-6.267516613006592,-15.07928330564266
6746,-4.8512749671936035,-14.925987020013388
6747,-4.7452168464660645,-14.74593176984554
6748,-6.816391468048096,-14.609527535913047
6749,-3.4483482837677,-14.58104599618679
6750,-5.637883186340332,-14.584119709489402
6751,-5.767341613769531,-14.408450870988425
6752,-59.252220153808594,-14.444170948503073
6753,-17.785877227783203,-14.49674482393032
6754,-12.731863021850586,-14.527787043092307
6755,-11.345890045166016,-14.548961136338766
6756,-4.175227165222168,-14.363480404374656
6757,-1.6527040004730225,-14.148250140664633
6758,-4.926263809204102,-14.143413577554282
6759,-3.7866299152374268,-14.13597652101284
6760,-7.268956661224365,-14.17123181962734
6761,-10.877224922180176,-14.220722623345909
6762,-2.863234043121338,-14.237686943528708
6763,-15.71170711517334,-14.303441027877387
6764,-32.14823532104492,-14.433199515817222
6765,-35.67015838623047,-14.388034812448081
6766,-40.40673065185547,-14.523042876718101
6767,-45.39884567260742,-14.648896724221762
6768,-7.7527666091918945,-14.607853766915854
6769,-6.157016754150391,-14.478803000924643
6770,-3.518986701965332,-14.291932948586997
6771,-5.093291759490967,-14.102945641992148
6772,-7.185699939727783,-13.942191081521567
6773,-4.283820152282715,-13.914965362069662
6774,-6.443183422088623,-13.923728974816855
6775,-7.654241561889648,-13.935056540963705
6776,-17.148303985595703,-13.804347358224447
6777,-14.835906982421875,-13.842485820291099
6778,-11.50058364868164,-13.8700732207275
6779,-0.11741799861192703,-13.846758093146141
6780,-0.32336199283599854,-13.823470894602593
6781,-0.9276700019836426,-13.775544008997734
6782,1.0779119729995728,-13.725717399863061
6783,-0.32460200786590576,-13.717955584315117
6784,-2.0507395267486572,-13.732360982207116
6785,-50.331817626953125,-13.937122908619697
6786,-56.48333740234375,-14.168210162190254
6787,-16.375713348388672,-14.238231047657784
6788,-79.9847640991211,-14.561817976025399
6789,-85.20545959472656,-14.903275979546365
6790,-41.79924011230469,-14.861309716728982
6791,-16.375526428222656,-14.701483621147927
6792,-10.949091911315918,-14.660855359581765
6793,-8.153657913208008,-14.51774255898362
6794,-5.844799995422363,-14.391221108940895
6795,-4.185458183288574,-14.035536763695534
6796,-2.778033971786499,-13.8551192975319
6797,-2.499840021133423,-13.83257491066819
6798,-5.119002819061279,-13.824803222206887
6799,-5.973391532897949,-13.830674022225198
6800,-57.886375427246094,-14.040945457009133
6801,-55.38605499267578,-14.063622779396828
6802,-8.083023071289062,-14.066422538307961
6803,0.6873520016670227,-14.031214496878441
6804,1.2737339735031128,-14.006299504069146
6805,-1.1522979736328125,-13.941133305338678
6806,1.1040840148925781,-13.893026928690729
6807,0.49517199397087097,-13.843955435661133
6808,-3.548802614212036,-13.844992365745362
6809,-8.034256935119629,-13.880605321554002
6810,-15.179756164550781,-13.944972898153123
6811,-7.274394512176514,-13.975438436178026
6812,-34.907470703125,-14.118684070972261
6813,-42.047950744628906,-14.28942421784764
6814,-86.46674346923828,-14.61089087930089
6815,-44.519718170166016,-14.753226599363144
6816,-7.538483142852783,-14.71115406098729
6817,-8.30478286743164,-14.592801079419907
6818,-3.9072482585906982,-14.254100757268723
6819,-6.794400215148926,-14.101464133886155
6820,-7.083974838256836,-13.971687865880783
6821,-3.3595149517059326,-13.94412325921422
6822,-7.759216785430908,-13.947156412748154
6823,-4.94378662109375,-13.939535992292221
6824,-19.967857360839844,-13.998807621625717
6825,-14.354791641235352,-14.025955187467392
6826,-49.30990982055664,-14.202509226468857
6827,0.4940933287143707,-14.168752387074289
6828,1.1948219537734985,-14.139666830567178
6829,-1.8529679775238037,-14.08825257637864
6830,-1.5138540267944336,-14.087829968479928
6831,-0.024157999083399773,-14.07918650724506
6832,-3.1641526222229004,-14.081965133687016
6833,-7.564506530761719,-14.111564271827694
6834,-2.544178009033203,-14.115353271862027
6835,-20.442399978637695,-14.192950751682277
6836,-37.2932014465332,-14.347292509456631
6837,-17.461692810058594,-14.421521272560115
6838,-41.9056396484375,-14.552798631568905
6839,-36.08007049560547,-14.635433469673153
6840,-10.726900100708008,-14.611497823616023
6841,-7.991158485412598,-14.563138833900448
6842,-3.7480082511901855,-14.404548133750911
6843,-3.847675085067749,-14.243790091415402
6844,-4.44361686706543,-14.101503493209835
6845,-6.411116600036621,-14.093255659957881
6846,-4.549674987792969,-14.08564069261169
6847,-7.235099792480469,-14.098808192153927
6848,-15.179866790771484,-14.13282889260864
6849,-12.599813461303711,-14.156311413665767
6850,-0.895222008228302,-14.133209568162915
6851,0.8749520182609558,-14.10289572658157
6852,1.076796054840088,-14.086979886432644
6853,0.31072598695755005,-14.034348207612988
6854,-1.5505579710006714,-14.021393251081463
6855,0.9943199753761292,-14.001363616367337
6856,0.452890008687973,-14.002594243069645
6857,-0.30942198634147644,-14.009288883110043
6858,-12.781641006469727,-14.06083385514235
6859,-13.81981372833252,-14.120786990155931
6860,-33.44152069091797,-14.258875838269946
6861,-32.324764251708984,-14.39269272707915
6862,-35.09160614013672,-14.496994633664842
6863,-33.24689483642578,-14.619150277127977
6864,-6.538566589355469,-14.56920557497954
6865,-5.683816432952881,-14.453264403333423
6866,-6.307225227355957,-14.324326800336596
6867,-2.393944025039673,-14.188139896383044
6868,-4.181883335113525,-14.036843366613146
6869,-6.466149806976318,-14.043074998845812
6870,-2.505293846130371,-14.029293174733873
6871,-7.255683422088623,-14.043694313993212
6872,-13.755423545837402,-13.902376301755663
6873,-11.222167015075684,-13.749136033048387
6874,-3.19842791557312,-13.743969810476061
6875,1.0744099617004395,-13.54099896811461
6876,1.2341519594192505,-13.336171018113848
6877,0.9695159792900085,-13.286577721347566
6878,0.2948319911956787,-13.250089162578341
6879,0.3894219994544983,-13.055689342012164
6880,1.0179280042648315,-12.874226699819323
6881,-7.950888633728027,-12.907861782302614
6882,-12.051310539245605,-12.961200048675295
6883,-14.049985885620117,-13.022257832278964
6884,-17.447397232055664,-13.096781925430056
6885,-36.40697479248047,-13.240758971323725
6886,-43.420249938964844,-13.394584792246576
6887,-32.64662170410156,-13.471890009989496
6888,-7.011549949645996,-13.43568523322558
6889,-5.846858501434326,-13.319951115717645
6890,-4.265733242034912,-13.18600585471606
6891,-5.152550220489502,-13.026742581476922
6892,-7.307250022888184,-12.896601388087031
6893,-6.689316749572754,-12.871305989374873
6894,-5.2596917152404785,-12.860372323145624
6895,-5.789766788482666,-12.856362023463006
6896,-13.641359329223633,-12.88118105994677
6897,-15.184575080871582,-12.921554860224482
6898,-0.8342400193214417,-12.895781987538095
6899,0.581462025642395,-12.863535105576274
6900,0.6554020047187805,-12.828134688963647
6901,-0.7696319818496704,-12.763636892428156
6902,-0.43898600339889526,-12.755744580139872
6903,0.5751100182533264,-12.712939230551477
6904,-2.90378999710083,-12.71931027852511
6905,-10.111446380615234,-12.762719408144708
6906,-12.165390968322754,-12.816611772169825
6907,-6.404344081878662,-12.847378300299402
6908,-43.23360824584961,-13.013426335921045
6909,-40.42091751098633,-13.139911977400537
6910,-44.673553466796875,-13.28261448441958
6911,-38.511924743652344,-13.398679135908838
6912,-9.609658241271973,-13.381296857466456
6913,-5.5468831062316895,-13.257317382445093
6914,-3.1715517044067383,-13.096282535185571
6915,-4.619008541107178,-12.938946755995508
6916,-5.208883285522461,-12.765548356642482
6917,-49.80404281616211,-12.92220922624087
6918,-5.252108097076416,-12.902394824614282
6919,-5.735708236694336,-12.896989623656031
6920,-17.798484802246094,-12.93676579629397
6921,-14.185498237609863,-12.970728322615381
6922,-3.9573121070861816,-12.965108871092553
6923,-7.108589172363281,-12.96286212693667
6924,0.4940486550331116,-12.9471305087707
6925,1.1485079526901245,-12.896664090027567
6926,1.0628279447555542,-12.82609767662501
6927,1.0883879661560059,-12.778192927708384
6928,-2.6951940059661865,-12.763203419079538
6929,-6.410468101501465,-12.776779141773936
6930,-16.42266845703125,-12.84440299164271
6931,-17.242473602294922,-12.918956990113017
6932,-32.0519905090332,-13.026560173859353
6933,-42.83841323852539,-13.180593451370951
6934,-87.52896881103516,-13.52140552698588
6935,-38.22153854370117,-13.608999788155314
6936,-7.458858489990234,-13.569777093758342
6937,-8.58894157409668,-13.452560747017618
6938,-4.837841510772705,-13.274901141991373
6939,-6.90013313293457,-13.18584121309733
6940,-3.3705649375915527,-13.012273317208049
6941,-4.308416843414307,-12.988196216454265
6942,-50.0522346496582,-13.153039722313638
6943,-4.991458415985107,-13.142446655144449
6944,-12.7977933883667,-13.174872329582925
6945,-53.64060974121094,-13.357054569115396
6946,-52.414005279541016,-13.555586054672952
6947,-7.465841293334961,-13.56364062010264
6948,0.7705079913139343,-13.536133131136651
6949,1.247778058052063,-13.488055162062404
6950,1.1863980293273926,-13.451730018248316
6951,0.9763839840888977,-13.43797472511744
6952,-5.947083950042725,-13.467867076744792
6953,-9.651689529418945,-13.506827762862201
6954,-5.299166202545166,-13.521530043860432
6955,-61.084922790527344,-13.762843815108296
6956,-36.27397537231445,-13.911206252594944
6957,-47.036964416503906,-14.097252731581683
6958,-40.733909606933594,-14.219506279250142
6959,-45.63558578491211,-14.351856563826557
6960,-9.818307876586914,-14.322596073409077
6961,-4.628851890563965,-14.181733154555317
6962,-4.2082085609436035,-14.025928446074483
6963,-4.541116714477539,-13.872522905608173
6964,-5.51503324508667,-13.738089920302388
6965,-6.690724849700928,-13.74042285372829
6966,-4.619978427886963,-13.724439968367573
6967,-5.332383155822754,-13.725829668303486
6968,-15.174346923828125,-13.764658022185323
6969,-15.486818313598633,-13.81325796057796
6970,-8.222346305847168,-13.811336577673908
6971,-5.053306579589844,-13.818686043997761
6972,-5.72142219543457,-13.827623639365193
6973,0.8882960081100464,-13.803670421381947
6974,0.3226720094680786,-13.774256600638386
6975,1.0549980401992798,-13.751891209383961
6976,-3.001267433166504,-13.744777632494923
6977,-10.977463722229004,-13.756662188311573
6978,-2.549489974975586,-13.675079088946339
6979,-16.780826568603516,-13.672806330462452
6980,-32.34375,-13.757175822039601
6981,-41.92958068847656,-13.878353266497609
6982,-44.310279846191406,-14.053698505898472
6983,-44.9923095703125,-14.210846003075597
6984,-10.07224178314209,-14.251140972875058
6985,-6.568900108337402,-14.267126242421567
6986,-4.222291469573975,-14.270315893910825
6987,-6.251866817474365,-14.26338057782501
6988,-4.500925064086914,-14.226185356877744
6989,-5.248533248901367,-14.179196656011046
6990,-6.99459981918335,-14.069865851186217
6991,-7.980975151062012,-14.005613116048277
6992,-17.635433197021484,-13.899589373372494
6993,-15.555427551269531,-13.811106127522885
6994,-7.361237525939941,-13.799931044362486
6995,-5.005585193634033,-13.794883318684995
6996,-4.555183410644531,-13.793698952458799
6997,-5.8655686378479,-13.798180359624327
6998,-0.7516679763793945,-13.77392146565765
6999,-11.1873140335083,-13.804877328656614
7000,-13.006024360656738,-13.83434989335388
7001,-9.994518280029297,-13.851258600018918
7002,-15.09356689453125,-13.674623986981809
7003,-16.0179386138916,-13.667552232526242
7004,-15.750426292419434,-13.679626485608518
7005,-44.79236602783203,-13.813412389539183
7006,-47.28656005859375,-13.98585772111267
7007,-35.57661437988281,-14.121553362630308
7008,-9.461133003234863,-14.13969283940643
7009,-8.14661693572998,-14.1571327874884
7010,-2.058958053588867,-14.136292793057859
7011,-6.147649765014648,-14.117374492429196
7012,-4.826250076293945,-14.125226556561888
7013,-4.222616672515869,-14.079270194791258
7014,-6.974558353424072,-13.978575486920773
7015,-5.323716640472412,-13.857189719937741
7016,-14.473353385925293,-13.75345621087402
7017,-2.1382339000701904,-13.580413763783872
7018,-1.150272011756897,-13.554003785394132
7019,-4.479206562042236,-13.5472925446257
7020,0.3148946762084961,-13.531957019113005
7021,-0.12433066964149475,-13.512081174753606
7022,0.5742846727371216,-13.481041236303748
7023,-6.234402179718018,-13.488843564413488
7024,-2.0167267322540283,-13.47113773765415
7025,-5.076122760772705,-13.460825262449681
7026,-13.729948997497559,-13.44715184249729
7027,-3.983691930770874,-13.403742982290686
7028,-31.321056365966797,-13.483024873159826
7029,-41.76661682128906,-13.649621668450534
7030,-37.931156158447266,-13.80005284511298
7031,-33.463687896728516,-13.930196916691958
7032,-9.485291481018066,-13.97244973050803
7033,-4.173154830932617,-13.987843941800296
7034,-5.898266792297363,-14.003234050862492
7035,-6.285775184631348,-13.827049881093204
7036,-4.357491493225098,-13.61854649745673
7037,-6.832858562469482,-13.580375078313052
7038,-7.244850158691406,-13.289415422551334
7039,-5.0389084815979,-12.96874921809882
7040,-16.235471725463867,-12.866494144551456
7041,-10.970015525817871,-12.844872100941837
7042,-5.976141929626465,-12.82498030101508
7043,0.5591700077056885,-12.790128989331425
7044,0.640720009803772,-12.764186909310519
7045,-0.15081800520420074,-12.748048348598182
7046,0.3815020024776459,-12.735410204701125
7047,0.7660220265388489,-12.722346756510436
7048,-4.838275909423828,-12.721223848871887
7049,-8.420724868774414,-12.731013182215392
7050,-13.1580171585083,-12.552099749140442
7051,-18.26921844482422,-12.403632402949036
7052,-30.52793312072754,-12.493412043146789
7053,-41.433231353759766,-12.661894376568496
7054,-35.7060661315918,-12.809813576988876
7055,-36.95157241821289,-12.953010674767196
7056,-44.71770477294922,-13.136297829918563
7057,-48.874839782714844,-13.333777877025307
7058,-28.890827178955078,-13.435145975284279
7059,-51.447242736816406,-13.608797918491065
7060,-9.507875442504883,-13.586110395602882
7061,-10.094775199890137,-13.597391918353736
7062,-4.683966636657715,-13.476497902087868
7063,-5.503983497619629,-13.33032203309983
7064,-6.22689151763916,-13.009362625293434
7065,-49.594417572021484,-13.029661422900855
7066,-7.447108268737793,-13.029295923404396
7067,-8.408241271972656,-13.029709757022559
7068,-14.740533828735352,-13.073042899303138
7069,-15.053499221801758,-13.10607929532975
7070,-11.075286865234375,-13.12204454343766
7071,-0.11734399944543839,-13.109075859628618
7072,1.6179300546646118,-13.071567272268236
7073,1.0396419763565063,-13.047633557878434
7074,-0.27399998903274536,-12.968858128391206
7075,0.9856320023536682,-12.907496433816851
7076,-9.348081588745117,-12.747649120889603
7077,-14.537402153015137,-12.807775102816523
7078,-8.87572956085205,-12.848057308875024
7079,-22.836223602294922,-12.93199033137411
7080,-46.74037170410156,-13.112896402083337
7081,-50.82835006713867,-13.316113170355559
7082,-53.526031494140625,-13.517560685843229
7083,-42.564876556396484,-13.657562165945768
7084,-5.795921802520752,-13.670569141119719
7085,-52.105690002441406,-13.797222301214934
7086,-7.415800094604492,-13.677712695807218
7087,-4.827441692352295,-13.627175691336394
7088,-4.689311504364014,-13.4783103787601
7089,-5.458266735076904,-13.355823163717986
7090,-5.5022501945495605,-13.33492456409335
7091,-8.559691429138184,-13.337198695868254
7092,-11.971966743469238,-13.37009452983737
7093,-21.74138069152832,-13.441669352263212
7094,-16.196470260620117,-13.488680765837431
7095,-15.869206428527832,-13.526513125151396
7096,-8.521360397338867,-13.54239986678958
7097,-13.636427879333496,-13.568005179136991
7098,-10.649550437927246,-13.549883913725614
7099,-9.522788047790527,-13.537575812071562
7100,-9.536186218261719,-13.572139668911696
7101,-8.335749626159668,-13.608982475489379
7102,-19.075374603271484,-13.689591158121825
7103,-23.82166862487793,-13.786120736569167
7104,-40.456382751464844,-13.941744035691023
7105,-49.78544616699219,-14.144863100260496
7106,-55.13267517089844,-14.367205360978842
7107,-51.37409210205078,-14.57146404144168
7108,-9.046050071716309,-14.556521677702666
7109,-6.485158443450928,-14.527183056563139
7110,-7.4079999923706055,-14.42304897376895
7111,-2.5932118892669678,-14.304122764319182
7112,-4.804196357727051,-14.182973125189543
7113,-8.628483772277832,-14.084499480932951
7114,-7.912616729736328,-14.089995681494475
7115,-6.607791900634766,-14.093691583365201
7116,-18.835628509521484,-14.143805196493863
7117,-16.240835189819336,-14.199192761152982
7118,-19.191865921020508,-14.25923269149661
7119,-11.225472450256348,-14.27826998206973
7120,0.46147599816322327,-14.266402902692557
7121,-6.286464691162109,-14.26252602776885
7122,-2.2966952323913574,-14.216691114515067
7123,-8.397764205932617,-14.205393503278493
7124,-11.020161628723145,-14.236680438131094
7125,-17.920368194580078,-14.312659550756216
7126,-20.188194274902344,-14.398348935693502
7127,-13.1716890335083,-14.454913755744697
7128,-55.285179138183594,-14.677233800262213
7129,-54.459693908691406,-14.896630263894796
7130,-57.93365478515625,-15.13243659505248
7131,-54.12187194824219,-15.317120528310538
7132,-9.37559986114502,-15.306417685598134
7133,-10.257058143615723,-15.291245974630117
7134,-8.21833324432373,-15.25432971867919
7135,-7.497375011444092,-15.138691319555043
7136,-3.431514024734497,-14.978736375898123
7137,-7.6739583015441895,-14.878845722287894
7138,-8.3392333984375,-14.88415645608306
7139,-9.27869987487793,-14.897883821576833
7140,-5.147174835205078,-14.901409587949514
7141,-20.318574905395508,-14.962073686689138
7142,-19.12477684020996,-15.009343793958426
7143,-10.925634384155273,-15.026289064496755
7144,-9.462068557739258,-15.04309857186675
7145,-2.6382899284362793,-15.030492664426566
7146,-8.245661735534668,-15.00890987405181
7147,-14.362491607666016,-15.005621540158987
7148,-1.8099240064620972,-15.00952427610755
7149,-16.97603988647461,-15.079754283756017
7150,-23.500423431396484,-15.176377585500479
7151,-14.817731857299805,-15.232569985002279
7152,-51.36345291137695,-15.436267852634192
7153,-47.29169845581055,-15.627735086530446
7154,-59.15193176269531,-15.852727653592824
7155,-51.64408493041992,-16.018858207792043
7156,-8.928074836730957,-16.005908943265677
7157,-7.836833477020264,-16.011638900846243
7158,-8.190166473388672,-15.871465133756399
7159,-5.452308177947998,-15.731590696424245
7160,-4.128129959106445,-15.569409002393485
7161,-6.752958297729492,-15.442373136609792
7162,-9.035924911499023,-15.440078203290701
7163,-7.4509501457214355,-15.44769447144866
7164,-15.895066261291504,-15.4985885296762
7165,-14.508172988891602,-15.538145187467336
7166,-17.461896896362305,-15.587157241910695
7167,-7.094963550567627,-15.416320924848318
7168,-4.6635847091674805,-15.413966831296682
7169,-8.011693000793457,-15.423070770353078
7170,-9.17599868774414,-15.38858082589507
7171,-7.4139299392700195,-15.361494552701712
7172,-19.068599700927734,-15.421939703077078
7173,-14.226688385009766,-15.450412099927664
7174,-23.3861141204834,-15.54593275102973
7175,-21.42948341369629,-15.636244716495275
7176,-28.590517044067383,-15.754858096450567
7177,-58.514862060546875,-15.993271096557379
7178,-59.236610412597656,-16.219436762183904
7179,-51.743831634521484,-16.400770216315983
7180,-9.504841804504395,-16.373098909705877
7181,-11.717608451843262,-16.35099944910407
7182,-7.870150089263916,-16.254272087424994
7183,-8.140658378601074,-16.115481067985296
7184,-6.156041622161865,-15.789989359229804
7185,-8.445833206176758,-15.670886537879705
7186,-6.459591865539551,-15.666889471381904
7187,-3.9919583797454834,-15.648501538604497
7188,-19.684293746948242,-15.7078873475492
7189,-14.894441604614258,-15.739864581435919
7190,-15.007342338562012,-15.7864116910398
7191,-9.231968879699707,-15.806105899184942
7192,-5.566003322601318,-15.628160973876716
7193,-5.234553813934326,-15.629133355468511
7194,0.789188027381897,-15.574785429805518
7195,-8.618682861328125,-15.394697722285986
7196,-11.008798599243164,-15.229076895564795
7197,-16.935853958129883,-15.266956946223974
7198,-22.18464469909668,-15.358777556985617
7199,-20.790956497192383,-15.446932495206594
7200,-52.22662353515625,-15.66058458146453
7201,-54.160884857177734,-15.881133656829595
7202,-60.634883880615234,-16.099884856551885
7203,-47.028358459472656,-16.2493915322721
7204,-6.8043999671936035,-16.255412467330693
7205,-10.023599624633789,-16.05116717466712
7206,-3.4003279209136963,-15.919672584861518
7207,-6.2021918296813965,-15.756333494514227
7208,-5.327183246612549,-15.614706589072943
7209,-8.787841796875,-15.467315613120794
7210,-6.762058258056641,-15.455090614646673
7211,-9.24316692352295,-15.47354787477851
7212,-15.071974754333496,-15.517002939552068
7213,-11.099364280700684,-15.54323592981696
7214,-14.701326370239258,-15.579981102317571
7215,-1.7864207029342651,-15.560363885730505
7216,-8.056681632995605,-15.574110698550939
7217,-4.79543399810791,-15.571962901920081
7218,0.7647119760513306,-15.508206666320563
7219,-5.4616780281066895,-15.468106105178595
7220,-9.053053855895996,-15.471428935378789
7221,-16.20911407470703,-15.516052165359259
7222,-19.66023063659668,-15.571807399123907
7223,-21.280193328857422,-15.660481356471777
7224,-50.385459899902344,-15.863313884109258
7225,-49.55580139160156,-16.065757081836463
7226,-50.010215759277344,-16.253792875140906
7227,-46.132381439208984,-16.394412546008827
7228,-11.98941707611084,-16.432172254413366
7229,-9.873016357421875,-16.40454101356864
7230,-2.845489978790283,-16.286547973483803
7231,-4.7600274085998535,-16.137869760364293
7232,-4.3171916007995605,-15.977897407382727
7233,-7.001208305358887,-15.825933002322913
7234,-7.69605827331543,-15.816428268283605
7235,-5.912833213806152,-15.813804000705481
7236,-8.86819839477539,-15.832387628406286
7237,-57.22583770751953,-16.036283511966467
7238,-9.510512351989746,-16.05632186111808
7239,-3.965492010116577,-16.05118969616294
7240,-45.23224639892578,-16.20414028248191
7241,-3.843972682952881,-16.18759227260947
7242,-0.2421959936618805,-16.118019323796034
7243,-2.033381223678589,-16.06393113848567
7244,-7.970232009887695,-16.06636711642146
7245,-10.487566947937012,-16.088295043438674
7246,-19.54737663269043,-16.148263816326857
7247,-19.800506591796875,-16.204003568142653
7248,-46.696041107177734,-16.387781060665844
7249,-50.15049362182617,-16.543633779019117
7250,-22.773860931396484,-16.582705125302077
7251,-45.597904205322266,-16.725118669003248
7252,-8.803166389465332,-16.699957066982986
7253,-6.529244899749756,-16.662002292126417
7254,-4.878683567047119,-16.618515321224926
7255,-7.499433517456055,-16.469343591183424
7256,-5.353833198547363,-16.301612683743237
7257,-8.476166725158691,-16.19321089312434
7258,-8.186483383178711,-16.188112294644117
7259,-8.826733589172363,-16.190832761257887
7260,-13.012115478515625,-16.234645390957596
7261,-10.082375526428223,-16.250384294003247
7262,-2.860212564468384,-16.242520143955947
7263,-9.919336318969727,-16.265307022541762
7264,-3.253030776977539,-16.250420912235974
7265,1.2232019901275635,-16.224233237713577
7266,1.5852299928665161,-16.159998904198407
7267,1.4723119735717773,-16.14555672070384
7268,0.06087600067257881,-16.140712128654123
7269,-9.543096542358398,-16.160967688575386
7270,-13.101889610290527,-16.214634825721383
7271,-16.82554817199707,-16.281439695730807
7272,-41.27920913696289,-16.448853670969605
7273,-52.12288284301758,-16.632407593622805
7274,-46.0184440612793,-16.808414462938906
7275,-43.549964904785156,-16.962309831514954
7276,-7.828378200531006,-16.938703548327087
7277,-8.87678337097168,-16.958275914087892
7278,-5.226216793060303,-16.853896555796265
7279,-7.960175037384033,-16.718670788660646
7280,-6.2051167488098145,-16.591766631022097
7281,-8.583742141723633,-16.492246848002075
7282,-6.419183254241943,-16.479982415094973
7283,-7.254541873931885,-16.49230796326697
7284,-15.650444984436035,-16.531316676035523
7285,-6.805127143859863,-16.533394083872437
7286,-14.905899047851562,-16.575587714090943
7287,-9.47091293334961,-16.586139931574465
7288,1.1400460004806519,-16.552600346937776
7289,-2.3086559772491455,-16.54167933692038
7290,-4.728057861328125,-16.49564968146384
7291,-1.3188060522079468,-16.4570448435694
7292,-0.6364759802818298,-16.43568617977202
7293,-10.02112865447998,-16.478007374420763
7294,-21.696979522705078,-16.567358172550797
7295,-27.45292091369629,-16.676566584184766
7296,-55.236412048339844,-16.899038240388037
7297,-52.43170166015625,-17.111829135134816
7298,-38.782508850097656,-17.24760606689751
7299,-47.78424072265625,-17.40506013031304
7300,-54.65044021606445,-17.571029822543263
7301,-7.9126667976379395,-17.529603615954517
7302,-7.723575115203857,-17.438386183932423
7303,-8.032108306884766,-17.304781691744925
7304,-4.93533182144165,-17.181698754504325
7305,-8.186158180236816,-17.06663709755242
7306,-5.216245174407959,-16.908631259158252
7307,-6.575183391571045,-16.73943263359368
7308,-14.885838508605957,-16.683412678912283
7309,-14.297816276550293,-16.534814973071217
7310,-16.919658660888672,-16.564462105944752
7311,-10.139144897460938,-16.564639584735037
7312,-1.7329000234603882,-16.552835318282245
7313,-2.6458680629730225,-16.54140285654366
7314,-4.384041786193848,-16.53403145761788
7315,-7.268211364746094,-16.364726632788777
7316,-11.496615409851074,-16.38092466135323
7317,-17.208789825439453,-16.416126855567096
7318,-21.50275993347168,-16.443175759986044
7319,-24.501754760742188,-16.480968782141804
7320,-56.312381744384766,-16.661917161658405
7321,-56.72822952270508,-16.888360703751445
7322,-52.30845642089844,-17.104066249653698
7323,-50.57786560058594,-17.310536279961468
7324,-9.99797534942627,-17.349432181403042
7325,-9.756163597106934,-17.392399363800884
7326,-51.22288513183594,-17.559898577973247
7327,-50.79182434082031,-17.704916266724467
7328,-50.223182678222656,-17.87030607919395
7329,-7.042425155639648,-17.80713088540733
7330,-51.37065124511719,-17.825652003571392
7331,-51.65849304199219,-17.828972575470804
7332,-5.8597211837768555,-17.63830733422935
7333,-4.8187174797058105,-17.487322697922586
7334,-15.339295387268066,-17.525496192261578
7335,-7.1741862297058105,-17.345770177170635
7336,0.16601793467998505,-17.315442905053498
7337,-2.888819932937622,-17.307688418015836
7338,0.8436560034751892,-17.28555654798448
7339,-50.169029235839844,-17.464399597987533
7340,-8.040029525756836,-17.47455071531236
7341,-57.905784606933594,-17.67193508802354
7342,-18.69761848449707,-17.698837694987656
7343,-24.182653427124023,-17.708602785930037
7344,-51.39094161987305,-17.84938067136705
7345,-52.15462112426758,-17.99452233015001
7346,-61.95513153076172,-18.2082574146837
7347,-56.13017272949219,-18.378232394084336
7348,-8.11956787109375,-18.368112463817
7349,-10.446533203125,-18.37180744443834
7350,-5.699411869049072,-18.356460347041487
7351,-50.787925720214844,-18.526269051417707
7352,-51.267948150634766,-18.65503934560716
7353,-8.957708358764648,-18.59558350454271
7354,-8.073274612426758,-18.466051071986556
7355,-7.194362163543701,-18.29568673597276
7356,-15.509453773498535,-18.137193850383163
7357,-12.863449096679688,-17.983151278361678
7358,-10.94371223449707,-17.990741927012802
7359,-11.981124877929688,-18.012725792750715
7360,-2.5683233737945557,-17.99336708627641
7361,-0.05486133322119713,-17.983213684052227
7362,-4.020691394805908,-17.980079664200545
7363,-7.196354866027832,-17.974351148575543
7364,-7.937953472137451,-17.974452495545147
7365,-2.8896780014038086,-17.959580039948225
7366,-18.287532806396484,-17.957387657135726
7367,-22.56606101989746,-17.982688560456037
7368,-94.84839630126953,-18.285314681977034
7369,-59.12533187866211,-18.476914119690658
7370,-60.35026168823242,-18.72016107043624
7371,-37.20738983154297,-18.843844770997762
7372,-11.344508171081543,-18.880036022752524
7373,-7.981241703033447,-18.878369932740927
7374,-5.6483917236328125,-18.856882853120567
7375,-7.922908306121826,-18.816893013566734
7376,-6.112599849700928,-18.760590635865928
7377,-5.195873260498047,-18.728687372773887
7378,-50.802223205566406,-18.710755549043416
7379,-9.758382797241211,-18.531950304597615
7380,-18.487720489501953,-18.374166567415
7381,-17.938159942626953,-18.229431719392537
7382,-4.391101837158203,-18.20949372729659
7383,-52.47616958618164,-18.378370173066855
7384,-6.148148536682129,-18.370089434236288
7385,1.724202036857605,-18.33320312604308
7386,1.086732029914856,-18.315130141824483
7387,-4.306620121002197,-18.301660789102314
7388,-9.845566749572754,-18.30768612250686
7389,-8.199477195739746,-18.303369231790303
7390,-16.2045841217041,-18.3475988689363
7391,-21.472318649291992,-18.352213843911887
7392,-17.7183837890625,-18.346588271707297
7393,-46.56215286254883,-18.489134345620872
7394,-37.08261489868164,-18.59961653098464
7395,-8.101491928100586,-18.621469338983296
7396,-6.644191741943359,-18.615063459008933
7397,-6.287508487701416,-18.582763526529074
7398,-6.655841827392578,-18.602147197812794
7399,-6.836541652679443,-18.561589204877613
7400,-7.312883377075195,-18.49683904466033
7401,-3.1298840045928955,-18.4500876532495
7402,-6.251509189605713,-18.26963987836242
7403,-16.92994499206543,-18.148192864507436
7404,-10.824040412902832,-17.954881299108266
7405,-9.056546211242676,-17.784531144231558
7406,-0.06717400252819061,-17.749087540894745
7407,1.2253680229187012,-17.71283873489499
7408,-43.89375686645508,-17.855653096467258
7409,-1.8616180419921875,-17.841290335923432
7410,-0.029239999130368233,-17.82489477608353
7411,1.0311379432678223,-17.79375839111954
7412,-5.946425437927246,-17.78140039322525
7413,-2.6605441570281982,-17.76223876927048
7414,-14.766287803649902,-17.757723655439914
7415,-80.05879974365234,-18.019926162458955
7416,-42.9600715637207,-18.12191886112839
7417,-35.17394256591797,-18.23423477718979
7418,-38.929542541503906,-18.371298608519137
7419,-9.8905668258667,-18.37881410381943
7420,-8.864866256713867,-18.377569574095308
7421,-6.16617488861084,-18.372578553892673
7422,-4.614133358001709,-18.31476068852097
7423,-6.832099914550781,-18.28518233463913
7424,-7.448083400726318,-18.221430211760104
7425,-5.28244161605835,-18.15684204456955
7426,-5.827358245849609,-18.06578940937668
7427,-5.08282995223999,-17.852061280943452
7428,-11.091412544250488,-17.659480489470063
7429,-11.646806716918945,-17.499092389799653
7430,-0.47470733523368835,-17.46297185192257
7431,-0.5847139954566956,-17.418440274097026
7432,0.5598099827766418,-17.384720433808862
7433,0.3867039978504181,-17.350610984303056
7434,0.525771975517273,-17.32388372991234
7435,1.0525319576263428,-17.285890269257127
7436,-4.9473724365234375,-17.279841391541062
7437,-9.931593894958496,-17.303599933601916
7438,-15.163761138916016,-17.285517803169785
7439,-80.74596405029297,-17.5489238929525
7440,-83.37227630615234,-17.822383628822863
7441,-45.93661117553711,-17.96920219800621
7442,-38.065486907958984,-18.099200132347644
7443,-7.547691822052002,-18.108452684380115
7444,-8.201325416564941,-18.144414738155902
7445,-4.466366767883301,-18.12780547378212
7446,-7.419158458709717,-18.11344691321999
7447,-2.8843600749969482,-18.057240937687457
7448,-4.505799770355225,-17.98652555797249
7449,-4.262808322906494,-17.920412965275347
7450,-51.81806564331055,-17.918778733707963
7451,-13.706652641296387,-17.75696180484444
7452,-14.66559886932373,-17.57308466479927
7453,-5.489973545074463,-17.40693112514168
7454,-0.054647333920001984,-17.379932114608586
7455,-0.2609579861164093,-17.340881548054515
7456,0.5825080275535583,-17.32495020426065
7457,1.1635199785232544,-17.295487357027827
7458,1.2085920572280884,-17.269344255812467
7459,1.1096279621124268,-17.229754376776516
7460,-2.223498582839966,-17.21160013807565
7461,-10.171550750732422,-17.215313673384486
7462,-19.869585037231445,-17.234504114516078
7463,-25.658052444458008,-17.29273886717111
7464,-41.16837692260742,-17.39860706938058
7465,-88.58941650390625,-17.74581905258447
7466,-44.46208190917969,-17.891440653689205
7467,-9.898041725158691,-17.91185108459741
7468,-5.575699806213379,-17.93721273172647
7469,-6.893741607666016,-17.942940986044704
7470,-6.643925189971924,-17.93330447138101
7471,-4.753125190734863,-17.88748051584512
7472,-4.791908264160156,-17.828007226355375
7473,-7.443533420562744,-17.772660586722196
7474,-5.5577168464660645,-17.59334961450845
7475,-13.99777603149414,-17.45111751306802
7476,-11.44334888458252,-17.29685004556924
7477,-8.703453063964844,-17.147134332068266
7478,-3.052635431289673,-17.11138720548898
7479,1.3520699739456177,-17.06648686016351
7480,-1.5155839920043945,-17.061167236216367
7481,1.2076560258865356,-17.03729650247842
7482,1.0419268608093262,-17.015860028631984
7483,1.1204819679260254,-16.983373267538845
7484,-47.697418212890625,-17.143378707297146
7485,-2.0398759841918945,-17.12788687837869
7486,-18.544492721557617,-17.16659205568582
7487,-34.05598068237305,-17.073912627585234
7488,-37.58092498779297,-17.186194278128447
7489,-19.456249237060547,-17.24815730703622
7490,-43.706199645996094,-17.2420531200245
7491,-7.456258296966553,-17.256502262480556
7492,-8.18897533416748,-17.288289379842578
7493,-2.4044840335845947,-17.289773791082204
7494,-4.3638834953308105,-17.275348397023976
7495,-2.847320079803467,-17.244787409551442
7496,-5.988833427429199,-17.1905532367304
7497,-7.053100109100342,-17.13956361079961
7498,-4.407541751861572,-16.970409613378347
7499,-15.697531700134277,-16.832597765691578
7500,-13.04442310333252,-16.793680014379323
7501,-0.40082600712776184,-16.612891701586545
7502,1.247454047203064,-16.57268921983987
7503,1.130795955657959,-16.54204905641824
7504,1.1383739709854126,-16.51798082626611
7505,-3.542059898376465,-16.50215133178979
7506,-2.1565659046173096,-16.489362262614073
7507,1.0393199920654297,-16.451300315745176
7508,0.7414839863777161,-16.41558844626695
7509,-7.8109564781188965,-16.411525337822734
7510,-13.39198112487793,-16.413044800408183
7511,-8.904916763305664,-16.408334965355696
7512,-40.579368591308594,-16.559211589463054
7513,-35.099143981933594,-16.659930820114912
7514,-38.34541320800781,-16.80030034983903
7515,-9.055424690246582,-16.84141485656053
7516,-7.403341770172119,-16.877369143612682
7517,-4.428016662597656,-16.90097045815736
7518,-6.649016857147217,-16.92781002958864
7519,-2.632024049758911,-16.90016573961824
7520,-3.818533420562744,-16.863032314859332
7521,-6.046899795532227,-16.81991772135347
7522,-7.1873250007629395,-16.68355018480867
7523,-17.500856399536133,-16.545062079034746
7524,-1.8687679767608643,-16.36846337469667
7525,0.3477500081062317,-16.192872515045106
7526,0.27362799644470215,-16.160464490257205
7527,-1.6270560026168823,-16.131465580783786
7528,-1.7849984169006348,-16.117700707279145
7529,0.45179200172424316,-16.084052839122712
7530,0.3599199950695038,-16.057792692147196
7531,-0.7402760982513428,-16.026418827973306
7532,-44.40834045410156,-16.178375456772745
7533,-1.6461479663848877,-16.155941881142557
7534,-16.515653610229492,-16.15940271564573
7535,-28.097137451171875,-16.244570756874978
7536,-41.52455520629883,-16.35104538150877
7537,-10.69066333770752,-16.3559243831262
7538,-38.838844299316406,-16.51583994432539
7539,-9.438599586486816,-16.544359718762337
7540,-5.69486665725708,-16.548226953946052
7541,-2.888580083847046,-16.55450605007261
7542,-4.941299915313721,-16.571725345812737
7543,-4.39647102355957,-16.549226715289056
7544,-6.862649917602539,-16.489889396868644
7545,-4.669378280639648,-16.39875522633642
7546,-5.434866428375244,-16.19954904385656
7547,-58.86737060546875,-16.225291719637813
7548,-12.816521644592285,-16.12142777081579
7549,-8.848917961120605,-15.965686479769648
7550,0.7112979888916016,-15.744239526949823
7551,1.322909951210022,-15.70729721995443
7552,1.173725962638855,-15.67170801564306
7553,-1.7688039541244507,-15.646654798232019
7554,1.1625839471817017,-15.622263135157526
7555,0.46449199318885803,-15.587660534463822
7556,-0.05050399899482727,-15.56699756976217
7557,-8.790026664733887,-15.575856942854822
7558,-14.798500061035156,-15.57550758906454
7559,-34.47936248779297,-15.65623377390951
7560,-36.90572738647461,-15.736178048811853
7561,-27.451740264892578,-15.80542843028158
7562,-41.870357513427734,-15.96597826024145
7563,-9.790358543395996,-15.99455622216314
7564,-8.664233207702637,-16.011676987849174
7565,-4.890058517456055,-16.002164376460016
7566,-2.4156017303466797,-15.965840321741998
7567,-4.665266513824463,-15.915666228495539
7568,-7.220908164978027,-15.858538821421563
7569,-5.03457498550415,-15.780670102320611
7570,-5.588045120239258,-15.577772755824029
7571,-12.396100997924805,-15.400444241724909
7572,-11.993027687072754,-15.239182526789605
7573,-5.4588165283203125,-15.058706330500543
7574,0.7109019756317139,-15.015870821200311
7575,1.051550030708313,-14.97263996668905
7576,1.1224080324172974,-14.763258794032037
7577,-43.82096481323242,-14.735375355921686
7578,-1.802873969078064,-14.541694121085108
7579,0.9055500030517578,-14.509902220450341
7580,0.36891400814056396,-14.302943959437311
7581,-12.675787925720215,-14.147013138972223
7582,-14.352108001708984,-14.18098268624395
7583,-35.19534683227539,-14.302489203654229
7584,-39.41942596435547,-14.398809725962579
7585,-38.68792724609375,-14.524864690028132
7586,-26.932857513427734,-14.633260191820561
7587,-7.449433326721191,-14.651502645395697
7588,-50.986175537109375,-14.858821971558035
7589,-7.189058303833008,-14.686902087830006
7590,-5.306491851806641,-14.675967937134207
7591,-5.118858337402344,-14.46482023205608
7592,-6.616408348083496,-14.416495391510427
7593,-5.116583347320557,-14.340231111191214
7594,-3.8535149097442627,-14.150081404350699
7595,-13.879525184631348,-13.996981020592154
7596,-12.174165725708008,-13.797857157371938
7597,-2.246948003768921,-13.582324258469045
7598,1.3645440340042114,-13.544387810848653
7599,-0.824753999710083,-13.505900694034993
7600,-2.3380539417266846,-13.492455262325704
7601,-1.8380639553070068,-13.296655815266073
7602,0.5384799838066101,-13.089430102728308
7603,0.1629280000925064,-13.052947557292878
7604,-3.9711999893188477,-13.036539258800447
7605,-12.757317543029785,-13.058791080318391
7606,-14.6038236618042,-13.055168559871614
7607,-82.72013092041016,-13.334595287166536
7608,-20.53709602355957,-13.372968822322786
7609,-47.97505569458008,-13.516944545589388
7610,-45.37623596191406,-13.688176195941866
7611,-6.4368414878845215,-13.71370411656052
7612,-8.321033477783203,-13.730905484892428
7613,-4.938700199127197,-13.721874866224825
7614,-2.8113279342651367,-13.701368364073335
7615,-6.40732479095459,-13.715438951231539
7616,-4.5903000831604,-13.660650020338595
7617,-6.253274917602539,-13.595398875929416
7618,-5.7360334396362305,-13.238949424482882
7619,-15.196757316589355,-13.063235126234591
7620,-14.146249771118164,-12.878419078566134
7621,-0.7155519723892212,-12.732451727129519
7622,1.196302056312561,-12.682288486219942
7623,0.6470919847488403,-12.647775151468814
7624,-1.8670419454574585,-12.632649752356112
7625,1.1286360025405884,-12.596443575121462
7626,1.0503720045089722,-12.567791687704624
7627,0.5395240187644958,-12.544850098587572
7628,0.6453559994697571,-12.339059781767428
7629,-10.786385536193848,-12.343171792723238
7630,-18.946983337402344,-12.34500884411484
7631,-40.872413635253906,-12.436745858885347
7632,-17.72104263305664,-12.490065622068942
7633,-18.455280303955078,-12.353982064940036
7634,-85.30742645263672,-12.670619176603854
7635,-7.627641677856445,-12.70802655146271
7636,-51.17229080200195,-12.917062642790377
7637,-49.54826736450195,-13.098029231764377
7638,-8.58276653289795,-13.092978030897678
7639,-4.80935001373291,-13.07941752216965
7640,-4.864274978637695,-13.034056285597384
7641,-5.214516639709473,-12.969025077559055
7642,-7.096974849700928,-12.926539441801607
7643,-11.346748352050781,-12.785677823759615
7644,-12.459604263305664,-12.687185781218112
7645,-6.7544097900390625,-12.681797452665865
7646,-2.9631927013397217,-12.66707345650345
7647,1.2355200052261353,-12.63698134253174
7648,1.1690460443496704,-12.605681791044772
7649,0.40303000807762146,-12.576723504401743
7650,0.4929580092430115,-12.54550013885647
7651,-0.563211977481842,-12.535233450748027
7652,-1.4530019760131836,-12.516039421893657
7653,-6.601658821105957,-12.474726277209818
7654,-19.241844177246094,-12.508397492267191
7655,-38.9071159362793,-12.627799771167338
7656,-45.105804443359375,-12.807954292930663
7657,-48.49375534057617,-13.006830786384642
7658,-44.081260681152344,-13.007580801643432
7659,-6.9855499267578125,-13.028076529182494
7660,-5.916191577911377,-13.051624335497618
7661,-3.478041648864746,-13.069661053866149
7662,-5.738583564758301,-13.068829686373473
7663,-4.226733207702637,-13.07509444257617
7664,-4.459000110626221,-13.033865291804075
7665,-4.630952835083008,-12.732153904169797
7666,-5.1574249267578125,-12.580943317621946
7667,-56.10987091064453,-12.664687031000852
7668,-51.26852035522461,-12.714042942255736
7669,0.12027599662542343,-12.673999570965767
7670,1.1732399463653564,-12.63384714615345
7671,-43.997093200683594,-12.78517081940174
7672,0.9432539939880371,-12.762941269993782
7673,0.9939600229263306,-12.731637030243874
7674,-44.00648880004883,-12.877870651841164
7675,1.193850040435791,-12.851965485215187
7676,0.9062640070915222,-12.825030996203422
7677,-6.119513511657715,-12.829177730441094
7678,-57.061866760253906,-13.013059547305106
7679,-74.91081237792969,-13.26611556994915
7680,-33.998348236083984,-13.400210133552552
7681,-82.15886688232422,-13.726506745100021
7682,-77.26712799072266,-14.037814496994018
7683,-6.646791458129883,-14.06594847881794
7684,-5.314724922180176,-14.08931046640873
7685,-2.038870096206665,-14.101676074624061
7686,-3.8940417766571045,-14.097462751984596
7687,-4.03736686706543,-14.073885843873024
7688,-6.534616470336914,-14.039369265198708
7689,-6.903166770935059,-13.743998076081276
7690,-4.84000825881958,-13.429869003891945
7691,-14.511495590209961,-13.304168541550636
7692,-5.15888786315918,-13.172542145371438
7693,-46.34894561767578,-13.327747160553931
7694,-43.84286880493164,-13.470313334107399
7695,0.5132079720497131,-13.450395035147666
7696,1.096560001373291,-13.416332161307334
7697,0.9974520206451416,-13.400804912924766
7698,0.10003094375133514,-13.38238159006834
7699,-43.97489929199219,-13.541229953944683
7700,0.6650540232658386,-13.331297475278378
7701,-6.460011959075928,-13.302310912549496
7702,-3.3675599098205566,-13.257118756711483
7703,-31.37602996826172,-13.360662982404232
7704,-41.338356018066406,-13.525797817140818
7705,-41.377811431884766,-13.690265230923892
7706,-30.13469696044922,-13.813134050875902
7707,-9.01794147491455,-13.853859896689654
7708,-4.965674877166748,-13.878556964427233
7709,-6.730591773986816,-13.90991784337163
7710,-6.822891712188721,-13.928315415889024
7711,-4.745319366455078,-13.906610490351916
7712,-49.846073150634766,-14.026516442805528
7713,-50.23054885864258,-14.124806428462266
7714,-5.842633247375488,-13.983503453761339
7715,-3.3349239826202393,-13.642485483676195
7716,-7.237987518310547,-13.493589106112719
7717,-4.579646587371826,-13.472315525561571
7718,1.0485639572143555,-13.44581847050786
7719,0.5766400098800659,-13.415936944037675
7720,-1.9591959714889526,-13.397198027163745
7721,0.6041799783706665,-13.375768806487322
7722,-0.5630499720573425,-13.35885337331891
7723,0.5762439966201782,-13.32677426365018
7724,-0.14529800415039062,-13.305124588280917
7725,-10.874274253845215,-13.29263058117032
7726,-18.143911361694336,-13.319432831078768
7727,-31.457603454589844,-13.410449432641268
7728,-11.341130256652832,-13.443603411942721
7729,-13.345376968383789,-13.502393199712039
7730,-23.14482879638672,-13.588910178929567
7731,-44.338653564453125,-13.771095417290926
7732,-46.82929992675781,-13.962580324441195
7733,-46.17937469482422,-14.151779751092196
7734,-48.92512130737305,-14.156690563470125
7735,-8.160099983215332,-14.181171459466219
7736,-6.5574164390563965,-14.133223154336214
7737,-4.389991760253906,-14.014559198647737
7738,-7.132291793823242,-13.892764665871859
7739,-4.422924995422363,-13.832631368905306
7740,-6.68964147567749,-13.684565136224032
7741,-5.348633289337158,-13.676134636193513
7742,-4.243375301361084,-13.660352236062288
7743,-15.302273750305176,-13.71194339492917
7744,-50.79533004760742,-13.897669181138276
7745,-2.8919267654418945,-13.89784760788083
7746,1.3815933465957642,-13.868365900784731
7747,-43.5505485534668,-14.014355694562196
7748,1.3166639804840088,-13.991458871632814
7749,1.40774405002594,-13.923037768632174
7750,-44.2226676940918,-14.047750746995211
7751,-46.8404655456543,-14.233509305149317
7752,-1.2558280229568481,-14.243522433429957
7753,-15.630470275878906,-14.310567498356104
7754,-21.323320388793945,-14.400414275795221
7755,-45.54059600830078,-14.568408420234919
7756,-83.72472381591797,-14.894681051880122
7757,-82.44570922851562,-15.228621168762446
7758,-11.9945068359375,-15.279565132051706
7759,-4.187391757965088,-15.26507087317109
7760,-5.784241676330566,-15.234639915376901
7761,-4.056433200836182,-15.215245981127024
7762,-3.4752700328826904,-15.06682958689332
7763,-7.189816474914551,-14.955192276865244
7764,-6.834700107574463,-14.82914942446351
7765,-7.453283309936523,-14.82274085894227
7766,-4.239853858947754,-14.810086907297373
7767,-14.439570426940918,-14.850133122354746
7768,-1.4711840152740479,-14.829421790987253
7769,-8.009735107421875,-14.850932635217905
7770,-0.8039473295211792,-14.838874290853738
7771,0.23820599913597107,-14.813733867675065
7772,-0.237869992852211,-14.785936047643423
7773,0.7884820103645325,-14.71277869400382
7774,-2.4762699604034424,-14.71520870193839
7775,-12.351872444152832,-14.766007191747427
7776,-11.677329063415527,-14.813811019986868
7777,-17.86552619934082,-14.878764900773763
7778,-17.79891586303711,-14.94282057055831
7779,-36.443328857421875,-15.090401053994894
7780,-44.9297981262207,-15.271559926480055
7781,-38.70521545410156,-15.423419683903456
7782,-44.36809539794922,-15.423258703678846
7783,-6.56998348236084,-15.44295404574275
7784,-5.631058216094971,-15.399415664166211
7785,-4.187300205230713,-15.303776315182448
7786,-4.990049839019775,-15.157638293713331
7787,-4.8717498779296875,-15.13436263987422
7788,-4.554766654968262,-14.997226329296828
7789,-4.962208271026611,-14.979320764034986
7790,-5.78269624710083,-14.979672082394362
7791,-11.6604585647583,-15.014759596318006
7792,-11.170149803161621,-15.039674995869397
7793,-0.8396540284156799,-15.025447727888823
7794,-6.131912708282471,-15.022524779051542
7795,0.45742401480674744,-15.002017569869757
7796,1.4266680479049683,-14.974571431964636
7797,1.0467933416366577,-14.734914776176215
7798,0.40534600615501404,-14.682027305573225
7799,-5.018339157104492,-14.666704990357161
7800,-5.893199443817139,-14.693122980087995
7801,-18.203475952148438,-14.77122852370143
7802,-21.68252944946289,-14.862653545349836
7803,-17.404502868652344,-14.925196341007949
7804,-43.209041595458984,-15.10268284317851
7805,-50.87667465209961,-15.308047509759664
7806,-46.54885482788086,-15.494040913075208
7807,-10.253483772277832,-15.499894741505384
7808,-6.236100196838379,-15.465645142048597
7809,-7.041616439819336,-15.355894157856703
7810,-6.757458209991455,-15.23530108115077
7811,-4.457916736602783,-15.143325787037611
7812,-5.076825141906738,-14.996151657551527
7813,-5.582958221435547,-14.979322056263685
7814,-3.1030540466308594,-14.957077339619397
7815,-11.066105842590332,-14.981781528919935
7816,-8.207951545715332,-15.00495092818141
7817,-5.570059299468994,-15.008570099323988
7818,-4.2333598136901855,-14.996619905918836
7819,1.0257940292358398,-14.972378429859877
7820,1.415753960609436,-14.944363233536482
7821,1.5490440130233765,-14.888582653492689
7822,-6.7114973068237305,-14.867456531971692
7823,-11.011283874511719,-14.88966640135646
7824,-13.186338424682617,-14.945255362957717
7825,-17.339014053344727,-15.018817619293928
7826,-22.936635971069336,-15.115053795307874
7827,-42.79585266113281,-15.110953346699477
7828,-46.670143127441406,-15.29042242333293
7829,-28.21430015563965,-15.406901823967695
7830,-37.83539581298828,-15.55971906325221
7831,-10.344374656677246,-15.550393410176039
7832,-6.551350116729736,-15.519190378636122
7833,-2.278562068939209,-15.387523239582777
7834,-7.064691543579102,-15.258104301899671
7835,-3.856991767883301,-15.11878055998683
7836,-7.361154556274414,-15.040493748158216
7837,-7.610258102416992,-15.041137047261
7838,-5.335031032562256,-14.858532469242812
7839,-14.94204330444336,-14.889544409245252
7840,-12.448615074157715,-14.918112902134657
7841,-9.730303764343262,-14.93655868384242
7842,0.807636022567749,-14.906862506359815
7843,1.4801260232925415,-14.880475668877363
7844,-0.0159939993172884,-14.865125585235655
7845,0.9266380071640015,-14.805900932468473
7846,-7.814009189605713,-14.788460306324065
7847,-4.016519546508789,-14.795538592495024
7848,-9.755476951599121,-14.840018676437438
7849,-16.9017276763916,-14.904326571144164
7850,-23.761789321899414,-14.990021512664855
7851,-40.433773040771484,-15.144404349006713
7852,-19.683237075805664,-15.22529121724516
7853,-32.881568908691406,-15.357469204880298
7854,-45.45780944824219,-15.52341564271599
7855,-10.798725128173828,-15.515581273056567
7856,-7.060625076293945,-15.485408478714525
7857,-7.9246416091918945,-15.186226521469653
7858,-5.023308277130127,-15.124171370483936
7859,-5.022008419036865,-14.952359181381762
7860,-4.3354997634887695,-14.78819623658806
7861,-3.617018222808838,-14.776916943527759
7862,-5.5460591316223145,-14.765817046143114
7863,-11.434762954711914,-14.791801297165453
7864,-8.619690895080566,-14.815034749008715
7865,-10.634515762329102,-14.831943512894213
7866,-5.21070671081543,-14.834425139404834
7867,0.967851996421814,-14.805540631748736
7868,1.4774760007858276,-14.776686593987048
7869,1.42466402053833,-14.710200908638537
7870,-3.095592737197876,-14.665998280502857
7871,-9.758514404296875,-14.702170130230487
7872,-11.308220863342285,-14.752188221909107
7873,-17.148757934570312,-14.823371621586382
7874,-21.571626663208008,-14.902189960457385
7875,-39.950096130371094,-15.066504888989032
7876,-21.725919723510742,-15.15761005590111
7877,-47.97904586791992,-15.351684335447848
7878,-41.403785705566406,-15.519880902267992
7879,-9.94343376159668,-15.516509095169603
7880,-8.368483543395996,-15.47419509599358
7881,-4.44361686706543,-15.328479908920825
7882,-4.953975200653076,-15.277411639191211
7883,-6.966108322143555,-15.231454951263965
7884,-4.608500003814697,-14.908659245468677
7885,-3.457113265991211,-14.891977131821216
7886,-8.185931205749512,-14.720031693436205
7887,-16.82235336303711,-14.589128037430346
7888,-10.485183715820312,-14.596737706162035
7889,-12.337032318115234,-14.626848435379564
7890,-1.0937132835388184,-14.61176618859917
7891,-4.950668811798096,-14.610710797287524
7892,0.8178979754447937,-14.57905130598694
7893,1.4211000204086304,-14.527979912497104
7894,-1.3215233087539673,-14.483427588678897
7895,-7.591872692108154,-14.486777440287172
7896,-12.028362274169922,-14.523038118578494
7897,-9.07674789428711,-14.564287190176547
7898,-18.97244644165039,-14.644853160120547
7899,-83.58906555175781,-14.98082154235989
7900,-42.7603874206543,-15.153834924079478
7901,-47.899688720703125,-15.343180831052363
7902,-41.44013977050781,-15.503129382230341
7903,-7.433070182800293,-15.506455027677118
7904,-6.179874897003174,-15.454207150556147
7905,-3.659174919128418,-15.313215386487544
7906,-6.05946683883667,-15.157030036069452
7907,-3.5724000930786133,-14.977344615079463
7908,-6.379916667938232,-14.826539239026607
7909,-6.815958499908447,-14.82586087331921
7910,-7.880839824676514,-14.833719466306269
7911,-11.885693550109863,-14.86735007391125
7912,-15.500776290893555,-14.90639884481579
7913,-10.56218433380127,-14.931740649320185
7914,-1.4897613525390625,-14.919863694287837
7915,0.8776540160179138,-14.897829266883432
7916,0.6569380164146423,-14.874571815110743
7917,0.34694331884384155,-14.64874455819279
7918,-5.229241847991943,-14.46458744416386
7919,-5.55784273147583,-14.487299919076264
7920,-12.622962951660156,-14.542484730668367
7921,-15.220853805541992,-14.4273797730878
7922,-17.605587005615234,-14.501575137086213
7923,-39.3575439453125,-14.662981152959167
7924,-39.201751708984375,-14.64376220459491
7925,-18.021623611450195,-14.720624099202453
7926,-33.45304489135742,-14.85806133479625
7927,-6.9949750900268555,-14.861563181109727
7928,-4.557588577270508,-14.651546068377792
7929,-6.645116806030273,-14.378483286090194
7930,-6.688016891479492,-14.269241960711778
7931,-7.292083263397217,-13.969774826236069
7932,-7.057758331298828,-13.688937347598374
7933,-7.0873332023620605,-13.690699514575302
7934,-3.0731639862060547,-13.681733270831407
7935,-11.950550079345703,-13.721379990763962
7936,-13.565942764282227,-13.760067594714462
7937,-12.32181167602539,-13.793205373950302
7938,-11.077946662902832,-13.811378694720567
7939,-8.549455642700195,-13.817963850207628
7940,-3.941244602203369,-13.814368795581162
7941,-5.81840181350708,-13.77959642047435
7942,-0.09907999634742737,-13.759357189007103
7943,-2.71915864944458,-13.584838041134178
7944,-8.568255424499512,-13.44373958761245
7945,-12.307656288146973,-13.495023044653237
7946,-18.129465103149414,-13.571927145071328
7947,-38.98603057861328,-13.73186107546836
7948,-34.68861770629883,-13.871015670068562
7949,-39.712913513183594,-13.853967726953327
7950,-38.4090690612793,-14.010264219291509
7951,-7.200591564178467,-14.013226537711919
7952,-5.868958473205566,-14.02323213196546
7953,-4.637750148773193,-13.916279012687504
7954,-7.068591594696045,-13.779199954994024
7955,-5.3473334312438965,-13.63507804299146
7956,-3.4003517627716064,-13.528140662200748
7957,-50.389366149902344,-13.6936263609007
7958,-8.471429824829102,-13.707649380691349
7959,-17.079614639282227,-13.749045472152531
7960,-11.773311614990234,-13.768847151763737
7961,-9.17634391784668,-13.786571249969304
7962,-6.279771327972412,-13.612306042678654
7963,-4.01500940322876,-13.427443884856999
7964,-3.1382672786712646,-13.416626420982182
7965,-8.138412475585938,-13.435840374954045
7966,-10.416325569152832,-13.448553727157414
7967,-6.921018600463867,-13.457919215209783
7968,-12.534337043762207,-13.512250819213689
7969,-3.7217392921447754,-13.529444336421788
7970,-21.018339157104492,-13.60568090916425
7971,-34.278411865234375,-13.74521127653867
7972,-40.90769577026367,-13.906589859731495
7973,-51.80279541015625,-14.116106017358602
7974,-49.559085845947266,-14.313761168725788
7975,-10.064441680908203,-14.31052183843404
7976,-8.52090835571289,-14.272029826410115
7977,-4.791800022125244,-14.165366612680256
7978,-7.055266857147217,-14.148223159082233
7979,-5.356325149536133,-14.116266951806843
7980,-2.914124011993408,-14.03534413266927
7981,-5.100766658782959,-13.878392585046589
7982,-5.497705936431885,-13.713066209085286
7983,-14.614472389221191,-13.586806599862873
7984,-16.43052864074707,-13.45682822919637
7985,-14.040759086608887,-13.480350865609944
7986,-11.471092224121094,-13.500005568750202
7987,-7.0298614501953125,-13.510565047509969
7988,-7.826777458190918,-13.51334299016744
7989,-7.2809834480285645,-13.524775223977864
7990,-0.9769600033760071,-13.501924498088657
7991,-9.24898910522461,-13.517525921352208
7992,-2.533397912979126,-13.51068601179868
7993,-17.779769897460938,-13.520595996387303
7994,-22.559783935546875,-13.40765381193906
7995,-29.416250228881836,-13.51375110579282
7996,-47.882843017578125,-13.710808851249515
7997,-51.5219841003418,-13.742694593437015
7998,-33.834190368652344,-13.883298010833562
7999,-10.422158241271973,-13.930617619998753
8000,-6.208908557891846,-13.778562583453953
8001,-4.807400226593018,-13.610430322177708
8002,-4.196070194244385,-13.622191290862858
8003,-7.03879976272583,-13.587824608810246
8004,-7.439308166503906,-13.532288559921087
8005,-5.486324787139893,-13.372071475036442
8006,-8.808887481689453,-13.072408129699529
8007,-16.905885696411133,-12.81024883557111
8008,-11.994100570678711,-12.810247210510076
8009,-13.5437593460083,-12.847672680862248
8010,-8.665985107421875,-12.859199654586613
8011,-0.7879080176353455,-12.84612555385381
8012,-7.306099891662598,-12.86144887328893
8013,-7.029727458953857,-12.860808517225086
8014,-9.286214828491211,-12.870614576108753
8015,-12.324851036071777,-12.890100847013295
8016,-14.442060470581055,-12.930909673459828
8017,-13.562583923339844,-12.927401727445424
8018,-20.837221145629883,-13.004865875966846
8019,-14.138910293579102,-13.029382576711475
8020,-50.3464469909668,-13.227552575357258
8021,-48.43833923339844,-13.422258756287397
8022,-46.92524337768555,-13.60900824982673
8023,-5.285999774932861,-13.633306176967919
8024,-5.8778791427612305,-13.64691261369735
8025,-7.341050148010254,-13.62686932451278
8026,-4.9118332862854,-13.59980734140426
8027,-6.326291561126709,-13.553650402851403
8028,-7.243008136749268,-13.511426771946251
8029,-5.152116775512695,-13.386261923618616
8030,-4.775059223175049,-13.225642968006433
8031,-15.85041618347168,-13.134223770923912
8032,-15.000836372375488,-13.016754734821617
8033,-10.914534568786621,-13.034132939167321
8034,-12.193269729614258,-13.060381785221399
8035,-5.8184027671813965,-13.066906195469201
8036,-3.098583936691284,-13.059340331859886
8037,0.8820499777793884,-13.03632513243705
8038,-8.290079116821289,-13.051266382284462
8039,-3.3520519733428955,-13.044825757093728
8040,-10.608736991882324,-13.064129920072853
8041,-18.628284454345703,-13.092001223631204
8042,-21.11397361755371,-13.131776518888772
8043,-37.3628044128418,-13.277869120426477
8044,-41.902732849121094,-13.420952400989831
8045,-49.33165740966797,-13.620108726687729
8046,-47.02366256713867,-13.813910049147903
8047,-7.627316474914551,-13.84860648841411
8048,-6.825758457183838,-13.877530906267465
8049,-7.047791481018066,-13.885648715563118
8050,-3.0600767135620117,-13.874316224642097
8051,-5.069674968719482,-13.821781020708382
8052,-50.09112548828125,-13.935415404863656
8053,-7.050283432006836,-13.893998527117073
8054,-5.711054801940918,-13.744006579943001
8055,-14.613933563232422,-13.598955615587533
8056,-13.764126777648926,-13.467816703386605
8057,-15.023801803588867,-13.486897975511848
8058,-9.38169002532959,-13.499480334825813
8059,-8.298773765563965,-13.504508964128792
8060,-10.033563613891602,-13.517613385744394
8061,-3.297241449356079,-13.512970684595405
8062,-12.625421524047852,-13.54316507012397
8063,-13.980534553527832,-13.57675537545234
8064,0.16926266252994537,-13.563666108615696
8065,-2.6707305908203125,-13.530084607608616
8066,0.17497999966144562,-13.496552881427109
8067,-9.427204132080078,-13.511981460757553
8068,-6.544705390930176,-13.521226843066513
8069,-12.803824424743652,-13.57654531688243
8070,-18.3714542388916,-13.655694149680436
8071,-17.76827049255371,-13.732963407702744
8072,-45.134178161621094,-13.886654131121933
8073,-19.667720794677734,-13.921279878802597
8074,-46.77166748046875,-14.055621195025742
8075,-46.6672248840332,-14.172934038348496
8076,-8.34350872039795,-14.11456152934581
8077,-4.301076889038086,-13.960582426257432
8078,-7.283199787139893,-13.803034652896226
8079,-7.857150077819824,-13.721606052584946
8080,-7.568333148956299,-13.600537801928818
8081,-7.561399936676025,-13.589405903048814
8082,-5.378641605377197,-13.584715069003403
8083,-8.4031400680542,-13.609213380999863
8084,-3.352487325668335,-13.59436456412822
8085,-12.125141143798828,-13.627437161631882
8086,-12.38924789428711,-13.647549534983932
8087,-19.883989334106445,-13.69664445991069
8088,-12.723187446594238,-13.726197085566819
8089,-1.0549260377883911,-13.670648616500198
8090,-6.20046854019165,-13.645656030364334
8091,-12.039249420166016,-13.654891812987625
8092,-5.092512607574463,-13.678492407508195
8093,-54.948158264160156,-13.904205544658005
8094,-57.9965705871582,-14.13612785100937
8095,-21.73153305053711,-14.226760535240173
8096,-48.15859603881836,-14.388138882637024
8097,-44.85868453979492,-14.55150754261017
8098,-42.345428466796875,-14.68186734867096
8099,-33.95509719848633,-14.750080826759339
8100,-8.695483207702637,-14.689815602302552
8101,-9.772808074951172,-14.56717174243927
8102,-6.516849994659424,-14.514506194114684
8103,-4.475900173187256,-14.400883519172668
8104,-6.9030585289001465,-14.2466645154953
8105,-2.707451581954956,-14.214299421310425
8106,-49.41642379760742,-14.383722616195678
8107,-7.6248579025268555,-14.382523481369018
8108,-13.85306167602539,-14.4178424949646
8109,-9.446004867553711,-14.435538480758668
8110,-4.474270820617676,-14.436093564987182
8111,-48.495845794677734,-14.615608875274658
8112,-0.899590015411377,-14.597022998809814
8113,1.1793060302734375,-14.546566722869873
8114,1.1418119668960571,-14.507520711421966
8115,-3.152208089828491,-14.477591480731965
8116,-0.4796793460845947,-14.458667371273041
8117,-5.648514747619629,-14.485132838249207
8118,-8.342876434326172,-14.524414247989654
8119,-19.01065444946289,-14.60615552186966
8120,-29.15924072265625,-14.710410113811493
8121,-35.34785461425781,-14.812767474651336
8122,-38.417938232421875,-14.921206344127656
8123,-35.43563461303711,-14.994353850841522
8124,-7.223883152008057,-14.936962876796722
8125,-5.599966526031494,-14.799562358379363
8126,-6.667216777801514,-14.739327546596527
8127,-5.912458419799805,-14.571061196804047
8128,-3.421048402786255,-14.419130247592927
8129,-5.059599876403809,-14.399594912052155
8130,-49.37255096435547,-14.563611181735993
8131,-7.366876602172852,-14.575304220676422
8132,-13.015934944152832,-14.607552059650422
8133,-1.9982813596725464,-14.587680751800537
8134,-4.661517143249512,-14.587892820358276
8135,-2.583979368209839,-14.58440028476715
8136,0.7233219742774963,-14.548763272047044
8137,0.5850819945335388,-14.47913353061676
8138,1.0371040105819702,-14.43304437971115
8139,-0.009600000455975533,-14.383734650440514
8140,-2.4710934162139893,-14.389244170971216
8141,-9.746213912963867,-14.408426351375878
8142,-56.82958984375,-14.639016302652657
8143,-19.198287963867188,-14.72149385458976
8144,-30.015316009521484,-14.83626902539283
8145,-39.3351936340332,-14.963242309160531
8146,-39.916404724121094,-15.074794478960335
8147,-43.316951751708984,-15.211755294390024
8148,-7.141653537750244,-15.164432122774421
8149,-8.005999565124512,-14.86209985882789
8150,-8.005241394042969,-14.723079274721444
8151,-5.134458541870117,-14.552018354006112
8152,-7.31190824508667,-14.415505427904428
8153,-7.099358558654785,-14.414170581407845
8154,-3.250955104827881,-14.402454902239144
8155,-51.09820556640625,-14.592211024828256
8156,-16.22307586669922,-14.632865460939705
8157,-15.798223495483398,-14.681768754549324
8158,-10.522370338439941,-14.698338569231332
8159,-0.3407779932022095,-14.672437847204506
8160,-3.5919666290283203,-14.655282354421914
8161,1.1438239812850952,-14.603164284296334
8162,-0.15474599599838257,-14.541780163116753
8163,-3.5835506916046143,-14.513865628547967
8164,-6.32134485244751,-14.533191962547601
8165,-0.7229019999504089,-14.539594186611474
8166,-17.22926139831543,-14.611138984270394
8167,-17.311935424804688,-14.681774499244987
8168,-44.237754821777344,-14.83780855114013
8169,-44.504459381103516,-14.99359501773864
8170,-45.98208999633789,-15.127031525917351
8171,-48.08145523071289,-15.258473931618035
8172,-11.01604175567627,-15.232115750618279
8173,-6.791091442108154,-15.101849940605462
8174,-7.437250137329102,-14.97479193431884
8175,-7.058300018310547,-14.930938639946282
8176,-7.604625225067139,-14.82754496128112
8177,-4.961666584014893,-14.819411727257073
8178,-2.85150408744812,-14.812587389297784
8179,-9.526958465576172,-14.824114755935968
8180,-16.65843391418457,-14.863996424026787
8181,-16.730091094970703,-14.901748455353081
8182,-8.749534606933594,-14.908515560455621
8183,-11.363020896911621,-14.92561831123382
8184,-3.7107861042022705,-14.928168799705803
8185,1.2439260482788086,-14.875390895195306
8186,-43.93803787231445,-14.996879275627434
8187,1.0468480587005615,-14.94340463668853
8188,-2.739219903945923,-14.910049729652703
8189,-1.498378038406372,-14.881845419235528
8190,-11.793203353881836,-14.91325325424224
8191,-20.552444458007812,-14.972189424820245
8192,-42.780521392822266,-15.142915190406145
8193,-21.531936645507812,-15.218166302390397
8194,-50.93031692504883,-15.387614548392595
8195,-20.386920928955078,-15.419931606955826
8196,-9.905516624450684,-15.387035813041031
8197,-8.768016815185547,-15.26616375798732
8198,-7.9823832511901855,-15.159338820166885
8199,-5.255033493041992,-15.02150730008632
8200,-4.954733371734619,-14.88768995732814
8201,-7.0382585525512695,-14.887040625281632
8202,-5.810999870300293,-14.886808790870012
8203,-4.46045446395874,-14.886099608130753
8204,-12.098372459411621,-14.906218731589615
8205,-11.793161392211914,-14.932002043433487
8206,-10.698587417602539,-14.961194986052812
8207,-9.227170944213867,-14.796546205230058
8208,-3.397952079772949,-14.776252294249833
8209,-6.119786739349365,-14.732412982650102
8210,0.9208940267562866,-14.681636160083116
8211,-1.4461007118225098,-14.650715187259019
8212,-6.098692893981934,-14.649990873523057
8213,-14.082752227783203,-14.690261844821274
8214,-13.343499183654785,-14.731082772441209
8215,-20.675132751464844,-14.781229653544724
8216,-37.73298645019531,-14.890496297068895
8217,-45.92268371582031,-15.04650295753032
8218,-43.21968078613281,-15.169244332499803
8219,-40.448402404785156,-15.316150984950363
8220,-7.549415111541748,-15.262275288768112
8221,-8.531524658203125,-15.159287739939987
8222,-7.292083263397217,-15.024825289912522
8223,-3.250314950942993,-14.83061536807567
8224,-5.132291793823242,-14.652908191867173
8225,-50.152767181396484,-14.813261493869126
8226,-50.4015007019043,-14.980783863253892
8227,-5.535977840423584,-14.983760574527086
8228,-12.023259162902832,-15.003632543750108
8229,-53.717281341552734,-15.197076368518173
8230,-4.6980671882629395,-15.204212141223252
8231,1.3413352966308594,-15.178443733401597
8232,1.3438440561294556,-15.151077533431351
8233,-1.3456519842147827,-15.098002251811325
8234,1.3185360431671143,-15.027005993075669
8235,1.032297968864441,-14.966713764853775
8236,0.2167859971523285,-14.919962251968682
8237,-12.003494262695312,-14.939856783218682
8238,-15.292943000793457,-14.969721445389093
8239,-17.21954345703125,-15.009475685425103
8240,-28.523155212402344,-15.119660466261209
8241,-87.97673034667969,-15.43457143122703
8242,-47.550785064697266,-15.6146409798339
8243,-41.157737731933594,-15.708152851171791
8244,-8.694074630737305,-15.652690013952553
8245,-6.392853260040283,-15.560596426077186
8246,-50.02330780029297,-15.569158285208047
8247,-5.00944185256958,-15.383108116216958
8248,-49.8759765625,-15.447275260992349
8249,-5.4979166984558105,-15.427578294821084
8250,-7.497591495513916,-15.432733026571572
8251,-5.7608537673950195,-15.43654684073478
8252,-14.368382453918457,-15.477236089773475
8253,-17.836254119873047,-15.520425907202066
8254,-16.548885345458984,-15.556864215917885
8255,-3.5487060546875,-15.549113740988076
8256,-50.0600471496582,-15.71411837965995
8257,-1.6822153329849243,-15.653223698206245
8258,-46.71315002441406,-15.792099896021186
8259,-7.233317852020264,-15.766858130045236
8260,-9.691333770751953,-15.770959524698556
8261,-10.201891899108887,-15.80861546022445
8262,-16.21552085876465,-15.844253144092859
8263,-12.657126426696777,-15.86676273996383
8264,-38.443206787109375,-15.983390707798302
8265,-46.148338317871094,-16.1186846569255
8266,-49.17959213256836,-16.257634783573447
8267,-46.39191436767578,-16.388952105350793
8268,-8.664066314697266,-16.340259486027062
8269,-9.564591407775879,-16.32196221048385
8270,-6.76818323135376,-16.147649155445396
8271,-6.907391548156738,-15.98152536470443
8272,-6.356299877166748,-15.819249590702356
8273,-6.267574787139893,-15.823175890751184
8274,-4.280900001525879,-15.816787974186242
8275,-2.774303913116455,-15.798520989246667
8276,-10.916919708251953,-15.822541334934533
8277,-1.9316452741622925,-15.804962749786675
8278,-9.141172409057617,-15.812555406875909
8279,-7.4327311515808105,-15.821677864380181
8280,0.9518600106239319,-15.798770187444985
8281,-3.265721321105957,-15.748431407995522
8282,1.1375459432601929,-15.683877878732979
8283,-1.3547593355178833,-15.645638777799904
8284,-7.073999404907227,-15.625161696501076
8285,-1.0355859994888306,-15.606030429430305
8286,-10.054007530212402,-15.63385212380439
8287,-17.98343849182129,-15.709314077682793
8288,-42.08626174926758,-15.844498808212578
8289,-29.973520278930664,-15.95098468143493
8290,-42.974700927734375,-16.080448537178338
8291,-40.006141662597656,-16.165959966011346
8292,-9.32300853729248,-16.1187961056903
8293,-8.401633262634277,-16.00295142108947
8294,-6.480233192443848,-15.86126142246276
8295,-6.545774936676025,-15.690117892570793
8296,-4.432674884796143,-15.519753941841424
8297,-2.1393721103668213,-15.497802164383232
8298,-7.2742085456848145,-15.499595964737237
8299,-7.958123683929443,-15.503237293548882
8300,-3.034153938293457,-15.503133602447807
8301,-9.45181655883789,-15.52066216880828
8302,-6.1560258865356445,-15.3449217704013
8303,-6.5382866859436035,-15.342873783417046
8304,0.647487998008728,-15.317439612217248
8305,1.3157260417938232,-15.253720973797142
8306,0.4580000042915344,-15.196832466669381
8307,-2.2011098861694336,-15.145541698999702
8308,-3.3573687076568604,-15.121444413729012
8309,-11.700794219970703,-15.135052495546638
8310,-11.105416297912598,-15.139339906282723
8311,-15.588663101196289,-15.188505592890083
8312,-31.83842658996582,-15.265357613153755
8313,-38.58684539794922,-15.363782856531442
8314,-43.502708435058594,-15.538470740921795
8315,-34.822059631347656,-15.667076057083905
8316,-6.998549938201904,-15.695770176835358
8317,-6.294925212860107,-15.683241061158478
8318,-6.1695332527160645,-15.681740372605622
8319,-5.818258285522461,-15.653798108048736
8320,-6.964700222015381,-15.608171091981232
8321,-7.314508438110352,-15.56635604376346
8322,-5.496725082397461,-15.407806231446564
8323,-8.300507545471191,-15.362337378449737
8324,-14.151723861694336,-15.23185760397464
8325,-14.050108909606934,-15.101389140076936
8326,-13.000364303588867,-15.120016562409699
8327,-12.351092338562012,-15.152216624207794
8328,0.5708500146865845,-15.120800425000489
8329,1.3647780418395996,-15.083912712521851
8330,1.1214580535888672,-15.04915354771167
8331,0.8216760158538818,-15.01562124390155
8332,-8.244514465332031,-15.02708473534137
8333,-12.680087089538574,-15.044192523427308
8334,-14.203058242797852,-15.087594807095826
8335,-15.534908294677734,-15.101233875699341
8336,-44.3938102722168,-15.22925212521106
8337,-42.677040100097656,-15.320424328275024
8338,-44.421112060546875,-15.447216026730835
8339,-48.772613525390625,-15.638086776681245
8340,-8.639041900634766,-15.647841070123016
8341,-6.663366794586182,-15.626337539620698
8342,-6.321773529052734,-15.63125458330661
8343,-49.50471496582031,-15.60948081011325
8344,-50.07097625732422,-15.577778432793915
8345,-50.30692672729492,-15.692080007500946
8346,-4.926241874694824,-15.519150590844452
8347,-3.525991916656494,-15.353819820351898
8348,-14.008881568908691,-15.240473632760345
8349,-9.859539031982422,-15.14409140009433
8350,-2.859865427017212,-15.120748928971588
8351,0.9824860095977783,-15.077727752633393
8352,0.9969580173492432,-15.047672520585358
8353,-1.0447839498519897,-15.033948055692017
8354,1.333367943763733,-15.001002349801361
8355,-2.4433906078338623,-14.999946105904877
8356,-0.879776656627655,-14.805799517340958
8357,-7.32879114151001,-14.80461525029689
8358,-12.9506254196167,-14.801005505271256
8359,-21.885639190673828,-14.850764042563737
8360,-14.696623802185059,-14.891653454490006
8361,-49.819766998291016,-14.896949139304459
8362,-47.45750427246094,-15.083180796332657
8363,-18.597070693969727,-15.16228630322963
8364,-7.540895462036133,-15.197017132945358
8365,-8.692399978637695,-15.219177900500595
8366,-4.265191555023193,-15.23431994933635
8367,-4.52703332901001,-15.229834023661912
8368,-6.950075149536133,-15.224262818522751
8369,-3.4895150661468506,-15.162178260989487
8370,-49.80685806274414,-15.244768730349838
8371,-4.988415241241455,-15.123330972857774
8372,-56.07442855834961,-15.193956934161484
8373,-13.514376640319824,-15.106271902270615
8374,-8.828765869140625,-15.112691433139146
8375,-5.020346164703369,-15.110372951693833
8376,0.6729739904403687,-15.081012188620866
8377,-0.8914300203323364,-15.060928075022996
8378,-5.3755927085876465,-15.068746252246202
8379,-1.3392980098724365,-15.053865044780075
8380,-0.5387579798698425,-14.858529872842134
8381,-12.499905586242676,-14.879061988778412
8382,-14.597622871398926,-14.885388740487397
8383,-14.171344757080078,-14.934080994077027
8384,-44.17125701904297,-15.0921199535802
8385,-42.65221405029297,-15.252392892308533
8386,-48.945068359375,-15.451066453643143
8387,-42.91883850097656,-15.625082135625183
8388,-10.109399795532227,-15.66966815084964
8389,-9.320516586303711,-15.706911817193031
8390,-3.0488500595092773,-15.709222843766213
8391,-4.936158180236816,-15.689982620835304
8392,-4.78172492980957,-15.481791161179542
8393,-49.77836608886719,-15.604111473679543
8394,-50.9494514465332,-15.687848015427589
8395,-50.47206497192383,-15.732395500779152
8396,-15.324524879455566,-15.63402798140049
8397,-12.873723030090332,-15.512255066514015
8398,0.05454400181770325,-15.483470276355744
8399,1.3417119979858398,-15.446079430103302
8400,-7.439603328704834,-15.44381687784195
8401,-7.039252758026123,-15.451436054706573
8402,-1.5246859788894653,-15.428287165641784
8403,-2.277508020401001,-15.408999763488769
8404,-17.921308517456055,-15.467681177139282
8405,-17.959667205810547,-15.335127023696899
8406,-37.32068634033203,-15.419517465591431
8407,-40.42401885986328,-15.51802064704895
8408,-46.89731216430664,-15.663520414352417
8409,-44.72054672241211,-15.841039489269257
8410,-10.385000228881836,-15.868211623668671
8411,-8.563375473022461,-15.9070404214859
8412,-6.282525062561035,-15.931551537752151
8413,-3.8510334491729736,-15.932621468782425
8414,-5.136841773986816,-15.927883456468582
8415,-6.141908168792725,-15.949559481143952
8416,-6.2922749519348145,-15.90581153535843
8417,-2.812119960784912,-15.847812273502349
8418,-15.13443374633789,-15.731398989200592
8419,-8.993012428283691,-15.589353201389313
8420,-9.334901809692383,-15.44276444864273
8421,0.14000533521175385,-15.249878606379031
8422,0.43281999230384827,-15.204083159387112
8423,-0.046950001269578934,-15.177106593623757
8424,1.0621980428695679,-15.143108800902963
8425,-0.3153739869594574,-15.116137096777559
8426,-6.511345386505127,-15.11176397742331
8427,-9.348580360412598,-15.129311632528902
8428,-14.835335731506348,-15.177246959105133
8429,-17.67530059814453,-15.209840327635407
8430,-7.249509811401367,-15.172204631224275
8431,-35.48173904418945,-15.24721122302115
8432,-36.612239837646484,-15.358662043944001
8433,-27.121408462524414,-15.421695594206453
8434,-6.922933101654053,-15.434544182196259
8435,-8.132858276367188,-15.472051319494843
8436,-5.933691501617432,-15.320033934012056
8437,-6.248508453369141,-15.349215360060334
8438,-4.344383239746094,-15.355636013403535
8439,-6.463441848754883,-15.375496268644929
8440,-6.1199164390563965,-15.352803120985627
8441,-4.648173809051514,-15.289186038389802
8442,-2.444538116455078,-15.127842105284333
8443,-11.601040840148926,-15.088118522062897
8444,-8.461576461791992,-14.91824356020987
8445,-1.8108652830123901,-14.8439393376261
8446,0.7050700187683105,-14.801496991053224
8447,-0.6444640159606934,-14.769002779856324
8448,0.32107600569725037,-14.735788942828774
8449,-5.301290512084961,-14.735973970904947
8450,-2.2989206314086914,-14.725350719943643
8451,-6.524775505065918,-14.723296787753702
8452,-14.859443664550781,-14.759490562930702
8453,-5.065299987792969,-14.76190994502604
8454,-37.1829948425293,-14.862248434558511
8455,-32.87848663330078,-14.946589735522867
8456,-19.18015480041504,-14.980516005054117
8457,-39.51492691040039,-15.101667028918863
8458,-9.220633506774902,-15.12495775462687
8459,-4.196606636047363,-15.117265034213663
8460,-6.722141742706299,-15.147837177291512
8461,-6.888000011444092,-15.169604774489999
8462,-3.3162899017333984,-15.158475162521004
8463,-6.944116592407227,-15.1299206199795
8464,-4.59278678894043,-15.094917770400643
8465,-49.997802734375,-15.212208450332284
8466,-11.55988597869873,-15.107516048446298
8467,-7.299593448638916,-14.953023687377572
8468,-48.934326171875,-14.975882268920541
8469,-0.9002273082733154,-14.817689568534494
8470,0.6669413447380066,-14.784824142709374
8471,1.1072160005569458,-14.746269180074334
8472,-43.831871032714844,-14.892428331151605
8473,-3.2646446228027344,-14.892485649839044
8474,-5.932692527770996,-14.895687252774835
8475,-11.01603889465332,-14.739140339627863
8476,-16.757078170776367,-14.60456264950335
8477,-20.561166763305664,-14.66466340519488
8478,-41.64248275756836,-14.78314029957354
8479,-46.11571502685547,-14.752734034314752
8480,-41.77928924560547,-14.901058922544122
8481,-35.43785095214844,-15.048175667539239
8482,-7.6680498123168945,-15.084223243013025
8483,-8.649066925048828,-15.11343690277636
8484,-4.289999961853027,-15.13587104679644
8485,-4.840658187866211,-15.159362871423363
8486,-6.320008277893066,-15.185510048523545
8487,-2.763711929321289,-15.148550919190049
8488,-7.774925231933594,-15.11847884811461
8489,-7.698050022125244,-15.080392874374986
8490,-14.731382369995117,-15.025225783005357
8491,-13.058294296264648,-14.725552038803697
8492,-11.219548225402832,-14.580227091446519
8493,-0.23255400359630585,-14.41652635653317
8494,1.2377279996871948,-14.376799146011471
8495,1.160838007926941,-14.346584380939603
8496,1.029919981956482,-14.142371469810605
8497,-1.0618547201156616,-14.12658112128079
8498,-5.34930944442749,-13.9484744528085
8499,-13.17427921295166,-13.979179902866482
8500,-18.43072509765625,-14.022912437275052
8501,-19.02483367919922,-14.075968356922269
8502,-39.23606872558594,-14.175439102008939
8503,-40.30742263793945,-14.265323776081205
8504,-40.67893600463867,-14.361843978717923
8505,-37.02232360839844,-14.495738448932768
8506,-7.782233238220215,-14.326627193287015
8507,-8.567058563232422,-14.354166566208004
8508,-4.241250038146973,-14.184278966262937
8509,-6.7037248611450195,-14.182160594299436
8510,-6.374761581420898,-14.16889430554211
8511,-2.7758638858795166,-14.139190193489194
8512,-5.181149959564209,-14.095052709892393
8513,-7.571545600891113,-14.07471038658917
8514,-15.726475715637207,-13.98384346230328
8515,-11.087020874023438,-13.84359819252789
8516,-11.024094581604004,-13.690976202324032
8517,-1.161130666732788,-13.51005306752026
8518,-3.701301336288452,-13.490202007606625
8519,1.1282612085342407,-13.447430597141386
8520,1.0856519937515259,-13.416015256240964
8521,-2.62296724319458,-13.398877559021114
8522,-8.923127174377441,-13.409144868209959
8523,-10.190567016601562,-13.424836837127804
8524,-58.797386169433594,-13.642902781799435
8525,-16.357833862304688,-13.697236901596188
8526,-38.433895111083984,-13.807304803207517
8527,-86.17236328125,-14.144267675235868
8528,-42.44872283935547,-14.277497876957058
8529,-39.31214141845703,-14.405015518024564
8530,-7.480199813842773,-14.438743757322431
8531,-51.744075775146484,-14.632657175138593
8532,-49.682167053222656,-14.835936027124523
8533,-49.658226013183594,-15.029149893835188
8534,-2.4387080669403076,-15.01060872848332
8535,-6.905550003051758,-15.034088584497571
8536,-6.601566791534424,-15.02027882154286
8537,-7.696259498596191,-14.97913010556996
8538,-11.324735641479492,-14.856084001138806
8539,-9.902009010314941,-14.775797956064343
8540,-7.632345199584961,-14.634428533151747
8541,-49.04963302612305,-14.670602498605847
8542,0.6819120049476624,-14.630582816436887
8543,1.264788031578064,-14.591917131260038
8544,-1.6186786890029907,-14.572470913246274
8545,-43.84119415283203,-14.721652590110898
8546,-48.560916900634766,-14.898165558174252
8547,-8.304243087768555,-14.92282504208386
8548,-57.71466827392578,-15.124586880996823
8549,-6.23663330078125,-15.11770091946423
8550,-36.56879425048828,-15.25183948071301
8551,-46.372222900390625,-15.39952110607922
8552,-21.096139907836914,-15.459281562164426
8553,-44.6589241027832,-15.611764111831784
8554,-7.897824764251709,-15.645945362880825
8555,-6.418316841125488,-15.676881534412503
8556,-6.858208179473877,-15.706146367147564
8557,-4.966650009155273,-15.717208527639508
8558,-4.665050029754639,-15.722439252927899
8559,-3.1219849586486816,-15.688124015882611
8560,-50.185482025146484,-15.844444278791547
8561,-8.02860164642334,-15.814204032972455
8562,-15.843873977661133,-15.750225822523236
8563,-15.110231399536133,-15.656319366529583
8564,-12.829422950744629,-15.533626224592329
8565,-0.2713960111141205,-15.395423570111394
8566,0.029215333983302116,-15.367312509022653
8567,0.9023799896240234,-15.338523288212716
8568,1.1230820417404175,-15.30935282703489
8569,-2.067486047744751,-15.29434973808378
8570,-7.1134748458862305,-15.294944836579264
8571,-12.514200210571289,-15.315743603669107
8572,-16.640100479125977,-15.360317105256021
8573,-19.773666381835938,-15.40620974060148
8574,-40.24110794067383,-15.510567276917397
8575,-17.730796813964844,-15.52529002853483
8576,-40.176639556884766,-15.633995129548014
8577,-45.76415252685547,-15.767647370301187
8578,-5.902092933654785,-15.793539142094552
8579,-8.391775131225586,-15.832565354786814
8580,-3.4260365962982178,-15.850755333386362
8581,-49.21568298339844,-16.050904769383372
8582,-4.690183162689209,-16.0366874441728
8583,-48.8092155456543,-16.181203957997262
8584,-6.764716625213623,-16.151450591526924
8585,-4.2732253074646,-16.106403859578073
8586,-15.084733009338379,-15.98916755052656
8587,-3.580695390701294,-15.832782171688974
8588,-5.866715431213379,-15.67856458517164
8589,0.5005900263786316,-15.481471770964562
8590,1.1485259532928467,-15.442321499548852
8591,-2.43641996383667,-15.425413712225854
8592,1.0432980060577393,-15.395953426085413
8593,1.0069199800491333,-15.193906886301935
8594,-3.1866700649261475,-15.006369661532343
8595,-8.241250991821289,-14.838106958590448
8596,-13.688105583190918,-14.873154413424432
8597,-13.818699836730957,-14.914325245104731
8598,-37.98764419555664,-15.010240295611322
8599,-34.25725173950195,-15.1078311464414
8600,-36.58785629272461,-15.242743109904229
8601,-38.801605224609375,-15.401879474841058
8602,-4.208841800689697,-15.422702674113214
8603,-3.77066969871521,-15.433606217108666
8604,-48.77313995361328,-15.634032248698174
8605,-5.930766582489014,-15.647981752596795
8606,-4.438416481018066,-15.662216311894356
8607,-3.8347833156585693,-15.64824028059095
8608,-6.77988338470459,-15.623557312451304
8609,-7.057831764221191,-15.564246082745493
8610,-13.058652877807617,-15.557694199047983
8611,-1.255918025970459,-15.3634388031587
8612,-2.440601348876953,-15.183371191464364
8613,0.6203799843788147,-15.10650138875097
8614,1.1212379932403564,-15.071852854929864
8615,1.1487599611282349,-15.032488215170801
8616,0.6415500044822693,-15.01286124893278
8617,0.2989340126514435,-14.993557379566132
8618,-3.6381232738494873,-14.980309572063387
8619,-7.071906566619873,-14.994639138065278
8620,-8.663825988769531,-14.83006700976938
8621,-16.585399627685547,-14.876454947315157
8622,-25.900739669799805,-14.755760191760958
8623,-32.6599235534668,-14.832342379413545
8624,-35.8652229309082,-14.940488207660616
8625,-40.598876953125,-15.082802330814301
8626,-9.304916381835938,-15.122713892303407
8627,-5.493041515350342,-15.141120338283478
8628,-3.34218168258667,-15.132986694179476
8629,-49.5706901550293,-15.325912262760102
8630,-7.1800665855407715,-15.352477497182786
8631,-7.888024806976318,-15.334029974065722
8632,-4.502008438110352,-15.293647516332566
8633,-8.34047794342041,-15.270324049077928
8634,-15.934618949890137,-15.157377496801317
8635,-14.52892780303955,-15.044884351812303
8636,-7.639560699462891,-14.879662321172654
8637,-3.2094154357910156,-14.720824628911913
8638,1.2845079898834229,-14.67524899777025
8639,-0.0461059994995594,-14.638151355423034
8640,1.2022919654846191,-14.621146787323058
8641,-3.8303959369659424,-14.616723738349974
8642,-1.4264659881591797,-14.603302702583372
8643,-8.518265724182129,-14.438262301124633
8644,-13.36731243133545,-14.28793374506384
8645,-20.18549919128418,-14.166787481941283
8646,-16.866212844848633,-14.172954233802855
8647,-84.07185363769531,-14.457746756233275
8648,-88.18953704833984,-14.810723080433904
8649,-40.25839614868164,-14.977123513020574
8650,-9.929675102233887,-14.987083800114691
8651,-6.20912504196167,-14.983763289250433
8652,-5.363800048828125,-14.999119745530187
8653,-4.620850086212158,-15.008493113793433
8654,-3.810723304748535,-14.952050772942602
8655,-7.057108402252197,-14.908440537728369
8656,-7.256441593170166,-14.788183558739721
8657,-8.454933166503906,-14.660307215966284
8658,-16.273880004882812,-14.53781348732859
8659,-18.162548065185547,-14.431581492699683
8660,-15.521878242492676,-14.452129004754125
8661,-5.677720069885254,-14.440586383141577
8662,-16.887943267822266,-14.483008055962623
8663,-15.88183879852295,-14.531131277360021
8664,-11.811467170715332,-14.557829778946935
8665,-11.616680145263672,-14.57972886685282
8666,-15.392523765563965,-14.616129862107336
8667,-13.33250904083252,-14.658211418427527
8668,-8.892415046691895,-14.633243343628942
8669,-20.71470069885254,-14.680130096711219
8670,-41.507266998291016,-14.808819557465613
8671,-44.45188522338867,-14.987187119700014
8672,-42.333011627197266,-15.15825044617802
8673,-38.64979934692383,-15.312661843560637
8674,-6.646884918212891,-15.343498175404966
8675,-7.9480414390563965,-15.374028845213354
8676,-6.8212666511535645,-15.375268530271947
8677,-4.5596418380737305,-15.356112776182592
8678,-4.544041633605957,-15.31494759979099
8679,-6.4421000480651855,-15.270014797590672
8680,-6.830150127410889,-15.26833735885471
8681,-5.64633321762085,-15.148995735548437
8682,-15.952225685119629,-15.06635567893833
8683,-15.956611633300781,-15.021696491621435
8684,-16.422801971435547,-15.059695967100561
8685,-2.409153938293457,-15.036801149748266
8686,-8.438322067260742,-15.04681967201084
8687,-8.728861808776855,-15.05674108543247
8688,-9.768877029418945,-15.078439060591162
8689,-9.782339096069336,-15.09171464958042
8690,-12.612955093383789,-15.117686804197728
8691,-12.564047813415527,-15.149350300215184
8692,-3.5418059825897217,-15.153739371679723
8693,-16.186567306518555,-15.172081477545202
8694,-39.37971115112305,-15.295754016302526
8695,-39.77764129638672,-15.447621120356024
8696,-48.94285202026367,-15.646212808512152
8697,-42.734413146972656,-15.814572605036199
8698,-9.829899787902832,-15.855176508210599
8699,-5.803308486938477,-15.857184580110014
8700,-4.232800006866455,-15.864920097611845
8701,-4.274616718292236,-15.85591946246475
8702,-4.94249153137207,-15.816251653932035
8703,-2.3994619846343994,-15.8055883019194
8704,-4.825708389282227,-15.676159156106412
8705,-5.67710018157959,-15.567353610299527
8706,-16.075620651245117,-15.554935473702848
8707,-9.058232307434082,-15.433108695290983
8708,-4.324373245239258,-15.41352365424484
8709,0.7089040279388428,-15.393901611588895
8710,0.4207580089569092,-15.365330012582243
8711,0.1512400060892105,-15.33717305251211
8712,1.0961546897888184,-15.31952327414602
8713,-0.9787359833717346,-15.29566175170988
8714,-10.35966968536377,-15.318729283295571
8715,-14.103577613830566,-15.175152382813394
8716,-17.711435317993164,-15.199758580170572
8717,-19.986467361450195,-15.250506075821816
8718,-39.38502883911133,-15.212308886490762
8719,-40.16777420043945,-15.369379074059427
8720,-41.11118698120117,-15.536491587363184
8721,-42.67057418823242,-15.711602748118342
8722,-9.504899978637695,-15.574294863902033
8723,-8.437058448791504,-15.594984519205987
8724,-4.961741924285889,-15.591100716792047
8725,-4.623125076293945,-15.56552906151861
8726,-2.656575918197632,-15.509127052508294
8727,-7.039124965667725,-15.455038885317743
8728,-5.187758445739746,-15.309219988070428
8729,-8.084975242614746,-15.157097028933466
8730,-2.7136459350585938,-15.000834455691278
8731,-12.839065551757812,-14.910439314089716
8732,-3.1450700759887695,-14.892347395144403
8733,-4.449466228485107,-14.875548992358148
8734,-6.785620212554932,-14.885531473360956
8735,-4.270637512207031,-14.88325139065832
8736,-16.937171936035156,-14.925720045290888
8737,-17.35097885131836,-14.984069112978876
8738,-26.419191360473633,-15.058646177493035
8739,-49.482391357421875,-15.225783542834222
8740,-56.59700393676758,-15.393246029101313
8741,-52.8165168762207,-15.552278919421136
8742,-53.749473571777344,-15.722398620806635
8743,-11.476675033569336,-15.767375104926527
8744,-7.53035831451416,-15.802447450183331
8745,-3.2295799255371094,-15.820009121917188
8746,-7.87155818939209,-15.855615034602582
8747,-6.030049800872803,-15.875487814925611
8748,-8.195474624633789,-15.886872475646436
8749,-8.54409122467041,-15.868351723693312
8750,-4.553165435791016,-15.81284148504585
8751,-17.76107406616211,-15.807786446593703
8752,-16.880300521850586,-15.718363373778761
8753,-7.600921154022217,-15.587537367843092
8754,-1.618673324584961,-15.431296317122877
8755,1.7670780420303345,-15.276138710521161
8756,0.7464159727096558,-15.242024113677441
8757,1.7886780500411987,-15.200601167224347
8758,-2.542264699935913,-15.193805225871504
8759,-4.399109363555908,-15.184586763881146
8760,-10.934220314025879,-15.202824598811567
8761,-20.167421340942383,-15.272390828631819
8762,-11.46635913848877,-15.297531665347517
8763,-54.719486236572266,-15.486123427890242
8764,-54.01085662841797,-15.639260951541365
8765,-61.19658660888672,-15.839699214480817
8766,-53.02949905395508,-16.00772083237022
8767,-9.09035873413086,-16.039437744639812
8768,-5.4402666091918945,-16.046393605731428
8769,-6.709466457366943,-16.077744516395033
8770,-4.4810967445373535,-16.10001151134819
8771,-7.7434000968933105,-16.120493242762983
8772,-7.8968000411987305,-16.116387934230268
8773,-4.540890216827393,-16.09378922703117
8774,-4.867337226867676,-15.878069031260909
8775,-13.348217964172363,-15.866030567668378
8776,-11.68252944946289,-15.759025105021895
8777,-7.989473819732666,-15.446293547175825
8778,-3.4697766304016113,-15.29037776234001
8779,1.0533699989318848,-15.128915716670454
8780,0.2834540009498596,-15.097861101411283
8781,0.8921260237693787,-14.88731629421562
8782,-3.4718453884124756,-14.702475007556378
8783,-7.610067367553711,-14.534282372973859
8784,-1.690682053565979,-14.531290268920362
8785,-18.94437026977539,-14.579445549987257
8786,-23.062971115112305,-14.645291167281568
8787,-43.35667037963867,-14.787932810805739
8788,-45.48422622680664,-14.924570773147046
8789,-54.18526840209961,-15.101703810714186
8790,-38.316856384277344,-15.224441855452955
8791,-8.445775032043457,-15.062026423476636
8792,-6.467716693878174,-15.09062493827194
8793,-4.494533538818359,-15.113662224553526
8794,-5.320250034332275,-15.128468509934843
8795,-7.530091762542725,-14.983224100373686
8796,-6.5143585205078125,-14.815037866853178
8797,-7.781750202178955,-14.812947895310819
8798,-5.827735424041748,-14.605400163911282
8799,-2.24183988571167,-14.589420990251005
8800,-10.163284301757812,-14.483798950456082
8801,-2.9454407691955566,-14.310091821931303
8802,-4.088815212249756,-14.242062523148954
8803,1.68218994140625,-14.056698066972196
8804,1.665287971496582,-14.018445616029203
8805,1.6143840551376343,-13.986314812444151
8806,1.5438599586486816,-13.95270653989166
8807,-3.894444704055786,-13.948417718671262
8808,-1.4284039735794067,-13.935471134446562
8809,-13.523479461669922,-13.977077112458646
8810,-21.944847106933594,-13.864114572785795
8811,-43.17623519897461,-14.004705106996
8812,-46.758365631103516,-14.12836307360977
8813,-47.45174026489258,-14.257729109071196
8814,-46.96159744262695,-14.394257807038725
8815,-8.33657455444336,-14.426518521212042
8816,-8.357108116149902,-14.460063815012575
8817,-7.3634748458862305,-14.493127234354615
8818,-5.5593414306640625,-14.519856928244232
8819,-5.705158233642578,-14.534407616987824
8820,-2.9081099033355713,-14.517586157217622
8821,-4.265159606933594,-14.484589994803072
8822,-6.258544445037842,-14.443063770666718
8823,-16.558727264404297,-14.430204014196992
8824,-9.519994735717773,-14.307319561377168
8825,-6.685457229614258,-14.263138203039766
8826,-8.798362731933594,-14.13762509573996
8827,1.1958119869232178,-13.949785237684846
8828,1.402544617652893,-13.920566687479615
8829,-4.085400104522705,-13.903341187372805
8830,-2.194871425628662,-13.898416526690125
8831,-13.831514358520508,-13.756879852190615
8832,-15.476244926452637,-13.800024099245668
8833,-23.443592071533203,-13.698561605349184
8834,-23.937667846679688,-13.767253410235048
8835,-51.64630126953125,-13.956745714083313
8836,-57.359092712402344,-14.12584315289557
8837,-52.616573333740234,-14.321986664667726
8838,-51.48784637451172,-14.504471188440919
8839,-11.590749740600586,-14.552836547508836
8840,-10.06357479095459,-14.597684950485826
8841,-7.881091594696045,-14.619463637009263
8842,-3.2515900135040283,-14.63664318908751
8843,-7.856716632843018,-14.67209773553908
8844,-3.53729510307312,-14.673500235691666
8845,-7.202274799346924,-14.669344330921769
8846,-6.3825554847717285,-14.640122130528093
8847,-15.940655708312988,-14.64860995401442
8848,-13.257475852966309,-14.54968928064406
8849,-5.003047943115234,-14.432672465458513
8850,-4.955830097198486,-14.306144360676408
8851,-45.678733825683594,-14.333652875080706
8852,-43.1628303527832,-14.489468829289079
8853,1.1307899951934814,-14.469862990513445
8854,1.064551591873169,-14.270512224331497
8855,-9.264049530029297,-14.28384535612166
8856,-16.052404403686523,-14.330301307812332
8857,-11.291068077087402,-14.360126446858049
8858,-21.54404640197754,-14.41918309892714
8859,-92.92610931396484,-14.762656209126115
8860,-58.640769958496094,-14.944984677448868
8861,-52.694156646728516,-15.150737631931902
8862,-54.62815856933594,-15.359487860813736
8863,-8.358024597167969,-15.395401479139924
8864,-8.13290786743164,-15.432418062582611
8865,-7.862891674041748,-15.468464669123293
8866,-6.05258321762085,-15.495241202011705
8867,-3.609001636505127,-15.51087294460833
8868,-7.294033527374268,-15.52549658562243
8869,-8.90375804901123,-15.532823991551995
8870,-8.331171035766602,-15.531493371739984
8871,-16.239835739135742,-15.530111116185784
8872,-11.327832221984863,-15.471819486394525
8873,-2.084958553314209,-15.349519626393914
8874,-50.94513702392578,-15.409839282765985
8875,-3.3951687812805176,-15.261024450078606
8876,1.2542259693145752,-15.218787880674004
8877,1.2468780279159546,-15.19182820250094
8878,-2.519883394241333,-15.188539009347558
8879,-5.2815446853637695,-15.011382427468895
8880,-16.77480697631836,-15.049761389032007
8881,-18.45430564880371,-15.092026512399316
8882,-22.210460662841797,-15.162860321298242
8883,-51.60639953613281,-15.33592400766909
8884,-35.78615188598633,-15.415330139413475
8885,-59.073463439941406,-15.593508281961084
8886,-53.181121826171875,-15.775674526467919
8887,-11.830708503723145,-15.810159698739648
8888,-7.488325119018555,-15.845251031175255
8889,-8.008275032043457,-15.877099707305431
8890,-6.375091552734375,-15.907409241378307
8891,-5.097083568572998,-15.912475991904735
8892,-6.750199794769287,-15.933770927131176
8893,-8.068833351135254,-15.931973197638989
8894,-8.507190704345703,-15.91253271073103
8895,-12.858264923095703,-15.883223773658276
8896,-10.976993560791016,-15.859666896522045
8897,-2.160207986831665,-15.53202031391859
8898,-5.5674967765808105,-15.201532152831554
8899,-6.098273277282715,-15.064891661345959
8900,-5.061861515045166,-15.045420406997204
8901,-3.1837265491485596,-15.033318813025952
8902,-9.911547660827637,-15.05150980347395
8903,-10.62375259399414,-15.075521413505077
8904,-14.321062088012695,-15.117562768638134
8905,-11.821344375610352,-15.136619712531566
8906,-27.070011138916016,-15.21587399071455
8907,-55.81850814819336,-15.405328290641307
8908,-53.96563720703125,-15.556095319449902
8909,-50.37419509887695,-15.684941907584667
8910,-53.59873962402344,-15.83724935311079
8911,-11.302691459655762,-15.859749238669872
8912,-9.99380874633789,-15.832172700583936
8913,-8.013150215148926,-15.80069794625044
8914,-7.702449798583984,-15.784261876761914
8915,-7.589133262634277,-15.768151689231395
8916,-3.3911519050598145,-15.72014620178938
8917,-8.17597484588623,-15.699520065009594
8918,-7.018584728240967,-15.69202474373579
8919,-6.529525279998779,-15.635284042060375
8920,-58.31237030029297,-15.702504455268382
8921,-55.54067611694336,-15.746859618842603
8922,-11.05955982208252,-15.621765811622144
8923,0.7798320055007935,-15.464047286212445
8924,1.5184940099716187,-15.431385770499706
8925,-2.179922580718994,-15.408313295066357
8926,-6.109527111053467,-15.405466336905956
8927,-11.81169605255127,-15.434474553763867
8928,-13.390161514282227,-15.469859033286571
8929,-10.8815336227417,-15.487616767585278
8930,-67.20524597167969,-15.729117150962352
8931,-93.30382537841797,-16.079747119605543
8932,-59.63782501220703,-16.254489516913893
8933,-59.25966262817383,-16.42770172089338
8934,-54.421566009521484,-16.579696777045726
8935,-9.032291412353516,-16.606189326941966
8936,-9.43535041809082,-16.610177440345286
8937,-4.797216892242432,-16.59445086067915
8938,-3.006230115890503,-16.567400273025036
8939,-7.280708312988281,-16.55739374989271
8940,-4.693325042724609,-16.525715229690075
8941,-5.160783290863037,-16.496102171599865
8942,-8.468421936035156,-16.515808635413645
8943,-14.785365104675293,-16.510203826606272
8944,-8.635721206665039,-16.387227866828443
8945,-8.55951976776123,-16.262355380713938
8946,-4.109742641448975,-16.08302294319868
8947,1.5498720407485962,-15.905885802447797
8948,0.08297599852085114,-15.866234299302102
8949,0.29143598675727844,-15.841855321407317
8950,1.413540005683899,-15.819269961357117
8951,0.4822779893875122,-15.800242382526397
8952,-11.582481384277344,-15.826802341938018
8953,-14.261174201965332,-15.874249190807342
8954,-16.995365142822266,-15.922927817821503
8955,-14.759576797485352,-15.959257724285125
8956,-47.413795471191406,-16.08461042356491
8957,-50.77648162841797,-16.251483420848846
8958,-42.553348541259766,-16.40439932203293
8959,-10.31328296661377,-16.448488070011138
8960,-9.438817024230957,-16.48792637014389
8961,-7.077475070953369,-16.516841230452062
8962,-3.034156084060669,-16.53336247354746
8963,-3.0819602012634277,-16.541775370419025
8964,-49.733734130859375,-16.699271628201007
8965,-5.285041809082031,-16.663997484982012
8966,-8.095026016235352,-16.625531847774983
8967,-10.78618049621582,-16.588730700314045
8968,-7.98254919052124,-16.463120781719685
8969,-6.688225269317627,-16.329202585995198
8970,-4.318915843963623,-16.18203350144625
8971,0.9540640115737915,-16.007534948647024
8972,0.32580000162124634,-15.968212148725986
8973,1.009935975074768,-15.930424171030522
8974,-4.057807922363281,-15.926808435022831
8975,-5.347711563110352,-15.929706780970097
8976,-3.608445405960083,-15.933514258921146
8977,-14.937629699707031,-15.965108277857304
8978,-18.248580932617188,-16.017351567804813
8979,-41.861751556396484,-16.15245867305994
8980,-46.3700065612793,-16.327084115564823
8981,-48.65690231323242,-16.470355462610723
8982,-46.3129997253418,-16.643027181208133
8983,-10.665691375732422,-16.667892081797124
8984,-8.344433784484863,-16.674127336084844
8985,-8.034383773803711,-16.68918232113123
8986,-5.965374946594238,-16.645295133173466
8987,-5.617083549499512,-16.59835955196619
8988,-7.782291889190674,-16.523811954081058
8989,-7.492175102233887,-16.355851089060305
8990,-6.9248151779174805,-16.157162334024907
8991,-15.19727897644043,-16.006685382425786
8992,-13.904020309448242,-15.847303569376468
8993,-10.02112102508545,-15.841481353342534
8994,-7.617188453674316,-15.841828673899174
8995,-3.2856087684631348,-15.842052789270879
8996,1.3179359436035156,-15.805294812738895
8997,0.07719600200653076,-15.780865829527379
8998,-6.004086017608643,-15.772100275099277
8999,-9.573373794555664,-15.77621740537882
9000,-2.7771220207214355,-15.76911323171854
9001,-12.43333911895752,-15.747802291929721
9002,-23.365875244140625,-15.773744590818882
9003,-42.80915451049805,-15.914577524244786
9004,-52.2851448059082,-16.11724341017008
9005,-51.051605224609375,-16.328518143236636
9006,-45.55205535888672,-16.513712028563024
9007,-11.984649658203125,-16.568805339396
9008,-6.030035018920898,-16.58275642067194
9009,-50.58956527709961,-16.767518244326116
9010,-8.315725326538086,-16.757044264376162
9011,-5.96364164352417,-16.70022914558649
9012,-8.128524780273438,-16.68687780815363
9013,-5.789756774902344,-16.49115889030695
9014,-9.243144989013672,-16.312088043749334
9015,-12.414888381958008,-16.11696125084162
9016,-14.155643463134766,-15.961465828478337
9017,-58.215301513671875,-16.1579655995965
9018,-16.622032165527344,-16.202692661821843
9019,-8.537147521972656,-16.210003386080267
9020,-4.90193510055542,-16.211686739504337
9021,-2.7836546897888184,-16.19184775787592
9022,-6.040497779846191,-16.184422548830508
9023,-13.77983283996582,-16.221378319323062
9024,-18.3775577545166,-16.27541920143366
9025,-22.75309944152832,-16.313038727343084
9026,-21.698400497436523,-16.353102211534978
9027,-52.1765251159668,-16.529850416719913
9028,-54.31782531738281,-16.733242611467837
9029,-57.99306106567383,-16.96942833572626
9030,-25.386720657348633,-17.072109034359457
9031,-9.000969886779785,-17.111681418001652
9032,-9.06517505645752,-17.134054736673832
9033,-4.85181188583374,-17.12302171474695
9034,-5.8296332359313965,-17.139577519476415
9035,-7.562808513641357,-17.09405127245188
9036,-8.150516510009766,-17.034401454031467
9037,-5.253614902496338,-16.881989232122898
9038,-9.283658981323242,-16.737186963140964
9039,-18.432416915893555,-16.59417555719614
9040,-7.704086780548096,-16.471724478781223
9041,-54.744651794433594,-16.656919985830783
9042,-9.37746810913086,-16.668558991491796
9043,-1.5468707084655762,-16.656768340170384
9044,0.9069313406944275,-16.631859614670276
9045,-0.489680677652359,-16.603697970330714
9046,-4.056956768035889,-16.593868363320826
9047,-2.9644439220428467,-16.574599138200284
9048,-11.734472274780273,-16.598226085603237
9049,-61.61167907714844,-16.835705442368983
9050,-23.54956817626953,-16.88925057786703
9051,-53.61558532714844,-17.09193115609884
9052,-57.174224853515625,-17.304272794663905
9053,-55.39760208129883,-17.532591962754726
9054,-48.242645263671875,-17.7322236956954
9055,-11.440924644470215,-17.78444493049383
9056,-9.002775192260742,-17.826631471097468
9057,-7.961583137512207,-17.842900024831295
9058,-8.07045841217041,-17.869468242585658
9059,-7.78380823135376,-17.846509557664394
9060,-8.187891960144043,-17.791481737077238
9061,-3.3390719890594482,-17.632133084237577
9062,-9.096468925476074,-17.481485497415065
9063,-17.322649002075195,-17.360969132363795
9064,-1.9220499992370605,-17.180810942590238
9065,-6.572520732879639,-17.173754727303983
9066,-8.877564430236816,-17.17583655256033
9067,0.4003773331642151,-17.144781143844128
9068,1.105530023574829,-17.11812165802717
9069,1.320572018623352,-17.09001873701811
9070,-1.6819740533828735,-17.0851141936183
9071,-5.476153373718262,-17.089958168685435
9072,-5.496941566467285,-17.086911757171155
9073,-7.859425067901611,-17.052114548385145
9074,-3.4676599502563477,-17.027905209243297
9075,-17.098438262939453,-17.0695571333766
9076,-9.886215209960938,-17.07390854328871
9077,-16.08935546875,-17.1430492131114
9078,-14.720780372619629,-17.20754251307249
9079,-3.9544246196746826,-17.207018611133098
9080,-5.678244113922119,-17.220952101886272
9081,-50.48780822753906,-17.367577277362347
9082,-8.975127220153809,-17.34157280653715
9083,-10.493599891662598,-17.28977283781767
9084,-17.28974151611328,-17.263181132495404
9085,-18.65583038330078,-17.131219248950483
9086,-21.21380043029785,-16.986638079822065
9087,-43.38478469848633,-16.949710925281046
9088,-38.59305191040039,-16.898131747424603
9089,-23.100276947021484,-16.944169856250287
9090,-43.002628326416016,-17.075926070392132
9091,-6.67257022857666,-17.071091984927655
9092,-6.7465667724609375,-17.085071891963484
9093,-4.495508193969727,-17.071627058207987
9094,-4.704266548156738,-17.076294943988323
9095,-49.06889343261719,-17.243761418521405
9096,-49.95592498779297,-17.41805489653349
9097,-6.954841613769531,-17.382111640155316
9098,-5.367586612701416,-17.350552083194255
9099,-15.540060997009277,-17.392700135409832
9100,-12.806885719299316,-17.424104357898237
9101,-13.765755653381348,-17.296452445209027
9102,-0.36083799600601196,-17.12524447578192
9103,-5.451167106628418,-17.151572304189205
9104,1.2047580480575562,-17.151011478364467
9105,-2.7711493968963623,-17.125039877831934
9106,-5.820156097412109,-17.084110884606837
9107,-7.104178428649902,-17.067363326013087
9108,-13.850179672241211,-17.036587859094144
9109,-17.335926055908203,-16.734227126061917
9110,-16.504600524902344,-16.565682448327543
9111,-13.800887107849121,-16.410109370172023
9112,-44.87172317504883,-16.371083628594874
9113,-38.83688735961914,-16.49299907964468
9114,-41.32815933227539,-16.625780085504054
9115,-7.768583297729492,-16.625402851998807
9116,-7.529550075531006,-16.631310719430445
9117,-4.8541998863220215,-16.636291512429715
9118,-7.082025051116943,-16.635443478524685
9119,-4.56202507019043,-16.6180765466094
9120,-5.1377081871032715,-16.60530269521475
9121,-2.791404962539673,-16.551508972108365
9122,-5.683816432952881,-16.528932908952235
9123,-15.230340003967285,-16.581514434754848
9124,-9.712671279907227,-16.416584571778774
9125,-14.673332214355469,-16.461697225511074
9126,-12.624715805053711,-16.51721299260855
9127,-6.606358528137207,-16.54862593883276
9128,-8.990978240966797,-16.574510318219662
9129,-5.400518894195557,-16.574986215054988
9130,-8.377373695373535,-16.54139648193121
9131,-13.453521728515625,-16.521393346250058
9132,-16.587926864624023,-16.498903211057186
9133,-17.547075271606445,-16.36266591399908
9134,-5.362800121307373,-16.240972506940366
9135,-31.52545738220215,-16.130780482709408
9136,-47.51665115356445,-16.108122600018977
9137,-43.51481628417969,-16.234859031140804
9138,-45.01491928100586,-16.384965407788755
9139,-9.516708374023438,-16.390999141156673
9140,-4.921248435974121,-16.385183768689632
9141,-6.380350112915039,-16.390316834867
9142,-6.08893346786499,-16.387671769559383
9143,-3.9334750175476074,-16.371130336225033
9144,-5.453883171081543,-16.358917106091976
9145,-6.943574905395508,-16.335258346021174
9146,-2.7533578872680664,-16.302363803327083
9147,-15.237452507019043,-16.35467278140783
9148,-15.925766944885254,-16.39610586208105
9149,-13.034303665161133,-16.423849983632564
9150,-14.699454307556152,-16.462400354802607
9151,-16.551860809326172,-16.51587289184332
9152,-13.122457504272461,-16.5287165312171
9153,-16.340293884277344,-16.55158269637823
9154,-13.009119987487793,-16.546334927976133
9155,-13.38103199005127,-16.552573678433895
9156,-15.909551620483398,-16.507931840360165
9157,-8.930669784545898,-16.320380486905574
9158,-18.16973304748535,-16.17719687026739
9159,-24.659406661987305,-16.074337716519832
9160,-34.44389724731445,-15.997718347012997
9161,-43.0190315246582,-16.124583707273008
9162,-38.439842224121094,-16.23836784118414
9163,-6.774516582489014,-16.2334133066535
9164,-7.889866828918457,-16.234162974774836
9165,-6.435058116912842,-16.22954667419195
9166,-6.575133323669434,-16.24228259986639
9167,-6.300291538238525,-16.2347798666358
9168,-6.154908180236816,-16.231325160443784
9169,-6.060441493988037,-16.22944882529974
9170,-7.083758354187012,-16.024534377515316
9171,-15.583951950073242,-15.864707480847835
9172,-4.2930426597595215,-15.837641412198543
9173,-13.600704193115234,-15.895163556993008
9174,-3.913273334503174,-15.916890626370908
9175,-16.670183181762695,-15.97485166877508
9176,-13.83191967010498,-16.00574123901129
9177,-13.983814239501953,-16.01442971175909
9178,-14.537034034729004,-16.019017201840878
9179,-3.6415047645568848,-15.990057086408138
9180,-16.315282821655273,-15.78649723380804
9181,-13.281038284301758,-15.466406085431576
9182,-18.89703369140625,-15.303442920148372
9183,-29.818599700927734,-15.185678668439389
9184,-25.41295051574707,-15.069644206464291
9185,-44.40400695800781,-15.211131068646909
9186,-28.686203002929688,-15.288134478986263
9187,-6.887400150299072,-15.29649521201849
9188,-7.523375034332275,-15.314563791692256
9189,-7.024283409118652,-15.313538092076778
9190,-2.6698648929595947,-15.305444251477718
9191,-52.560367584228516,-15.495042588651181
9192,-4.5954999923706055,-15.479550900876522
9193,-49.504066467285156,-15.618425706326962
9194,-7.403558254241943,-15.61349705451727
9195,-13.188987731933594,-15.632014926373959
9196,-12.314552307128906,-15.664834165036678
9197,-16.37451171875,-15.736531700074673
9198,-16.341299057006836,-15.802228800296783
9199,-13.257452011108398,-15.856424352288245
9200,-9.612749099731445,-15.900529508709907
9201,-8.383562088012695,-15.935992869019508
9202,-7.4776811599731445,-15.919573668122291
9203,-3.2124834060668945,-15.875378904938698
9204,-12.461687088012695,-15.85724419271946
9205,-14.338902473449707,-15.855561495423316
9206,-16.459333419799805,-15.731743647217751
9207,-44.0590934753418,-15.704874094605445
9208,-48.05929183959961,-15.726897867798804
9209,-41.95396423339844,-15.853460592865943
9210,-29.563880920410156,-15.93396084845066
9211,-10.804791450500488,-15.94887011396885
9212,-6.3680500984191895,-15.962205690026284
9213,-6.918333530426025,-15.977551183342934
9214,-3.5356650352478027,-15.792758906960488
9215,-7.093400001525879,-15.799992339730263
9216,-5.87844181060791,-15.791126002907752
9217,-7.634633541107178,-15.778519815087318
9218,-7.331299781799316,-15.775914817452431
9219,-16.06169319152832,-15.813408689141273
9220,-18.33502197265625,-15.869473113656044
9221,-9.290328979492188,-15.910450685620308
9222,-0.41990000009536743,-15.913433485627174
9223,0.9166693091392517,-15.913806552290916
9224,1.2510720491409302,-15.8925710324049
9225,-2.9974586963653564,-15.88317002093792
9226,-0.5504793524742126,-15.870938156723977
9227,-0.7534679770469666,-15.814201509833335
9228,-8.623260498046875,-15.775700228095054
9229,-16.13490867614746,-15.672792856574059
9230,-15.784066200256348,-15.550449095129967
9231,-18.61048698425293,-15.43026343381405
9232,-40.06979751586914,-15.405290624976159
9233,-38.18518829345703,-15.515368612647057
9234,-45.85858154296875,-15.665425203680993
9235,-7.791550159454346,-15.664453869223594
9236,-6.535425186157227,-15.666734070181846
9237,-6.29628324508667,-15.669450868964196
9238,-4.428666591644287,-15.656036367774009
9239,-3.4156317710876465,-15.639730194449426
9240,-6.9732584953308105,-15.639923967719078
9241,-7.245716571807861,-15.608117718100548
9242,-5.895391464233398,-15.576083202719689
9243,-13.097851753234863,-15.588390125632285
9244,-16.076210021972656,-15.62222621190548
9245,-13.245491027832031,-15.662065740942955
9246,-8.346179962158203,-15.700722204566002
9247,1.0680580139160156,-15.696758756518363
9248,1.022994041442871,-15.668650436282158
9249,1.1131759881973267,-15.625904237151145
9250,-5.280875205993652,-15.635919249892234
9251,-7.639515399932861,-15.616743955016137
9252,-13.337647438049316,-15.576631043791771
9253,-17.35686683654785,-15.474821893095971
9254,-15.236900329589844,-15.326628915190696
9255,-36.869815826416016,-15.269901757597923
9256,-46.093994140625,-15.272069512724876
9257,-39.76256561279297,-15.383181176543236
9258,-45.78321838378906,-15.542193910002709
9259,-9.785770416259766,-15.37897873055935
9260,-50.803741455078125,-15.54893079507351
9261,-2.7157859802246094,-15.53593937242031
9262,-4.761141777038574,-15.522469840407371
9263,-6.959716796875,-15.527149680495262
9264,-6.857883453369141,-15.517608634352683
9265,-4.944224834442139,-15.48772598016262
9266,-8.184100151062012,-15.46383980691433
9267,-12.575545310974121,-15.281280782103538
9268,-8.16085147857666,-15.247436059355735
9269,-3.879793405532837,-15.228806642889976
9270,-1.0740753412246704,-15.213495203852654
9271,1.1168040037155151,-15.197893369078637
9272,0.3097800016403198,-15.17249225795269
9273,-43.865028381347656,-15.292833040118218
9274,-43.83354568481445,-15.394656991839408
9275,-3.224029302597046,-15.316540711283684
9276,-52.953433990478516,-15.441560845255852
9277,-13.494869232177734,-15.286834221720696
9278,-5.150233268737793,-15.090163853526116
9279,-42.37797164916992,-15.0277034958601
9280,-40.48963165283203,-15.088115139842033
9281,-17.243574142456055,-15.121085556864738
9282,-38.757972717285156,-15.23985674750805
9283,-7.860774993896484,-15.2518925999403
9284,-5.459390163421631,-15.25041162765026
9285,-5.969008445739746,-15.244036427378655
9286,-7.28547477722168,-15.240576260447503
9287,-7.04865837097168,-15.247756434321403
9288,-4.924941539764404,-15.230321564555169
9289,-5.958066463470459,-15.180424162745476
9290,-5.341483116149902,-15.170973748087883
9291,-10.947868347167969,-14.99578661429882
9292,-10.476207733154297,-15.000181572794915
9293,-4.367793560028076,-15.011465264201163
9294,-3.945038080215454,-15.030873141884804
9295,0.6926680207252502,-15.026143747091293
9296,-0.48841598629951477,-15.011869583964348
9297,-4.805202484130859,-15.0192326182127
9298,0.3010860085487366,-14.971090385079384
9299,0.30669400095939636,-14.723416892766952
9300,-7.993650436401367,-14.66119322180748
9301,-2.948296070098877,-14.458524064779281
9302,-15.427766799926758,-14.291538232564927
9303,-25.590042114257812,-14.172307992696762
9304,-83.74112701416016,-14.314301919698716
9305,-50.643035888671875,-14.471110364675521
9306,-39.264259338378906,-14.592156301259994
9307,-7.510425090789795,-14.590351669073105
9308,-7.134828567504883,-14.586609149694443
9309,-4.218283176422119,-14.572347049474716
9310,-6.837733268737793,-14.566946414709092
9311,-4.263566493988037,-14.570644392728806
9312,-3.3219282627105713,-14.547546230077744
9313,-3.8341333866119385,-14.49359216761589
9314,-4.735575199127197,-14.50484626841545
9315,-14.60496997833252,-14.536976065397262
9316,-8.036259651184082,-14.533610846281052
9317,-5.171745300292969,-14.55589933681488
9318,-4.35275411605835,-14.577732473373413
9319,1.1080800294876099,-14.578582441329957
9320,1.054476022720337,-14.567636641025544
9321,-0.8200460076332092,-14.549012211561204
9322,0.5816839933395386,-14.524697709321975
9323,-1.5958566665649414,-14.49964343571663
9324,-6.860000133514404,-14.513212796449661
9325,-10.061826705932617,-14.485066350221635
9326,-18.317432403564453,-14.518791218996048
9327,-8.93727970123291,-14.49018291592598
9328,-42.36910629272461,-14.6007762196064
9329,-40.723453521728516,-14.747852335214615
9330,-40.249088287353516,-14.88613571190834
9331,-6.354074954986572,-14.70960077881813
9332,-5.109000205993652,-14.69413627076149
9333,-2.4428412914276123,-14.66193323636055
9334,-6.808374881744385,-14.620007769823074
9335,-3.795891761779785,-14.56056801533699
9336,-5.7560248374938965,-14.498736912965775
9337,-6.2368083000183105,-14.350145007371902
9338,-6.945633411407471,-14.22355533337593
9339,-15.82189655303955,-14.194441811800003
9340,-11.73293399810791,-14.06936303448677
9341,-2.7396366596221924,-14.053631300210952
9342,1.1920679807662964,-14.021876761198044
9343,0.5651199817657471,-14.001634248495101
9344,-1.565551996231079,-13.989079390287399
9345,0.3676060140132904,-13.791333392500878
9346,-0.19072599709033966,-13.592272596538066
9347,-4.612487316131592,-13.582903179347515
9348,-8.311535835266113,-13.594678976237773
9349,-2.9065821170806885,-13.54414506071806
9350,-15.3638334274292,-13.554372851550578
9351,-38.55599594116211,-13.653533812701703
9352,-41.135311126708984,-13.816631705224514
9353,-12.08804988861084,-13.843179236352444
9354,-33.04030227661133,-13.980159477651119
9355,-6.524700164794922,-13.995173680722713
9356,-7.431508541107178,-14.001619090497494
9357,-6.757349967956543,-14.00023177665472
9358,-7.059925079345703,-13.973070758283137
9359,-4.412958145141602,-13.921378886640072
9360,-4.198675155639648,-13.87215518516302
9361,-4.572641849517822,-13.835242204129695
9362,-6.149866580963135,-13.680354777753353
9363,-13.059568405151367,-13.577245501935481
9364,-9.73919677734375,-13.450889651715755
9365,-2.0281100273132324,-13.427927758634091
9366,-3.7061994075775146,-13.412634355962277
9367,1.3793339729309082,-13.387700220525264
9368,1.1871000528335571,-13.354623720109462
9369,1.192986011505127,-13.33160367578268
9370,-6.186854839324951,-13.335800262391567
9371,-4.497951984405518,-13.342626450479031
9372,-7.727519989013672,-13.350801264703273
9373,-17.750959396362305,-13.360883742272854
9374,-19.74613380432129,-13.40101759237051
9375,-15.768646240234375,-13.405398848474025
9376,-40.03300094604492,-13.51503198903799
9377,-49.04792404174805,-13.684798251092435
9378,-43.67117691040039,-13.823519045770169
9379,-8.3218412399292,-13.835204335153103
9380,-6.73075008392334,-13.828617840707302
9381,-3.613990068435669,-13.789259714066983
9382,-49.3271598815918,-13.920216646134854
9383,-7.386549949645996,-13.879574544847012
9384,-6.290216445922852,-13.883284210145474
9385,-5.316566467285156,-13.778448646485806
9386,-7.548725128173828,-13.618576942384243
9387,-13.806493759155273,-13.499743652284145
9388,-13.590758323669434,-13.3740470084548
9389,-1.544867992401123,-13.34215964692831
9390,-2.11926007270813,-13.330951693475246
9391,-44.88599395751953,-13.484974268853664
9392,1.1127599477767944,-13.456167495191098
9393,-43.88878631591797,-13.615988740384578
9394,-5.899856090545654,-13.617772632062435
9395,-10.573172569274902,-13.632291022717952
9396,-13.218504905700684,-13.674151610791684
9397,-12.910049438476562,-13.664841998517513
9398,-19.18636703491211,-13.677884398877621
9399,-19.11293601989746,-13.702198928296566
9400,-41.38117599487305,-13.808925815045834
9401,-41.64495849609375,-13.909298205792904
9402,-42.772098541259766,-14.027896769940853
9403,-8.373841285705566,-13.996030959546566
9404,-5.4298834800720215,-13.965714013516903
9405,-7.235424995422363,-13.941131585538388
9406,-7.048224925994873,-13.905686278760433
9407,-3.378901720046997,-13.883479206502438
9408,-5.504199981689453,-13.832817074239253
9409,-5.651100158691406,-13.756783848226071
9410,-9.80217170715332,-13.658216946065426
9411,-14.771700859069824,-13.545227623403072
9412,-2.69730806350708,-13.402257486760616
9413,-9.41595458984375,-13.412823238790036
9414,-7.254334449768066,-13.410281109273434
9415,-3.1010360717773438,-13.396945021092892
9416,1.3385200500488281,-13.36529040759802
9417,1.3009120225906372,-13.334885593354702
9418,0.48788800835609436,-13.30831440860033
9419,-4.181784629821777,-13.300799781143665
9420,-11.744091033935547,-13.319441111862659
9421,-17.49332046508789,-13.327078585922719
9422,-26.38666534423828,-13.415453076660633
9423,-51.088584899902344,-13.565404599487781
9424,-38.982051849365234,-13.70567971354723
9425,-57.909271240234375,-13.870636065781117
9426,-46.13370895385742,-13.999843222916127
9427,-12.421125411987305,-13.993592467606067
9428,-10.402766227722168,-13.97705539637804
9429,-7.498241901397705,-13.992482344925403
9430,-8.007516860961914,-13.959251281082631
9431,-7.87036657333374,-13.937608594238759
9432,-7.830933570861816,-13.89334419375658
9433,-8.535099983215332,-13.808210194885731
9434,-9.544211387634277,-13.744735238373279
9435,-14.753979682922363,-13.626135129272937
9436,-16.780216217041016,-13.578511182129382
9437,-11.664310455322266,-13.597618823349476
9438,0.34483999013900757,-13.566145963251591
9439,-2.874629259109497,-13.549547346651554
9440,1.0356940031051636,-13.534725111067296
9441,1.8050940036773682,-13.317263264715672
9442,1.4797719717025757,-13.292962176859378
9443,-3.6159939765930176,-13.10940988689661
9444,-12.755375862121582,-13.13081715732813
9445,-17.127643585205078,-13.146571780741215
9446,-11.611466407775879,-13.143759437143803
9447,-50.83633041381836,-13.281606711924075
9448,-48.64519500732422,-13.410822295725346
9449,-53.78006362915039,-13.572912742197513
9450,-48.720115661621094,-13.729342208445072
9451,-9.40333366394043,-13.733421294748783
9452,-8.006699562072754,-13.735537368357182
9453,-5.828333377838135,-13.746000768244267
9454,-3.5028140544891357,-13.710165276110173
9455,-5.577433109283447,-13.675119398653507
9456,-7.657383441925049,-13.639911598742009
9457,-6.499458312988281,-13.489673058092594
9458,-5.053716659545898,-13.317650757372379
9459,-17.910125732421875,-13.221475403368473
9460,-12.090144157409668,-13.151580456316472
9461,-12.53300952911377,-13.158493328630923
9462,-7.582581996917725,-13.163351456224918
9463,1.0878219604492188,-13.131326834261417
9464,1.7650799751281738,-13.110123854219914
9465,1.1545979976654053,-13.077131862223148
9466,-0.021531999111175537,-13.053704222977162
9467,-4.891369819641113,-13.042731168091297
9468,-13.837583541870117,-13.06875630313158
9469,-18.990217208862305,-13.080470399200916
9470,-12.393465995788574,-13.056704175293445
9471,-52.37913131713867,-13.229059384644032
9472,-46.31801223754883,-13.412651833593845
9473,-57.78158950805664,-13.647444868862628
9474,-48.06708526611328,-13.844717498123646
9475,-11.612308502197266,-13.879176897346973
9476,-10.580650329589844,-13.919297581255435
9477,-5.123841762542725,-13.93677907639742
9478,-8.147591590881348,-13.934876400768756
9479,-5.809591770172119,-13.893575133144855
9480,-8.11888313293457,-13.86291440087557
9481,-6.515166759490967,-13.81453311997652
9482,-6.638586044311523,-13.68080827409029
9483,-20.3441219329834,-13.609444008648396
9484,-2.522857904434204,-13.436101114094257
9485,-7.920552730560303,-13.436617124378682
9486,-7.085492134094238,-13.43881739217043
9487,-3.0748226642608643,-13.425931549847126
9488,1.2429460287094116,-13.40324509936571
9489,-0.5668213367462158,-13.391849857628346
9490,-3.2425599098205566,-13.376927063286304
9491,-9.577905654907227,-13.386255819618702
9492,-12.302628517150879,-13.411884767830372
9493,-17.134267807006836,-13.42803043204546
9494,-22.252429962158203,-13.452735311806203
9495,-47.61178207397461,-13.590200475990772
9496,-53.2866325378418,-13.769962286293506
9497,-70.19580841064453,-14.055017751991748
9498,-52.90314865112305,-14.270722322762012
9499,-11.222633361816406,-14.320065560162067
9500,-7.534583568572998,-14.329080393612385
9501,-5.851624965667725,-14.321928831875324
9502,-7.898641586303711,-14.300172808468341
9503,-7.472566604614258,-14.260635607540607
9504,-3.516763925552368,-14.213755061924457
9505,-6.1160664558410645,-14.090740064442159
9506,-7.289815902709961,-13.935523351490497
9507,-7.700868606567383,-13.807276563465596
9508,-14.331353187561035,-13.681469102680683
9509,-10.718583106994629,-13.685200353443623
9510,-6.588657855987549,-13.50834001904726
9511,-1.60220468044281,-13.503885693848133
9512,1.7338860034942627,-13.477905582726002
9513,1.3810820579528809,-13.44454238730669
9514,-7.1464924812316895,-13.44569682341814
9515,-8.74422550201416,-13.460896826088428
9516,-14.361732482910156,-13.485607355415821
9517,-19.926036834716797,-13.515009321510792
9518,-14.638628959655762,-13.540920431435108
9519,-90.71564483642578,-13.88826383715868
9520,-47.97265625,-14.075858160793782
9521,-61.46879196166992,-14.326200544655324
9522,-40.30951690673828,-14.488677732288837
9523,-11.622708320617676,-14.359708452045918
9524,-9.530033111572266,-14.222494401752948
9525,-4.69516658782959,-14.228378950893878
9526,-6.952241897583008,-14.044374182522297
9527,-4.9937334060668945,-14.010369639217853
9528,-7.937425136566162,-14.021518406689166
9529,-4.820724964141846,-13.871289419949054
9530,-4.487922668457031,-13.727282584011554
9531,-12.488609313964844,-13.70826272469759
9532,-13.179293632507324,-13.605948008358478
9533,-4.326834201812744,-13.591812245190143
9534,-44.66239547729492,-13.748624266445637
9535,1.7668800354003906,-13.717680712521076
9536,-0.3674739897251129,-13.69000870937109
9537,1.6505099534988403,-13.655212036073207
9538,-3.0097360610961914,-13.647551214158534
9539,-8.119296073913574,-13.656196132600307
9540,-8.090134620666504,-13.667190738618373
9541,-18.08047103881836,-13.695721149384976
9542,-7.789844036102295,-13.684975694596767
9543,-36.61357116699219,-13.813958805024624
9544,-43.50075149536133,-13.972181658685207
9545,-53.552188873291016,-14.189161086261272
9546,-37.671241760253906,-14.33789238935709
9547,-10.732316970825195,-14.361600847303867
9548,-6.985333442687988,-14.390746525108813
9549,-4.763308525085449,-14.411026535212994
9550,-7.488924980163574,-14.409007633388043
9551,-3.820148229598999,-14.412495042026043
9552,-5.080941677093506,-14.37110774153471
9553,-7.666266441345215,-14.299412638843059
9554,-8.094889640808105,-13.99682768934965
9555,-15.581382751464844,-13.856581076800824
9556,-13.583044052124023,-13.753856215655803
9557,-10.072212219238281,-13.764103364169598
9558,-2.4842820167541504,-13.745501177966595
9559,1.2790199518203735,-13.723511965453625
9560,1.543355941772461,-13.689987608611585
9561,0.8386300206184387,-13.669578822553158
9562,-2.6257646083831787,-13.666794167935848
9563,-3.410877227783203,-13.665101143300534
9564,-11.156024932861328,-13.69078294223547
9565,-18.049360275268555,-13.704560503423213
9566,-9.559734344482422,-13.710654402196408
9567,-21.02472686767578,-13.774066328465938
9568,-50.77116012573242,-13.959739952504634
9569,-53.56903839111328,-14.178448426187039
9570,-31.11199951171875,-14.307114328324795
9571,-10.25619125366211,-14.344858909308911
9572,-9.345758438110352,-14.38456867903471
9573,-5.315158367156982,-14.399445885837078
9574,-4.601881504058838,-14.390413411319257
9575,-7.860074996948242,-14.381606404483318
9576,-6.3658833503723145,-14.33380020827055
9577,-6.118774890899658,-14.322526189029217
9578,-6.400800704956055,-14.178652966678143
9579,-58.298458099365234,-14.248952984988689
9580,-17.15437126159668,-14.156574116885663
9581,-13.195032119750977,-14.18393794554472
9582,-1.120112657546997,-14.167982395350933
9583,-3.5715012550354004,-14.172497035205364
9584,-2.1027352809906006,-14.15367447680235
9585,0.7480499744415283,-14.135498709857464
9586,-0.17804600298404694,-14.113186794519425
9587,-48.663352966308594,-14.282892973184586
9588,-13.421782493591309,-14.30879756951332
9589,-21.665210723876953,-14.33217082619667
9590,-25.2623291015625,-14.38628840661049
9591,-50.91258239746094,-14.578980189561843
9592,-49.59968948364258,-14.78214721941948
9593,-58.289649963378906,-15.017566299200057
9594,-47.49518585205078,-15.201284834623337
9595,-11.426950454711914,-15.248463060498237
9596,-7.3917999267578125,-15.277267356216907
9597,-7.774274826049805,-15.289914506256581
9598,-7.7733001708984375,-15.28776156359911
9599,-5.474516868591309,-15.298033302605152
9600,-9.028666496276855,-15.272692634880542
9601,-8.459917068481445,-15.152308319389821
9602,-8.797929763793945,-15.02295879393816
9603,-3.1352100372314453,-14.987147434532643
9604,-9.83828067779541,-14.894339348137379
9605,-12.1092529296875,-14.916677559196948
9606,-3.2397067546844482,-14.899910352051258
9607,1.4727799892425537,-14.866989832222462
9608,1.8112319707870483,-14.83150520402193
9609,1.9162260293960571,-14.80618846732378
9610,-4.035240173339844,-14.805534727394582
9611,-0.6448220014572144,-14.789823448002338
9612,-2.381340503692627,-14.774749343693257
9613,-61.16661834716797,-14.967177543461323
9614,-26.826881408691406,-15.035528281986714
9615,-40.3281364440918,-15.188728387653828
9616,-57.259788513183594,-15.402942744076253
9617,-47.28593444824219,-15.597603817760945
9618,-52.4066162109375,-15.81197868281603
9619,-8.805323600769043,-15.851971921265125
9620,-52.523101806640625,-16.03731690913439
9621,-5.733325004577637,-16.042258401215076
9622,-5.300858497619629,-16.0325517552495
9623,-5.898533344268799,-15.985142051041127
9624,-5.922583103179932,-15.92984784823656
9625,-8.558716773986816,-15.90100813037157
9626,-7.049489498138428,-15.769074084579945
9627,-13.924517631530762,-15.628580458939075
9628,-10.283713340759277,-15.495030604660512
9629,-12.011817932128906,-15.50979051142931
9630,-6.934470176696777,-15.510605391800404
9631,1.545091986656189,-15.489969063580036
9632,1.2478419542312622,-15.287669056236744
9633,1.4681520462036133,-15.252250248253345
9634,-0.20344600081443787,-15.227903166472911
9635,-8.931181907653809,-15.242361628234386
9636,-13.237786293029785,-15.26511787289381
9637,-12.770947456359863,-15.26097568768263
9638,-25.916597366333008,-15.310279043853283
9639,-51.181243896484375,-15.508824547469615
9640,-44.314022064208984,-15.677603595435619
9641,-55.41197204589844,-15.719707507789135
9642,-54.71239471435547,-15.943008126437665
9643,-9.86439037322998,-15.806910542666913
9644,-9.72719955444336,-15.822219916522503
9645,-7.283524990081787,-15.80906132620573
9646,-7.558366775512695,-15.786420773684979
9647,-8.552000045776367,-15.768988576114177
9648,-7.8274664878845215,-15.723552973926067
9649,-7.807641506195068,-15.678331795871257
9650,-9.016890525817871,-15.548874653995037
9651,-3.0449540615081787,-15.394474636256694
9652,-14.946544647216797,-15.283172420680524
9653,-2.6354825496673584,-15.26021898573637
9654,-8.049402236938477,-15.270697060763835
9655,0.1060413345694542,-15.241331195443868
9656,-2.7629261016845703,-15.224190000146628
9657,1.744968056678772,-15.203694521039724
9658,-4.851686477661133,-15.20108446702361
9659,-10.348420143127441,-15.219873746961355
9660,-12.015981674194336,-15.22872898682952
9661,-22.179096221923828,-15.258358568280935
9662,-26.673568725585938,-15.35426361092925
9663,-27.591962814331055,-15.4269676438272
9664,-58.35437774658203,-15.631367817014455
9665,-45.365291595458984,-15.800424839109182
9666,-48.07373809814453,-15.998073871701957
9667,-54.40593338012695,-16.220901253312825
9668,-7.103633403778076,-16.251267338961362
9669,-7.317325115203857,-16.26380950090289
9670,-5.5088582038879395,-16.2388685695827
9671,-5.397058486938477,-16.190483521670103
9672,-8.245091438293457,-16.117917226046323
9673,-8.117691993713379,-15.946033654421568
9674,-8.957140922546387,-15.825934010714292
9675,-12.567496299743652,-15.64456691095233
9676,-15.140522956848145,-15.520594166964292
9677,-10.775527000427246,-15.514011773318053
9678,-9.317829132080078,-15.509672024935483
9679,-4.527381420135498,-15.497788583010434
9680,1.9490220546722412,-15.457962427347898
9681,-2.211005449295044,-15.435324982851744
9682,-2.358128547668457,-15.41343376275897
9683,-8.380550384521484,-15.412815564364195
9684,-2.2445099353790283,-15.383616758555174
9685,-16.065948486328125,-15.388864633768797
9686,-26.341535568237305,-15.427109911173583
9687,-54.87598419189453,-15.599956606119871
9688,-55.80210494995117,-15.824544385880232
9689,-29.20559310913086,-15.929868241280317
9690,-53.429386138916016,-16.147728561848403
9691,-11.709375381469727,-16.20178643938899
9692,-9.90963363647461,-16.2473440618217
9693,-6.710766792297363,-16.259723153084515
9694,-2.856339931488037,-16.22012700936198
9695,-6.965458393096924,-16.17947826859355
9696,-7.545908451080322,-16.163216036766766
9697,-6.634391784667969,-15.986408282250165
9698,-5.660069942474365,-15.814467781990766
9699,-14.881790161132812,-15.658874688118697
9700,-13.788077354431152,-15.519146534889936
9701,-10.452393531799316,-15.523342774361373
9702,-6.588009834289551,-15.517668015450239
9703,-3.3021347522735596,-15.507563220947981
9704,-0.06876999884843826,-15.493827044725418
9705,1.172868013381958,-15.466825840234756
9706,-1.4907673597335815,-15.442159375905991
9707,-6.729139804840088,-15.443078101873398
9708,-17.459043502807617,-15.492699409246445
9709,-62.77717971801758,-15.672167625188827
9710,-20.658239364624023,-15.706440006017685
9711,-86.57579803466797,-16.0026111600399
9712,-23.900667190551758,-16.06788350081444
9713,-45.82825469970703,-16.255547807455063
9714,-41.839141845703125,-16.429964694738388
9715,-7.851349830627441,-16.46598848605156
9716,-5.949666500091553,-16.48970102405548
9717,-2.560476064682007,-16.480377449035643
9718,-8.315507888793945,-16.45828914642334
9719,-2.8548057079315186,-16.393747500419618
9720,-5.6103668212890625,-16.366615103721617
9721,-6.650966644287109,-16.183702445030214
9722,-8.20663070678711,-16.031256918907165
9723,-15.507224082946777,-15.862159457206726
9724,-12.55702018737793,-15.720119196891785
9725,-4.917384147644043,-15.693339499473572
9726,0.8633459806442261,-15.647563514232635
9727,1.5445040464401245,-15.620890130996704
9728,1.630403995513916,-15.581778148651123
9729,0.7823460102081299,-15.555410397529602
9730,-3.0091021060943604,-15.534971273422242
9731,-5.830177307128906,-15.532231315612792
9732,-8.364789962768555,-15.539136131286622
9733,-4.619658470153809,-15.476238277435304
9734,-24.0501708984375,-15.562347529411316
9735,-38.24592208862305,-15.683649006843567
9736,-53.529579162597656,-15.869425354957581
9737,-52.5112419128418,-16.067171031951904
9738,-48.29026794433594,-16.265303887844087
9739,-9.635658264160156,-16.301579235553742
9740,-8.484183311462402,-16.322545729160307
9741,-6.042725086212158,-16.30840500688553
9742,-5.479283332824707,-16.281111626148224
9743,-4.951916694641113,-16.23238222169876
9744,-10.637091636657715,-16.18592086839676
9745,-6.561858177185059,-16.021721172809603
9746,-7.002833366394043,-15.83658597612381
9747,-6.903491497039795,-15.583416708469391
9748,-7.084841728210449,-15.400143480777741
9749,-2.639836072921753,-15.365812291622161
9750,-5.850649833679199,-15.359076556682586
9751,-3.911710023880005,-15.351316896915435
9752,-15.15440559387207,-15.38033995294571
9753,-9.361238479614258,-15.38789464044571
9754,-13.196517944335938,-15.426613656520843
9755,-6.950085163116455,-15.429949731349945
9756,1.3708620071411133,-15.395307019710541
9757,1.2952899932861328,-15.359322385311128
9758,0.15286800265312195,-15.30138550055027
9759,-2.3237574100494385,-15.26780619776249
9760,-3.9133806228637695,-15.257105088829995
9761,-10.970398902893066,-15.294577865719795
9762,-16.937402725219727,-15.369263020634651
9763,-19.801942825317383,-15.453995120167733
9764,-40.063148498535156,-15.585661744236946
9765,-46.21192169189453,-15.735532528996467
9766,-44.00571060180664,-15.854108441472054
9767,-46.29925537109375,-15.959601315617562
9768,-5.490858554840088,-15.9230102339983
9769,-9.061491966247559,-15.596393622517585
9770,-7.365749835968018,-15.433965996861458
9771,-5.267600059509277,-15.209161229252816
9772,-5.366183280944824,-15.069387894749642
9773,-7.354158401489258,-15.052313695073128
9774,-6.187783241271973,-15.038944695591926
9775,-6.444753646850586,-15.04594304382801
9776,-2.8555219173431396,-15.029556163907051
9777,-5.819046497344971,-15.032857416272163
9778,-7.410027980804443,-15.030747827649117
9779,-2.897700071334839,-15.023055728077889
9780,-0.5060480237007141,-15.007128229498862
9781,0.6597819924354553,-14.954534664273263
9782,1.1689380407333374,-14.897141737580299
9783,0.289002001285553,-14.878678392767906
9784,-14.939348220825195,-14.759786203742028
9785,-15.973587989807129,-14.830748075842857
9786,-13.430100440979004,-14.882998581647874
9787,-11.747000694274902,-14.936588624238968
9788,-36.6055908203125,-15.070972043275834
9789,-43.01884841918945,-15.210570252656936
9790,-46.0015983581543,-15.362216107606887
9791,-47.76092529296875,-15.48093792462349
9792,-8.171687126159668,-15.482465296983719
9793,-9.45604133605957,-15.373835177659988
9794,-5.222858428955078,-15.220723605394364
9795,-4.257386684417725,-15.02354439663887
9796,-4.9761834144592285,-14.892764163255691
9797,-5.926050186157227,-14.87353909611702
9798,-7.80709981918335,-14.876826161623
9799,-5.503571510314941,-14.879787213563919
9800,-14.704849243164062,-14.90865091061592
9801,-8.474461555480957,-14.927268163919448
9802,-8.314952850341797,-14.940204208612442
9803,-2.363158702850342,-14.918991777658462
9804,-0.5337839722633362,-14.888747354984284
9805,-0.9521620273590088,-14.83023047208786
9806,0.3689559996128082,-14.774422471880913
9807,1.3339619636535645,-14.728797775149346
9808,-0.4898880124092102,-14.720820199131966
9809,-14.010088920593262,-14.78197663462162
9810,-15.963668823242188,-14.852004733681678
9811,-7.497828006744385,-14.88535056579113
9812,-40.67849349975586,-15.03756148135662
9813,-49.737308502197266,-15.222867206454277
9814,-46.881168365478516,-15.365767780184745
9815,-24.994077682495117,-15.393546649813652
9816,-53.75528335571289,-15.570328845858574
9817,-51.84254837036133,-15.693600131869315
9818,-4.792558193206787,-15.509685724139214
9819,-3.9519999027252197,-15.311217570185661
9820,-49.55649948120117,-15.384995570063591
9821,-49.882041931152344,-15.543498972773552
9822,-7.185916900634766,-15.53485960662365
9823,-5.144540786743164,-15.534177136301995
9824,-13.794068336486816,-15.570945883631707
9825,-10.688678741455078,-15.582260298609734
9826,-6.057986736297607,-15.581028712153435
9827,0.2821033298969269,-15.555425199270248
9828,0.6806979775428772,-15.527099204540253
9829,0.373524010181427,-15.292411276102065
9830,-0.021390000358223915,-15.223879351057112
9831,1.2499380111694336,-15.16609947053343
9832,-1.1168773174285889,-15.166086529172956
9833,-7.4833760261535645,-15.181734028257429
9834,-3.0208423137664795,-15.185406456388533
9835,-19.032194137573242,-15.264527432836593
9836,-40.342628479003906,-15.425185762740671
9837,-39.166282653808594,-15.387197481490672
9838,-42.265625,-15.502572851516307
9839,-36.93498611450195,-15.563651953078807
9840,-7.161483287811279,-15.491248569823801
9841,-8.397516250610352,-15.321188305236399
9842,-3.6065099239349365,-15.137215586997568
9843,-6.982574939727783,-14.931987286902965
9844,-4.876408100128174,-14.761512175895273
9845,-6.243091583251953,-14.740776740409434
9846,-4.93642520904541,-14.730955241538584
9847,-5.150259017944336,-14.720459178306163
9848,-9.710525512695312,-14.72820807967335
9849,-7.6324944496154785,-14.736839989997447
9850,-2.969275951385498,-14.712602427817881
9851,0.5859379768371582,-14.676419007636607
9852,-1.0474799871444702,-14.64541720853001
9853,1.1698559522628784,-14.628196944572032
9854,1.2101579904556274,-14.584003189899027
9855,0.574425995349884,-14.533268474198877
9856,-3.128091335296631,-14.532822012521326
9857,-11.66305160522461,-14.585365338899194
9858,-15.631908416748047,-14.655137900449336
9859,-18.81789779663086,-14.738074395753443
9860,-8.502813339233398,-14.755944688417017
9861,-38.82270050048828,-14.908656202413141
9862,-44.20627975463867,-15.075955959416927
9863,-35.93083572387695,-14.975012828923761
9864,-9.699141502380371,-14.906501869298518
9865,-6.398166656494141,-14.770781990148127
9866,-3.546147584915161,-14.555927426435053
9867,-4.66754150390625,-14.38545385465771
9868,-6.840766429901123,-14.203190455533564
9869,-4.781070232391357,-14.187093442060053
9870,-7.771349906921387,-14.008086434461177
9871,-5.530716896057129,-14.007276002027094
9872,-11.468328475952148,-14.031945881940425
9873,-17.506942749023438,-14.078379519559443
9874,-17.503345489501953,-14.12470256910473
9875,-6.531225204467773,-14.116592602826655
9876,1.3553459644317627,-14.082973260976374
9877,1.2844799757003784,-14.02213727054745
9878,0.6915879845619202,-13.978236065246165
9879,0.6327099800109863,-13.927657953597604
9880,-4.902353286743164,-13.91952948603779
9881,-11.712620735168457,-13.97256033692509
9882,-10.786924362182617,-14.020699402190745
9883,-16.35840606689453,-14.092005634643137
9884,-39.979801177978516,-14.251111055351794
9885,-51.50044250488281,-14.42138809774071
9886,-51.986778259277344,-14.5763840656057
9887,-44.000389099121094,-14.701301832176744
9888,-6.286753177642822,-14.622782455421984
9889,-5.993758201599121,-14.442032512642443
9890,-7.302374839782715,-14.293985923744739
9891,-4.86644172668457,-14.091803802467883
9892,-7.927999973297119,-13.90466622350365
9893,-7.854549884796143,-13.896626861549914
9894,-4.860916614532471,-13.87716172979027
9895,-8.762532234191895,-13.88307775876671
9896,-16.86182975769043,-13.920291610695422
9897,-2.4716739654541016,-13.895970306374133
9898,-10.265473365783691,-13.905722333885729
9899,-7.585329532623291,-13.904833085991442
9900,0.5415700078010559,-13.866599243856966
9901,1.276561975479126,-13.849313179709018
9902,-0.22484999895095825,-13.790426401115955
9903,-3.6881086826324463,-13.794636905647815
9904,-0.17039400339126587,-13.763120872713625
9905,-2.104517936706543,-13.77196310979873
9906,-11.213613510131836,-13.805765859432519
9907,-19.936683654785156,-13.892492466278375
9908,-39.85211944580078,-14.032494198150932
9909,-48.87103271484375,-14.186584648437798
9910,-34.206024169921875,-14.275344818420708
9911,-59.888309478759766,-14.426181671448052
9912,-10.46126651763916,-14.361332462616264
9913,-8.597392082214355,-14.285354179687799
9914,-5.059275150299072,-14.072173769302665
9915,-7.637016773223877,-13.921260670013726
9916,-5.13944149017334,-13.749523483581841
9917,-4.795916557312012,-13.55108341629058
9918,-3.5321884155273438,-13.536797636337578
9919,-51.3446159362793,-13.71290679962188
9920,-18.425493240356445,-13.764573339767754
9921,-13.422364234924316,-13.796674562759698
9922,-12.433643341064453,-13.81342877037078
9923,-7.90364408493042,-13.812572578735649
9924,-16.359100341796875,-13.842180416412651
9925,-12.626255989074707,-13.842415455169975
9926,-2.597062587738037,-13.792241613693536
9927,-15.761207580566406,-13.812184336014091
9928,-14.154562950134277,-13.831531271286309
9929,-16.171846389770508,-13.878109131164848
9930,-18.471281051635742,-13.95979034359008
9931,-12.155264854431152,-13.999567381210625
9932,-42.20817565917969,-14.15896756965667
9933,-40.771148681640625,-14.288529962845146
9934,-51.377197265625,-14.485060712166131
9935,-41.28453063964844,-14.585935040779411
9936,-7.5773749351501465,-14.510878398247064
9937,-5.777081489562988,-14.314482787437736
9938,-7.588591575622559,-14.121628733940423
9939,-7.188408374786377,-14.033559995003044
9940,-7.358274936676025,-13.849275550194085
9941,-5.392833232879639,-13.824009381599724
9942,-7.844150066375732,-13.815747447319328
9943,-7.612894058227539,-13.819355956383049
9944,-15.861369132995605,-13.87137607318908
9945,-10.708547592163086,-13.886348429985345
9946,-10.988348960876465,-13.900118192024529
9947,-1.7368520498275757,-13.880528033085167
9948,-10.355600357055664,-13.899310154743493
9949,-13.424318313598633,-13.893480267353356
9950,-18.14103126525879,-13.910892082996666
9951,-20.342609405517578,-13.95045294649154
9952,-18.57072639465332,-13.998383812732994
9953,-17.772502899169922,-14.05626528532058
9954,-5.9342875480651855,-14.079727355517447
9955,-22.269817352294922,-14.173498096980154
9956,-45.49150466918945,-14.349501046217979
9957,-52.064361572265625,-14.53084193328768
9958,-50.8039665222168,-14.664221625365316
9959,-45.41550827026367,-14.594774939574302
9960,-5.8383917808532715,-14.535495549239219
9961,-7.256275177001953,-14.218217457808555
9962,-3.9638097286224365,-14.138470027960837
9963,-50.31927490234375,-14.156434108771384
9964,-50.38893508911133,-14.190633281745017
9965,-7.172916889190674,-14.18791954997927
9966,-5.134458541870117,-14.184658718146384
9967,-8.195879936218262,-14.207200333632528
9968,-8.876834869384766,-14.209445641554892
9969,-51.49543380737305,-14.404008153952658
9970,-47.68804931640625,-14.572318883933127
9971,-46.21711349487305,-14.730583471335471
9972,0.11599399894475937,-14.697292972512543
9973,1.3784220218658447,-14.629750388093292
9974,0.5978080034255981,-14.577131075330078
9975,1.2507840394973755,-14.552458402581513
9976,1.0746694803237915,-14.551613108582794
9977,-56.28080368041992,-14.782914339490235
9978,-55.163604736328125,-15.010090374417603
9979,-15.298446655273438,-15.07441354507953
9980,-81.52889251708984,-15.388492706723511
9981,-89.94823455810547,-15.724964935727417
9982,-49.14279556274414,-15.88807695812732
9983,-38.82434844970703,-16.02489571804553
9984,-8.40222454071045,-15.962303932614624
9985,-6.768449783325195,-15.836394043393433
9986,-49.53689193725586,-15.820423294492066
9987,-4.181666851043701,-15.627104994244874
9988,-4.601566791534424,-15.452350189633668
9989,-49.18556594848633,-15.610549820370972
9990,-50.36293411254883,-15.778064823575319
9991,-4.911371231079102,-15.773539408154786
9992,-13.905296325683594,-15.807243460126221
9993,-4.93270206451416,-15.807166601605713
9994,0.6154320240020752,-15.762156506963073
9995,0.14699199795722961,-15.735321106262505
9996,0.18383799493312836,-15.706574420817196
9997,-0.8251519799232483,-15.68226106274873
9998,1.1441160440444946,-15.64934523165971
9999,0.5672619938850403,-15.636516839392483
10000,0.727541983127594,-15.610204072125256
10001,-7.986800670623779,-15.626504434712231
10002,-11.836527824401855,-15.61323292363435
10003,-19.125993728637695,-15.652291944630445
10004,-41.65888595581055,-15.766141416676343
10005,-36.7909049987793,-15.885504696018995
10006,-39.1928825378418,-16.047759674198925
10007,-42.85499954223633,-16.224360832341016
10008,-7.093558311462402,-16.253346537597476
10009,-8.38354206085205,-16.277585676200687
10010,-6.935558319091797,-16.2896743869856
10011,-5.847308158874512,-16.269182024009528
10012,-4.505041599273682,-16.21945257950574
10013,-5.044216632843018,-16.160421674735844
10014,-4.73633337020874,-16.01911441422254
10015,-2.950131893157959,-15.846067255027592
10016,-2.8704960346221924,-15.681526396758855
10017,-1.995551347732544,-15.50431158066541
10018,-3.77630877494812,-15.497453381545842
10019,0.6583240032196045,-15.458574117667974
10020,0.30770599842071533,-15.427880294330418
10021,1.2487499713897705,-15.401814894206822
10022,0.4938400089740753,-15.378374801047146
10023,1.2891960144042969,-15.343801383383573
10024,1.1899800300598145,-15.314290330298245
10025,-7.4664812088012695,-15.318377240546047
10026,-9.210607528686523,-15.34379758299142
10027,-16.700647354125977,-15.387323986418545
10028,-33.938053131103516,-15.493436087019742
10029,-31.232023239135742,-15.606773379690946
10030,-49.82952117919922,-15.804067272312938
10031,-32.80122375488281,-15.937911295302213
10032,-52.703582763671875,-16.153401378519835
10033,-6.62696647644043,-16.181065252430738
10034,-50.29024124145508,-16.32246882451326
10035,-7.758458137512207,-16.28960830510408
10036,-4.689528465270996,-16.254646017201246
10037,-5.545258522033691,-16.22983904851228
10038,-7.7449164390563965,-16.114396350987256
10039,-5.494089603424072,-15.964297315724194
10040,-11.999601364135742,-15.82828932774812
10041,-8.037078857421875,-15.669393942005932
10042,-7.139036655426025,-15.665263340122998
10043,1.4388279914855957,-15.621683862812818
10044,0.9218720197677612,-15.597104941017927
10045,-0.5722060203552246,-15.582364218361676
10046,0.21260599792003632,-15.56160906071216
10047,0.6965399980545044,-15.535118699975312
10048,1.0580999851226807,-15.499657900758088
10049,-10.125515937805176,-15.518145678468048
10050,-3.3405160903930664,-15.472688345856964
10051,-16.38226890563965,-15.504319575257599
10052,-47.95111846923828,-15.662864237733185
10053,-48.5753288269043,-15.847712918229401
10054,-52.788326263427734,-16.05673108739406
10055,-47.711273193359375,-16.24376753205806
10056,-5.772656440734863,-16.268333981819453
10057,-8.5784330368042,-16.30798356182128
10058,-4.886803150177002,-16.325571222372353
10059,-49.631900787353516,-16.468058469839395
10060,-49.62940979003906,-16.60272143370658
10061,-7.962883472442627,-16.604581655569376
10062,-6.182258129119873,-16.46659671408683
10063,-8.033289909362793,-16.299780639715493
10064,-16.82327651977539,-16.17954907233268
10065,-3.776625394821167,-16.094679263181984
10066,-7.628558158874512,-15.910172362394631
10067,-4.20034646987915,-15.719603554792702
10068,0.8159139752388,-15.69716966611892
10069,1.4005440473556519,-15.675759490318596
10070,0.23884199559688568,-15.476578124411404
10071,0.664497971534729,-15.274391964800655
10072,-7.901663303375244,-15.277254950411617
10073,-9.420351028442383,-15.294358191378414
10074,-16.997039794921875,-15.307170077212154
10075,-22.542644500732422,-15.354585940249263
10076,-48.03357696533203,-15.522488301165401
10077,-50.58983612060547,-15.725976058967412
10078,-42.86412811279297,-15.900155363328755
10079,-19.13616371154785,-15.978194114215672
10080,-18.770591735839844,-16.053190921157597
10081,-16.262197494506836,-16.123239463180305
10082,-15.162543296813965,-16.179422127097844
10083,-1.7352739572525024,-16.156429718822242
10084,-12.730237007141113,-16.195267297595738
10085,-11.138875007629395,-16.163694021075965
10086,-5.6492815017700195,-16.024920633167028
10087,-13.658475875854492,-15.922889406055212
10088,-13.019357681274414,-15.80590433678031
10089,-2.883970022201538,-15.669700272411108
10090,-9.522371292114258,-15.67914382442832
10091,-18.27981185913086,-15.718673006862401
10092,-45.19003677368164,-15.88500711426139
10093,-42.232818603515625,-16.02600808891654
10094,-44.39495849609375,-16.184082290500402
10095,-43.237857818603516,-16.33206135544181
10096,-8.6472749710083,-16.34690475448966
10097,-6.192111492156982,-16.351072164386512
10098,-5.699416637420654,-16.33502772888541
10099,-5.036633491516113,-16.324644285053015
10100,-7.777524948120117,-16.343877281039955
10101,-4.7746782302856445,-16.365319745868444
10102,-6.156583309173584,-16.38575615915656
10103,-51.27842712402344,-16.595549291461705
10104,-13.13456916809082,-16.652928200095893
10105,-15.664196968078613,-16.717882691949605
10106,-12.632322311401367,-16.755899615854023
10107,-6.607716083526611,-16.73567827376723
10108,-2.5052733421325684,-16.68317173346877
10109,1.0369219779968262,-16.60375245437026
10110,0.6673240065574646,-16.567071904987095
10111,1.2917699813842773,-16.406614023059607
10112,-6.911109447479248,-16.257433341830968
10113,-14.824589729309082,-16.173008357852698
10114,-15.956962585449219,-16.198039642184973
10115,-22.44996452331543,-16.26224683365226
10116,-46.003108978271484,-16.432074679225682
10117,-53.088905334472656,-16.62576013454795
10118,-22.205360412597656,-16.687218510478736
10119,-42.476654052734375,-16.838000845760106
10120,-8.224775314331055,-16.839814547389746
10121,-6.538674831390381,-16.84384637913108
10122,-3.0160155296325684,-16.8100371273458
10123,-4.170616626739502,-16.756691822856666
10124,-3.6618833541870117,-16.701325974315406
10125,-4.30364990234375,-16.692415673106908
10126,-4.009633541107178,-16.713875591129064
10127,-7.187806129455566,-16.747764735549687
10128,-15.59112548828125,-16.812895589441062
10129,-16.215206146240234,-16.880287253946065
10130,-11.588788986206055,-16.90703299674392
10131,-7.144965171813965,-16.8887623744905
10132,-2.908086061477661,-16.85724702128768
10133,1.1734379529953003,-16.78711964520812
10134,-3.0413272380828857,-16.639365749448537
10135,-1.2451900243759155,-16.43834473952651
10136,-7.027836799621582,-16.25850897368789
10137,-11.758095741271973,-16.12953980025649
10138,-14.855875968933105,-16.16381629142165
10139,-24.692502975463867,-16.23861127051711
10140,-40.21511459350586,-16.370262229532003
10141,-17.612869262695312,-16.421247939676046
10142,-40.6713981628418,-16.552221532434224
10143,-42.88692092895508,-16.69235101661086
10144,-7.4071831703186035,-16.702536082834005
10145,-5.889975070953369,-16.691045854181052
10146,-6.77988338470459,-16.65071806868911
10147,-2.9775500297546387,-16.65274157294631
10148,-6.6597418785095215,-16.638318646997213
10149,-4.432458400726318,-16.625707162469624
10150,-6.872725009918213,-16.6553643425405
10151,-7.678102493286133,-16.691183000415563
10152,-2.3831660747528076,-16.69981626471877
10153,-4.358080863952637,-16.702496153444052
10154,-10.52905559539795,-16.743930799812077
10155,0.21837332844734192,-16.734639234751462
10156,-43.75843048095703,-16.864818502634765
10157,1.2892860174179077,-16.779914623945952
10158,-5.161335468292236,-16.641151488035916
10159,0.4038420021533966,-16.444051989167928
10160,-0.21433399617671967,-16.308085228472947
10161,-7.6405487060546875,-16.09909418538213
10162,-10.79266357421875,-16.100419773608447
10163,-19.0672550201416,-16.142299225360155
10164,-29.2283992767334,-16.23897572186589
10165,-46.183990478515625,-16.39316361668706
10166,-37.611515045166016,-16.52305191090703
10167,-41.9532585144043,-16.6716812787354
10168,-7.376200199127197,-16.687057325869798
10169,-6.0290751457214355,-16.505795162707567
10170,-5.038691520690918,-16.452247955828906
10171,-6.413825035095215,-16.424213799029587
10172,-5.163383483886719,-16.395132759600877
10173,-5.155908107757568,-16.384141815692185
10174,-4.2246599197387695,-16.335604054003955
10175,-51.23344039916992,-16.490032791644335
10176,-15.37099838256836,-16.541128534823656
10177,-11.424470901489258,-16.523781588107347
10178,-7.435795783996582,-16.496906519442796
10179,0.15995000302791595,-16.431579333871603
10180,1.3962420225143433,-16.352109241575004
10181,0.1372700035572052,-16.30293910214305
10182,1.275804042816162,-16.129003183335065
10183,-3.0347280502319336,-15.978057500809431
10184,-1.0020452737808228,-15.776556892842054
10185,-9.215458869934082,-15.648280605763198
10186,-13.672016143798828,-15.672659170597791
10187,-6.709639549255371,-15.676389402836561
10188,-45.31328201293945,-15.827288164585829
10189,-43.17534637451172,-15.97123591658473
10190,-30.006465911865234,-16.061828680485487
10191,-47.19744873046875,-16.229047142475842
10192,-8.308732986450195,-16.230905474156142
10193,-6.937775135040283,-16.228204998463394
10194,-4.1674699783325195,-16.18142940184474
10195,-7.582200050354004,-16.168924011677504
10196,-6.902408123016357,-16.152580248326064
10197,-7.231308460235596,-16.174558073967695
10198,-6.052366733551025,-16.157345139473676
10199,-7.805411338806152,-16.134869511574507
10200,-14.220270156860352,-16.119186467140914
10201,-1.0505739450454712,-16.042018325299026
10202,0.4137420058250427,-15.966080451697112
10203,0.9248679876327515,-15.891290968149901
10204,0.030355999246239662,-15.867432393960655
10205,-0.7163940072059631,-15.781218700580299
10206,-0.30446600914001465,-15.600470545940102
10207,-3.6673600673675537,-15.40688253992051
10208,-5.7213335037231445,-15.226552007846534
10209,-10.414714813232422,-15.086548834018409
10210,-3.9980499744415283,-15.079187466792762
10211,-11.373706817626953,-15.095657193355262
10212,-44.699710845947266,-15.258600797824561
10213,-43.95650100708008,-15.233149702243507
10214,-52.340118408203125,-15.240954435519875
10215,-47.37434005737305,-15.401760128192604
10216,-11.090250015258789,-15.425583294086158
10217,-8.580599784851074,-15.42712217348069
10218,-2.7598679065704346,-15.402654305629433
10219,-7.085599899291992,-15.225014969997108
10220,-7.561291694641113,-15.064507939510047
10221,-4.603733539581299,-14.898054419688881
10222,-4.389122009277344,-14.91607488372177
10223,-6.1451616287231445,-14.946169218324124
10224,-12.909391403198242,-15.00019801595062
10225,-7.618740081787109,-15.035676112435759
10226,-2.2650558948516846,-15.04903501393646
10227,-43.44939041137695,-14.997709360860288
10228,-0.11733599752187729,-14.777524285905063
10229,0.6684759855270386,-14.713656595341861
10230,-0.5092920064926147,-14.389578193299473
10231,1.239408016204834,-14.024827623002231
10232,-4.253137111663818,-13.84526898919791
10233,-11.050806045532227,-13.734174819581211
10234,-2.743626117706299,-13.711540425889194
10235,-17.34615707397461,-13.753851255051792
10236,-43.93185806274414,-13.731431119553745
10237,-52.26652145385742,-13.923770537965
10238,-39.35356140136719,-14.06277851640433
10239,-86.60240173339844,-14.21244585954398
10240,-8.653017044067383,-14.045606191270053
10241,-7.061924934387207,-14.054208406083285
10242,-49.50569152832031,-14.196609986893833
10243,-7.578516483306885,-14.207193244569003
10244,-4.199645042419434,-14.22645355283469
10245,-5.123083114624023,-14.247533853285015
10246,-8.11465835571289,-14.280727838687598
10247,-5.4720940589904785,-14.299315607003868
10248,-13.68384838104248,-14.358627464704215
10249,-12.834589958190918,-14.412234872512519
10250,-53.01270294189453,-14.627195852212608
10251,-3.2895700931549072,-14.608406929902733
10252,-45.33155059814453,-14.742387020997704
10253,0.9121379852294922,-14.662234494142234
10254,0.946403980255127,-14.491813334397971
10255,1.2722580432891846,-14.339560682229697
10256,-45.834495544433594,-14.366127134256065
10257,-51.10007858276367,-14.399107450418175
10258,-15.271535873413086,-14.431819360665976
10259,-21.816617965698242,-14.485551664285362
10260,-44.173030853271484,-14.63450155442208
10261,-49.862327575683594,-14.810561632089318
10262,-44.953556060791016,-14.972355689935386
10263,-45.80804443359375,-15.135411001138388
10264,-7.99066686630249,-15.148428335122764
10265,-7.518008232116699,-15.166699840478598
10266,-6.848891735076904,-15.182613423280419
10267,-5.14995002746582,-15.195231017999351
10268,-7.56790018081665,-15.210397383622825
10269,-5.17140007019043,-15.233716279916464
10270,-7.9451165199279785,-15.26672756998986
10271,-8.336566925048828,-15.305068837575615
10272,-10.946531295776367,-15.350830322794616
10273,-11.951338768005371,-15.403792461924255
10274,0.3306640088558197,-15.40722972600907
10275,-2.469496011734009,-15.387241785220802
10276,0.3066311478614807,-15.34917283051461
10277,0.6915519833564758,-15.27960403316468
10278,1.3587299585342407,-15.13841690080613
10279,0.43202295899391174,-15.01176071601361
10280,0.4972020089626312,-14.810453823260962
10281,-5.326300144195557,-14.700554128818213
10282,-11.661361694335938,-14.53638524454087
10283,-16.710811614990234,-14.576720625095069
10284,-20.08090591430664,-14.455883283786475
10285,-49.675682067871094,-14.62355217950791
10286,-44.03718566894531,-14.780942808322608
10287,-46.295265197753906,-14.943942835025489
10288,-8.473074913024902,-14.946855468921363
10289,-8.713417053222656,-14.959732778720557
10290,-3.9432249069213867,-14.9275072728917
10291,-4.41469144821167,-14.913017723254859
10292,-2.5577480792999268,-14.894692568950354
10293,-6.67068338394165,-14.927130614452064
10294,-6.703508377075195,-14.957632136039436
10295,-5.0819621086120605,-14.975671160392464
10296,-2.194796085357666,-14.985300768725574
10297,-8.549297332763672,-15.022284118048846
10298,0.8549240231513977,-15.023096821896733
10299,-2.99945330619812,-14.994592571370303
10300,0.16215799748897552,-14.980581875018775
10301,0.7197219729423523,-14.912173911504448
10302,-0.1294499933719635,-14.720887237600982
10303,1.0806913375854492,-14.522263156943023
10304,0.8914759755134583,-14.30754394798726
10305,-9.016129493713379,-14.152763373188675
10306,-14.936476707458496,-14.189418654255569
10307,-15.264740943908691,-14.216163885883986
10308,-12.551776885986328,-14.246823780827224
10309,-44.82162857055664,-14.227582691960036
10310,-36.440670013427734,-14.174827732853592
10311,-42.00601577758789,-14.311000262074172
10312,-9.855574607849121,-14.32569352798909
10313,-8.210749626159668,-14.326403366856278
10314,-4.482508182525635,-14.277040293507278
10315,-6.3449249267578125,-14.287313491635025
10316,-6.792233467102051,-14.283968192867935
10317,-6.749983310699463,-14.294166740231216
10318,-2.671704053878784,-14.308117212347685
10319,-2.8417820930480957,-14.325086516909302
10320,-11.428808212280273,-14.37175711774081
10321,-8.82730770111084,-14.409724340431392
10322,-0.08781199902296066,-14.378468935213983
10323,-3.107731342315674,-14.353218456469476
10324,1.2986819744110107,-14.280035569392144
10325,0.9518960118293762,-14.186057407341897
10326,0.7009400129318237,-13.991119339428842
10327,0.5636259913444519,-13.786505490981042
10328,0.6488680243492126,-13.612453506432473
10329,-4.469852447509766,-13.55378826137632
10330,-9.560317039489746,-13.51694716259092
10331,-16.062744140625,-13.516149349175393
10332,-79.78038787841797,-13.77462072750181
10333,-44.03205108642578,-13.943807836018502
10334,-44.96836853027344,-14.072760362111032
10335,-39.84254837036133,-14.18757505556196
10336,-10.753166198730469,-14.207990594349802
10337,-5.7331085205078125,-14.176289124928415
10338,-4.532341480255127,-14.142341060124338
10339,-3.6253600120544434,-14.14530662008375
10340,-5.091125011444092,-14.127581634961068
10341,-5.017458438873291,-14.07453222128004
10342,-5.2202582359313965,-13.914653107129038
10343,-8.1947021484375,-13.778500641308725
10344,-17.315227508544922,-13.67018171735853
10345,-6.852852821350098,-13.524641697369516
10346,-10.126227378845215,-13.530557507000864
10347,-1.311028003692627,-13.511033173047005
10348,1.3608360290527344,-13.482792162381113
10349,1.3077000379562378,-13.457414828263223
10350,0.6672880053520203,-13.423635576449335
10351,-5.4815993309021,-13.4264632608518
10352,-8.799507141113281,-13.43703495617956
10353,-4.975019931793213,-13.251821327410639
10354,-19.433095932006836,-13.277015434466302
10355,-22.442485809326172,-13.304128589831292
10356,-42.82175064086914,-13.424886303149163
10357,-43.43026351928711,-13.572176492892206
10358,-43.95295333862305,-13.737967212878168
10359,-48.5584831237793,-13.936348833285273
10360,-8.378825187683105,-13.972533430062235
10361,-6.394468307495117,-14.003278383217753
10362,-7.087008476257324,-14.003981979332865
10363,-5.594441890716553,-13.967061387978495
10364,-7.954866886138916,-13.935053005181253
10365,-5.362174987792969,-13.866701847039163
10366,-5.410274982452393,-13.704330511055886
10367,-6.012533664703369,-13.516025024376809
10368,-13.423523902893066,-13.48089767833799
10369,-12.818774223327637,-13.362266159020365
10370,-10.887799263000488,-13.372918254815042
10371,-2.6825714111328125,-13.357493841134012
10372,0.7434626817703247,-13.3424559282884
10373,1.2488939762115479,-13.320777885876597
10374,1.3960260152816772,-13.300546248398721
10375,-5.1511945724487305,-13.30393642707914
10376,-0.47098198533058167,-13.289781820856035
10377,-14.113773345947266,-13.317485689722002
10378,-12.562973022460938,-13.30537307985872
10379,-11.563243865966797,-13.286765230737627
10380,-44.173030853271484,-13.417102198205889
10381,-42.97274398803711,-13.56041331347078
10382,-50.76140594482422,-13.751826593004168
10383,-40.482540130615234,-13.91845050533861
10384,-7.033531665802002,-13.934419323049486
10385,-8.841358184814453,-13.96480399569124
10386,-5.379724979400635,-13.958211548410356
10387,-4.691374778747559,-13.929944664560258
10388,-5.835050106048584,-13.893861361108721
10389,-7.119508266448975,-13.82356938227266
10390,-7.712200164794922,-13.693557724557817
10391,-6.1063642501831055,-13.647531704507768
10392,-10.771714210510254,-13.527932968698442
10393,-11.654888153076172,-13.403004837594926
10394,0.28917399048805237,-13.3722194089517
10395,0.906004011631012,-13.345035492621362
10396,0.08848199993371964,-13.31756203108281
10397,-1.623595952987671,-13.31214621477574
10398,-0.7564799785614014,-13.288533167175949
10399,1.4366339445114136,-13.265056797794998
10400,-0.5253446698188782,-13.2396672764346
10401,-10.170522689819336,-13.249636957220734
10402,-16.308013916015625,-13.305336348585785
10403,-17.13343048095703,-13.356437747053802
10404,-39.844581604003906,-13.473699851088226
10405,-45.97775650024414,-13.658484370402991
10406,-42.89250183105469,-13.655020655803382
10407,-17.00594711303711,-13.728201588325202
10408,-6.107491493225098,-13.731986212424934
10409,-8.615699768066406,-13.768064379505812
10410,-4.984958171844482,-13.787146876208483
10411,-5.467258453369141,-13.778453715197742
10412,-7.490224838256836,-13.765243960253894
10413,-4.826900005340576,-13.70828254019469
10414,-7.236616611480713,-13.62031540953368
10415,-4.800992965698242,-13.45478341948241
10416,-7.378533363342285,-13.333851492755114
10417,-5.679808139801025,-13.188757691256702
10418,-8.382133483886719,-13.19278142439574
10419,-8.765767097473145,-13.203728192202746
10420,-14.515604972839355,-13.241635846011341
10421,-11.845321655273438,-13.263361832492054
10422,-10.359618186950684,-13.284146771304309
10423,-13.900019645690918,-13.319123217456042
10424,-3.4648430347442627,-13.316083949916065
10425,-44.576290130615234,-13.289455348841846
10426,1.2602159976959229,-13.222930491320788
10427,-3.6783061027526855,-13.191945832125842
10428,-11.546342849731445,-13.208388020388782
10429,-56.57005310058594,-13.435308032803237
10430,-7.171674728393555,-13.46957969980687
10431,-27.907947540283203,-13.581760569982231
10432,-51.107025146484375,-13.791291886739433
10433,-57.640167236328125,-14.009713643483817
10434,-52.52391815185547,-14.215801134996116
10435,-46.96052551269531,-14.366781401567161
10436,-9.575366973876953,-14.350394804887474
10437,-5.321424961090088,-14.344841946534812
10438,-5.175516605377197,-14.184290884904563
10439,-8.234366416931152,-14.04452696507424
10440,-5.689883232116699,-13.947260634355247
10441,-6.6558918952941895,-13.78509440701455
10442,-8.454174995422363,-13.785676175050437
10443,-6.5229172706604,-13.784016743592918
10444,-13.184951782226562,-13.820086670808495
10445,-11.26803970336914,-13.834830029420555
10446,-7.815965175628662,-13.838484257631004
10447,-5.501590728759766,-13.831565386705101
10448,1.039762020111084,-13.803196871690453
10449,1.760040044784546,-13.76493506615609
10450,-0.5332486629486084,-13.710186980180442
10451,-1.7750240564346313,-13.713084780626
10452,-12.037887573242188,-13.762891298942268
10453,-13.406625747680664,-13.820217273883522
10454,-19.09980583190918,-13.896737921208143
10455,-27.99030303955078,-14.005833557337523
10456,-57.628196716308594,-14.235128480166196
10457,-32.03450393676758,-14.348597055643797
10458,-61.919219970703125,-14.573388601511716
10459,-56.406368255615234,-14.757355215281247
10460,-9.685866355895996,-14.780106480807065
10461,-6.441740989685059,-14.760378617495299
10462,-8.21822452545166,-14.614452672213316
10463,-5.7295331954956055,-14.461544800966978
10464,-8.89140796661377,-14.287749959200621
10465,-5.6483917236328125,-14.12084616586566
10466,-5.860616683959961,-14.099927632540464
10467,-8.653824806213379,-14.100220532625913
10468,-18.523366928100586,-14.163274528712034
10469,-18.516008377075195,-14.208996162623167
10470,-19.232177734375,-14.255679706782102
10471,-15.294869422912598,-14.298444250315427
10472,-11.203545570373535,-14.325701944559812
10473,-1.6999553442001343,-14.30792111942172
10474,-5.8067827224731445,-14.27951068469882
10475,-0.32673799991607666,-14.250342676371336
10476,-14.110368728637695,-14.29772392770648
10477,-18.912084579467773,-14.199574704378843
10478,-24.851972579956055,-14.29851325070858
10479,-14.73370361328125,-14.360121969103814
10480,-57.465049743652344,-14.587945000052452
10481,-63.460689544677734,-14.846745390295983
10482,-60.64286422729492,-15.072304298758507
10483,-49.27428436279297,-15.22519821202755
10484,-7.175224781036377,-15.24292460668087
10485,-7.904189109802246,-15.20515673482418
10486,-50.73571014404297,-15.232372143149377
10487,-7.721083164215088,-15.054190389990806
10488,-5.9114251136779785,-14.92042184484005
10489,-4.872395038604736,-14.593501818060876
10490,-8.433266639709473,-14.592622816443443
10491,-6.654788017272949,-14.590994268774987
10492,-18.027050018310547,-14.465079702734947
10493,-15.097357749938965,-14.495155067801475
10494,-7.249815464019775,-14.507355749487877
10495,-8.613995552062988,-14.521319399237633
10496,-6.074694633483887,-14.513159544348717
10497,-5.184408664703369,-14.512008802771568
10498,-1.4782207012176514,-14.463186292052269
10499,-8.180377960205078,-14.444569444060326
10500,-12.179563522338867,-14.281236886382104
10501,-11.361089706420898,-14.313522964835167
10502,-22.153575897216797,-14.220811066031455
10503,-26.493982315063477,-14.330435547232629
10504,-55.99717330932617,-14.558209856390953
10505,-54.36286163330078,-14.780750335097313
10506,-42.00590515136719,-14.765435973525047
10507,-48.482933044433594,-14.754967391371727
10508,-11.971650123596191,-14.74176784837246
10509,-7.188778400421143,-14.68325649011135
10510,-5.64633321762085,-14.529149699568748
10511,-50.782291412353516,-14.532829554915429
10512,-8.38354206085205,-14.386549498915672
10513,-5.851624965667725,-14.226723821043969
10514,-5.815116882324219,-14.218021621108056
10515,-6.0296478271484375,-14.212068179488183
10516,-12.954642295837402,-14.236491181731225
10517,-10.080297470092773,-14.256212571501733
10518,-11.802163124084473,-14.273149623274803
10519,-6.109662055969238,-14.276902671217918
10520,-0.9851353168487549,-14.2490627464056
10521,-2.772480010986328,-14.226806398749352
10522,-1.4346213340759277,-14.18875875890255
10523,-8.231735229492188,-14.173880344748497
10524,-12.893243789672852,-14.226775975942612
10525,-17.815574645996094,-14.28816029047966
10526,-21.322790145874023,-14.374677975654603
10527,-26.178647994995117,-14.482158775568008
10528,-48.61460494995117,-14.68205211520195
10529,-58.933815002441406,-14.919515467047692
10530,-29.60814094543457,-15.03993683886528
10531,-49.68880081176758,-15.217386841535568
10532,-9.564749717712402,-15.209000393629074
10533,-7.587883472442627,-15.172508681058885
10534,-5.041833400726318,-15.112352391004562
10535,-7.106616497039795,-14.942076128721236
10536,-5.250483512878418,-14.78692932009697
10537,-6.921258449554443,-14.629433293104173
10538,-4.720624923706055,-14.614423493146896
10539,-3.539679765701294,-14.59372854399681
10540,-14.16391658782959,-14.634611310720445
10541,-11.603934288024902,-14.663368282079697
10542,-5.3459672927856445,-14.67452115893364
10543,-7.825195789337158,-14.679139208555222
10544,-2.3490426540374756,-14.661721345663072
10545,1.377369999885559,-14.63588401722908
10546,1.418962001800537,-14.621428984880447
10547,-2.451498031616211,-14.597037787675857
10548,-9.69722843170166,-14.63924639749527
10549,-10.081901550292969,-14.66757619047165
10550,-14.500409126281738,-14.726226458966732
10551,-8.61456298828125,-14.763563598811626
10552,-43.211883544921875,-14.935893333017827
10553,-49.99443817138672,-15.140193851053715
10554,-52.583065032958984,-15.354092015087604
10555,-56.309722900390625,-15.543266388714313
10556,-7.748866558074951,-15.51451594811678
10557,-4.229653835296631,-15.470375599682331
10558,-6.654758453369141,-15.446787525951862
10559,-7.229899883270264,-15.296420611202716
10560,-4.925591468811035,-15.17036029702425
10561,-10.24145793914795,-15.04330206567049
10562,-4.103759765625,-15.020294806301594
10563,-8.047737121582031,-15.019642756283282
10564,-11.40683650970459,-15.047340069592
10565,-8.851006507873535,-15.057364395916462
10566,-13.628782272338867,-15.084710591137409
10567,0.34241199493408203,-15.056341009914876
10568,1.5369080305099487,-15.039506561577321
10569,-2.1070966720581055,-15.03656781989336
10570,-6.464503765106201,-15.016710602104665
10571,-10.285733222961426,-15.022544304192067
10572,-9.818745613098145,-15.061468038648368
10573,-13.516180992126465,-15.10310183724761
10574,-16.6944522857666,-15.17507437428832
10575,-16.228742599487305,-15.243796928733587
10576,-50.36994171142578,-15.448080455631018
10577,-49.190677642822266,-15.647097670167685
10578,-47.1551513671875,-15.838313747733832
10579,-32.9137077331543,-15.952089168876409
10580,-8.688117027282715,-15.94860036882758
10581,-6.848291873931885,-15.911742559760809
10582,-5.630191802978516,-15.615141775459051
10583,-50.14496612548828,-15.639593435615302
10584,-5.584041595458984,-15.482056127876044
10585,-5.630733489990234,-15.34520886835456
10586,-51.1543083190918,-15.506813436836005
10587,-9.064241409301758,-15.52013796839118
10588,-10.3406343460083,-15.543371139854193
10589,-9.69431209564209,-15.567646948188543
10590,-8.33809757232666,-15.580634838432074
10591,-6.265311241149902,-15.58562624964118
10592,-4.938404083251953,-15.584498833030462
10593,1.673658013343811,-15.545025392383337
10594,-2.0649640560150146,-15.484024338573217
10595,-6.76340913772583,-15.483666563838721
10596,-6.667536735534668,-15.469831801265478
10597,-11.713637351989746,-15.511442238658667
10598,-21.082012176513672,-15.601213631480933
10599,-26.85415267944336,-15.71386104235053
10600,-52.91246032714844,-15.928180035680532
10601,-60.55109405517578,-16.148458014577628
10602,-30.64598274230957,-16.23584391698241
10603,-52.50060272216797,-16.425946248143912
10604,-9.961466789245605,-16.388059731572866
10605,-5.549568176269531,-16.32048806104064
10606,-7.527058124542236,-16.179309290975333
10607,-5.3545918464660645,-16.027006604284047
10608,-5.948470115661621,-15.874988671392202
10609,-7.779799938201904,-15.711873938649893
10610,-5.262074947357178,-15.69940693768859
10611,-8.565561294555664,-15.708091309636831
10612,-15.976189613342285,-15.74364803418517
10613,-4.627533912658691,-15.73978040227294
10614,-53.92300033569336,-15.923652936071157
10615,-8.000712394714355,-15.934207085698842
10616,-3.010697364807129,-15.924608775228261
10617,1.0542739629745483,-15.89634154471755
10618,-0.011838000267744064,-15.842694801107049
10619,-2.6891698837280273,-15.80217638374865
10620,-5.623419284820557,-15.78111886383593
10621,-9.75436019897461,-15.809406018987298
10622,-15.150514602661133,-15.872981928125023
10623,-21.905778884887695,-15.96560061956942
10624,-54.27659606933594,-16.18829110790789
10625,-60.1121940612793,-16.408135105863213
10626,-58.9129753112793,-16.641903079167008
10627,-46.04415512084961,-16.769624606266618
10628,-11.2340087890625,-16.764308749333026
10629,-9.943541526794434,-16.757829939976336
10630,-5.510700225830078,-16.60318061746657
10631,-7.596283435821533,-16.461674775257706
10632,-3.108370065689087,-16.271062631741167
10633,-8.115091323852539,-16.141592836514114
10634,-6.531308174133301,-16.13958394254744
10635,-3.532776117324829,-16.11834961427748
10636,-12.790141105651855,-16.147991278782488
10637,-16.22732925415039,-16.1941350966841
10638,-7.370512008666992,-16.200276944294572
10639,-7.8136677742004395,-16.203053582325577
10640,1.605191946029663,-16.16578401388228
10641,1.0123480558395386,-16.137309164658188
10642,1.4713560342788696,-16.088336883679034
10643,-1.2629673480987549,-16.046769200459124
10644,-5.853986740112305,-16.071341843381525
10645,-13.3179931640625,-16.1282378320843
10646,-15.944673538208008,-16.192370454236865
10647,-22.427677154541016,-16.275586779043078
10648,-49.77125930786133,-16.47164589636028
10649,-59.52788162231445,-16.715503958627583
10650,-56.53449249267578,-16.93954054991901
10651,-54.10325241088867,-17.115271468803286
10652,-11.598658561706543,-17.09643404738605
10653,-10.06541633605957,-17.06816199080646
10654,-5.401283264160156,-16.930388797447087
10655,-7.382108211517334,-16.776006204292177
10656,-3.261323928833008,-16.617481492683293
10657,-8.465983390808105,-16.583321637794377
10658,-6.314316749572754,-16.584148938819766
10659,-9.011188507080078,-16.58573089377582
10660,-16.219709396362305,-16.630669898673894
10661,-10.720878601074219,-16.65168437926471
10662,-8.83608341217041,-16.657067813560367
10663,-4.814446449279785,-16.657017999336123
10664,-0.18388867378234863,-16.62880708758533
10665,0.42739999294281006,-16.607893515750767
10666,-7.161752223968506,-16.60702639119327
10667,-6.03013277053833,-16.60842768971622
10668,-11.154326438903809,-16.61951646153629
10669,-18.163549423217773,-16.657107590839267
10670,-21.29116439819336,-16.684209828540684
10671,-25.17498207092285,-16.73752847020328
10672,-50.87800216674805,-16.89960200612247
10673,-49.68924331665039,-17.04275890080631
10674,-56.29597854614258,-17.2540834428519
10675,-47.216331481933594,-17.264643608257174
10676,-9.761375427246094,-17.308729973956943
10677,-7.7180962562561035,-17.324889134570956
10678,-49.94184112548828,-17.478471127673984
10679,-6.015966892242432,-17.27625478284061
10680,-50.9088249206543,-17.451203383609652
10681,-50.59162521362305,-17.541938094303013
10682,-6.535425186157227,-17.363651694461705
10683,-3.557555913925171,-17.14732124917209
10684,-19.105993270874023,-17.013649549648164
10685,-3.472393274307251,-16.839697020694615
10686,-4.212995529174805,-16.818247534915805
10687,-6.607315540313721,-16.8233910972327
10688,-6.002965927124023,-16.826700894519686
10689,-9.661332130432129,-16.832408757373692
10690,-5.144604682922363,-16.83022764317691
10691,-0.514083981513977,-16.805660411521792
10692,-14.63809585571289,-16.830396094962953
10693,-17.774662017822266,-16.875403073951603
10694,-20.910781860351562,-16.906306394264103
10695,-19.41708755493164,-16.938902585670352
10696,-49.327667236328125,-17.10494939391315
10697,-47.91857147216797,-17.274617316886783
10698,-58.99632263183594,-17.51476165549457
10699,-45.27541732788086,-17.70290348498523
10700,-9.633866310119629,-17.739305955573915
10701,-9.783316612243652,-17.77133912579715
10702,-3.284001588821411,-17.73632358185947
10703,-6.945416450500488,-17.71047874467075
10704,-4.408186435699463,-17.65171226708591
10705,-7.506366729736328,-17.569776521846652
10706,-5.57515811920166,-17.361564367458225
10707,-5.607480525970459,-17.255856273815034
10708,-11.673490524291992,-17.05487335602939
10709,-11.138134956359863,-16.87380042283237
10710,-8.466702461242676,-16.868923767253758
10711,-6.127684116363525,-16.867667539760472
10712,-5.081282138824463,-16.85511977021396
10713,-6.317513465881348,-16.857471691295505
10714,-5.862444877624512,-16.845355838939547
10715,-0.22525599598884583,-16.823663296028972
10716,-7.931330680847168,-16.83194615201652
10717,-13.164944648742676,-16.84999063138664
10718,-16.02981185913086,-16.84001641111076
10719,-21.06893539428711,-16.850228119179608
10720,-38.6644287109375,-16.927957123085857
10721,-45.563140869140625,-17.049030208870768
10722,-50.88288116455078,-17.20774755124748
10723,-25.705659866333008,-17.30377036933601
10724,-10.795042037963867,-17.32372340659797
10725,-6.815899848937988,-17.34968005399406
10726,-6.821374893188477,-17.320524078652262
10727,-5.2129998207092285,-17.26572773961723
10728,-4.591708183288574,-17.18468668203056
10729,-5.639833450317383,-17.148311201378704
10730,-5.5316081047058105,-16.940577434822917
10731,-5.455689430236816,-16.708557434365154
10732,-16.35865020751953,-16.531420578286053
10733,-12.7053804397583,-16.385144962593913
10734,-11.909271240234375,-16.404081148430706
10735,-0.32697799801826477,-16.373772303983568
10736,-8.236016273498535,-16.20377352850139
10737,-2.6605067253112793,-16.183531222745778
10738,-9.353564262390137,-16.197299779340625
10739,-5.080103874206543,-16.19813061468303
10740,-13.101597785949707,-16.216803939267994
10741,-14.805294036865234,-16.249405963346362
10742,-3.211728096008301,-16.19014467565715
10743,-18.6700439453125,-16.204435420438646
10744,-41.06869888305664,-16.339710954114796
10745,-44.67514419555664,-16.48395554868877
10746,-90.53565216064453,-16.82179937879741
10747,-46.350685119628906,-16.986464484617112
10748,-10.178083419799805,-17.021263935491444
10749,-8.186266899108887,-17.021287491247058
10750,-5.238999843597412,-16.993525236532093
10751,-7.431399822235107,-16.977806476995347
10752,-44.83714294433594,-17.068540745183824
10753,-7.136674880981445,-16.991111515447496
10754,-3.452470064163208,-16.780932702466846
10755,-4.399199962615967,-16.581078055784108
10756,-4.862649917602539,-16.432505034849047
10757,-4.854416847229004,-16.25799097006023
10758,-5.7638750076293945,-16.233159869596363
10759,-7.487299919128418,-16.234353955671192
10760,-6.225884437561035,-16.236672160550953
10761,-15.022440910339355,-16.093632758542896
10762,-2.3747920989990234,-16.069597758695483
10763,-8.13371753692627,-16.078726128980517
10764,-4.803726673126221,-16.074680568143727
10765,0.3935540020465851,-16.048987760826947
10766,1.24070405960083,-15.992206375405193
10767,0.5580639839172363,-15.949652929589153
10768,-0.16562800109386444,-15.90310678909719
10769,1.1140400171279907,-15.874211980804802
10770,-8.432283401489258,-15.904000573143364
10771,-10.493630409240723,-15.934885174736381
10772,-18.209692001342773,-16.001985457405446
10773,-37.30605697631836,-16.118282744392754
10774,-51.85245132446289,-16.274119574531912
10775,-45.77549743652344,-16.385959265694023
10776,-19.5316162109375,-16.378794569954277
10777,-7.242766857147217,-16.303051045402885
10778,-8.468257904052734,-16.14246565721929
10779,-6.877166748046875,-15.934239064201712
10780,-4.076681613922119,-15.832113226875663
10781,-7.784675121307373,-15.664496724113821
10782,-5.625208377838135,-15.648738558754324
10783,-8.014450073242188,-15.650444825157523
10784,-7.964497089385986,-15.662135479912163
10785,-5.8548994064331055,-15.657128611549735
10786,-11.817841529846191,-15.683398043617606
10787,-7.000099182128906,-15.683713406547904
10788,1.0763620138168335,-15.660525458797812
10789,-0.7559679746627808,-15.649390611633658
10790,0.6983019709587097,-15.589941737398505
10791,-0.6484320163726807,-15.546119728311897
10792,1.238345980644226,-15.519782475218177
10793,1.213107943534851,-15.483629260286689
10794,-7.6975812911987305,-15.505023414835334
10795,-10.852941513061523,-15.553944660887122
10796,-14.704972267150879,-15.618440397962928
10797,-39.370216369628906,-15.766115271314979
10798,-22.142850875854492,-15.81589776109159
10799,-51.78949737548828,-15.982728144392372
10800,-45.9698600769043,-16.10860594819486
10801,-8.366582870483398,-16.10761402772367
10802,-8.663583755493164,-15.969420828565955
10803,-7.131641864776611,-15.797969643339515
10804,-3.594388484954834,-15.602014937147498
10805,-7.441150188446045,-15.40654064629972
10806,-4.796350002288818,-15.394730580076576
10807,-5.5542497634887695,-15.400028963789344
10808,-7.717911243438721,-15.404281574949621
10809,-10.544759750366211,-15.417541014418006
10810,-11.213253021240234,-15.442691660627723
10811,-7.370551109313965,-15.431208033308387
10812,-3.4780752658843994,-15.428705295309424
10813,0.7461439967155457,-15.393529770836235
10814,-0.3684140145778656,-15.349376080855727
10815,0.6083379983901978,-15.311538702830672
10816,-1.5540313720703125,-15.263239699229597
10817,-4.187416076660156,-15.281359011515976
10818,-8.562294960021973,-15.321755823478103
10819,-10.214720726013184,-15.354186319693923
10820,-20.28759002685547,-15.40947866474092
10821,-44.615478515625,-15.546797645911575
10822,-21.907882690429688,-15.5951541942209
10823,-53.89976501464844,-15.756688530310988
10824,-47.38941192626953,-15.879468368873
10825,-8.841300010681152,-15.849918598517776
10826,-7.001583099365234,-15.676445164069534
10827,-4.488033294677734,-15.497634586676956
10828,-6.956250190734863,-15.336838981971145
10829,-4.857991695404053,-15.224616117820144
10830,-7.191441535949707,-15.218629415854812
10831,-5.447649955749512,-15.213026848182082
10832,-6.189823627471924,-15.215265375480056
10833,-17.08884620666504,-15.083040895804762
10834,-10.56814193725586,-15.10297729717195
10835,-8.075328826904297,-15.112755678519607
10836,-45.73222732543945,-15.091067354544997
10837,1.3956120014190674,-15.049227940902114
10838,-43.7076530456543,-15.182696015700698
10839,1.2686940431594849,-15.138843991145492
10840,-45.98439025878906,-15.289429161891341
10841,-3.1500754356384277,-15.276968218669296
10842,-8.320603370666504,-15.290497015818953
10843,-56.333255767822266,-15.522524670943618
10844,-16.290632247924805,-15.579427343711258
10845,-83.73048400878906,-15.88729564319551
10846,-42.49793243408203,-16.0306172259897
10847,-45.95371627807617,-16.167577541694044
10848,-41.990760803222656,-16.25121253620088
10849,-53.00117492675781,-16.355800625190138
10850,-4.569049835205078,-16.162426983222364
10851,-2.9047000408172607,-15.931841407164931
10852,-3.6683449745178223,-15.823930856093764
10853,-7.388500213623047,-15.643482446059584
10854,-5.338991641998291,-15.624992545470596
10855,-5.839383125305176,-15.626151805266739
10856,-5.867320537567139,-15.619512854918838
10857,-13.808635711669922,-15.653329030379654
10858,-12.330232620239258,-15.678856080397964
10859,-11.79290771484375,-15.694908511504531
10860,-8.221851348876953,-15.70674761711061
10861,-1.4278359413146973,-15.678196715697647
10862,-3.124898672103882,-15.626791551932692
10863,0.6830980181694031,-15.60554902420938
10864,-3.0599613189697266,-15.402096868142486
10865,-7.061954498291016,-15.398341836556792
10866,-7.096257209777832,-15.414684075936675
10867,-10.668095588684082,-15.46157355414331
10868,-17.589820861816406,-15.531885485589504
10869,-39.58744812011719,-15.679478598535061
10870,-49.201316833496094,-15.853790188729763
10871,-50.17531967163086,-16.01547402662039
10872,-47.81767272949219,-16.14614265912771
10873,-5.016574859619141,-16.078585843026637
10874,-6.998983383178711,-15.889475392282009
10875,-6.28154993057251,-15.674152815759182
10876,-6.841741561889648,-15.465867880761623
10877,-6.550433158874512,-15.307892992913724
10878,-2.5506179332733154,-15.273159429490565
10879,-4.4720001220703125,-15.25127326387167
10880,-7.374419212341309,-15.258728139817714
10881,-14.812664985656738,-15.287593666017056
10882,-10.64650821685791,-15.31774621862173
10883,-5.080865383148193,-15.305609314858913
10884,0.7222059965133667,-15.276595258176327
10885,1.3080780506134033,-15.257231841504574
10886,1.251971960067749,-15.201063389241696
10887,1.1080440282821655,-15.131721896111966
10888,0.22251400351524353,-15.101349792063235
10889,-2.955878734588623,-15.081918635904788
10890,-12.139570236206055,-15.136897684633732
10891,-16.42928695678711,-15.20666422468424
10892,-14.752467155456543,-15.27155951744318
10893,-75.47118377685547,-15.568392383158207
10894,-84.01333618164062,-15.88102978092432
10895,-37.92406463623047,-15.979454066812993
10896,-79.96880340576172,-16.235550586283207
10897,-52.53653335571289,-16.355986011087893
10898,-3.435544013977051,-16.170643149912358
10899,-6.456291675567627,-15.95835679012537
10900,-6.458024978637695,-15.758050920069218
10901,-2.597179889678955,-15.552026629984379
10902,-4.402883529663086,-15.523243529856204
10903,-2.4852700233459473,-15.49292294460535
10904,-4.755135536193848,-15.490338353693485
10905,-13.577521324157715,-15.515120006144047
10906,-6.198736190795898,-15.526869655191899
10907,-4.498569488525391,-15.510999999582767
10908,1.4005260467529297,-15.480140628397464
10909,0.4543299973011017,-15.44227855437994
10910,1.1481300592422485,-15.372807196557522
10911,1.124045968055725,-15.325427498281002
10912,1.1838419437408447,-15.285347796857357
10913,1.21424400806427,-15.261233035027981
10914,-9.166497230529785,-15.29716346925497
10915,-12.577759742736816,-15.349184108197688
10916,-18.55411720275879,-15.39475356811285
10917,-33.86357498168945,-15.506087336957455
10918,-41.27629089355469,-15.626575194776057
10919,-41.78062057495117,-15.721043479382992
10920,-39.777381896972656,-15.794988349378109
10921,-7.4260334968566895,-15.723992555081844
10922,-3.438891887664795,-15.53423611396551
10923,-5.008900165557861,-15.35551474136114
10924,-4.785841464996338,-15.149474193036557
10925,-7.607983112335205,-14.991040799558162
10926,-3.4299347400665283,-14.965715036809444
10927,-5.333466529846191,-14.956176517903804
10928,-5.646422863006592,-14.778994844853878
10929,-56.216087341308594,-14.979795326650143
10930,-54.317359924316406,-14.993429466664791
10931,-5.770130634307861,-14.814143488347531
10932,-45.52836227416992,-14.97011523669958
10933,0.8918240070343018,-14.952317717015744
10934,0.0777060016989708,-14.875582919925451
10935,1.3031100034713745,-14.856480906814337
10936,1.3615740537643433,-14.83418262848258
10937,0.1413699984550476,-14.807187886327505
10938,-6.2225117683410645,-14.808066069692373
10939,-16.012195587158203,-14.833469523519277
10940,-16.79796028137207,-14.880082945913076
10941,-41.94971466064453,-15.045825468629598
10942,-40.2236328125,-15.148167616456748
10943,-33.72395706176758,-15.211964796632529
10944,-39.04259490966797,-15.284492048829794
10945,-53.267024993896484,-15.419891798585653
10946,-51.8907585144043,-15.430144163697959
10947,-6.641541481018066,-15.265036043733359
10948,-4.419241428375244,-15.046727718919515
10949,-5.664858341217041,-14.88828548297286
10950,-5.251349925994873,-14.870755417436362
10951,-7.44635009765625,-14.861407551378012
10952,-5.492150783538818,-14.870240148156881
10953,-7.406580448150635,-14.872084804147482
10954,-52.9522705078125,-15.066261140435934
10955,-9.378500938415527,-15.073749677270651
10956,1.2720839977264404,-15.046360708802938
10957,1.4481899738311768,-15.018138026803731
10958,0.6430960297584534,-14.96887168058753
10959,1.1981699466705322,-14.919526460975408
10960,1.168172001838684,-14.880986963123084
10961,0.6713200211524963,-14.85379094657302
10962,-9.784971237182617,-14.872605702966451
10963,-14.529668807983398,-14.90545432433486
10964,-21.035295486450195,-14.966145726770163
10965,-42.22413635253906,-15.134141248196363
10966,-51.55231475830078,-15.308625184506178
10967,-46.02243423461914,-15.440055142849683
10968,-49.15787124633789,-15.572567380398512
10969,-10.545332908630371,-15.530472970455884
10970,-4.416733264923096,-15.393482188671827
10971,-6.685524940490723,-15.237971724957228
10972,-3.641680955886841,-15.049006924122573
10973,-7.074441432952881,-14.974482050389051
10974,-6.822891712188721,-14.958593449085951
10975,-4.997633457183838,-14.951320383518935
10976,-8.268328666687012,-14.957108198612929
10977,-17.5119686126709,-15.006304073780775
10978,-16.139625549316406,-15.052495743244886
10979,-18.836103439331055,-15.10528082320094
10980,-15.372188568115234,-15.144643145054578
10981,-15.750690460205078,-15.185823149174452
10982,-15.812275886535645,-15.183637651890516
10983,-1.704501986503601,-15.139634138077497
10984,-11.369877815246582,-15.137476564377547
10985,-3.8468093872070312,-15.1515558899343
10986,-56.5760383605957,-15.34491597828269
10987,-58.13898849487305,-15.566829905360937
10988,-21.538103103637695,-15.615568060725927
10989,-43.793094635009766,-15.770420023769141
10990,-43.52425003051758,-15.892110632747412
10991,-36.40983200073242,-15.978528784602881
10992,-85.80529022216797,-16.30890303310752
10993,-10.474916458129883,-16.27612252315879
10994,-6.7948832511901855,-16.139027260631323
10995,-4.516411781311035,-15.97839233097434
10996,-4.686933517456055,-15.634997456401587
10997,-50.440826416015625,-15.651358021587134
10998,-7.111166477203369,-15.639090353816748
10999,-7.630191802978516,-15.636866053432227
11000,-8.108010292053223,-15.648342095226049
11001,-11.851446151733398,-15.666022280544043
11002,-10.578131675720215,-15.52898623546958
11003,-8.507396697998047,-15.534469122737645
11004,-6.10837984085083,-15.545092761844396
11005,0.8438299894332886,-15.5241206420362
11006,-0.3192700147628784,-15.50594712242484
11007,-1.0616611242294312,-15.490776099532843
11008,0.851859986782074,-15.464313159555196
11009,-3.8089563846588135,-15.449599785417318
11010,-6.788062572479248,-15.451848497956991
11011,-56.48664855957031,-15.617705328553916
11012,-16.719179153442383,-15.675082876771688
11013,-83.82003784179688,-15.977828157991171
11014,-44.82410430908203,-16.137909668534995
11015,-43.98176956176758,-16.31541096279025
11016,-84.81488037109375,-16.65963330051303
11017,-53.15446853637695,-16.874483430594207
11018,-51.833343505859375,-17.081154292613267
11019,-4.955599784851074,-17.105432851821185
11020,-50.367698669433594,-17.27317451289296
11021,-50.6356086730957,-17.43374242594838
11022,-4.848674774169922,-17.38029835703969
11023,-5.166524887084961,-17.251740228682756
11024,-5.409201145172119,-17.065967227965594
11025,-58.774444580078125,-17.11796301653981
11026,-10.274026870727539,-17.080932659178973
11027,-6.296369552612305,-17.077147069960834
11028,1.4152859449386597,-17.037612894564866
11029,-43.59385681152344,-17.184479654818773
11030,1.3608180284500122,-17.162729656249283
11031,1.310148000717163,-17.126350363761187
11032,1.4265899658203125,-17.098143170386553
11033,-1.5441033840179443,-17.072261783629656
11034,-49.66854476928711,-17.23907797434926
11035,-10.629504203796387,-17.258176393538715
11036,-16.0666446685791,-17.275171606093647
11037,-18.9898624420166,-17.323130659133195
11038,-50.86780548095703,-17.530907329112292
11039,-44.11211013793945,-17.7043318977654
11040,-40.692237854003906,-17.86989405706525
11041,-10.205816268920898,-17.90812359407544
11042,-9.308382987976074,-17.950310509949922
11043,-4.229875087738037,-17.972082442075013
11044,-6.589216709136963,-17.967648983746766
11045,-4.706433296203613,-17.943062950879334
11046,-6.74055814743042,-17.911205294400453
11047,-4.663858413696289,-17.772379862576724
11048,-5.646538257598877,-17.7063946121037
11049,-56.15138626098633,-17.723842167645692
11050,-54.946624755859375,-17.759749226361514
11051,-51.950950622558594,-17.934086697369814
11052,-0.2843259871006012,-17.900569666296242
11053,1.1573339700698853,-17.867413762956858
11054,-0.051458001136779785,-17.853242041021584
11055,0.4905819892883301,-17.82151511231065
11056,0.7018380165100098,-17.799522360235454
11057,0.46083399653434753,-17.77546202519536
11058,-9.134617805480957,-17.78112885144353
11059,-13.969401359558105,-17.794827417880295
11060,-4.0290679931640625,-17.76609067776799
11061,-42.582794189453125,-17.90693965008855
11062,-39.018653869628906,-18.049101964503528
11063,-47.968406677246094,-18.243960167199372
11064,-42.95297622680664,-18.41429841604829
11065,-7.388333320617676,-18.44628510132432
11066,-7.849566459655762,-18.471467241674663
11067,-6.661691665649414,-18.48136434403062
11068,-4.455966472625732,-18.464939030081034
11069,-4.99508810043335,-18.444060499578715
11070,-49.37125015258789,-18.560395140081646
11071,-49.65887451171875,-18.58056872406602
11072,-50.372039794921875,-18.69442535248399
11073,-2.823793888092041,-18.49012146797776
11074,-8.122879028320312,-18.333055336385964
11075,-9.293803215026855,-18.334865349203348
11076,1.1320912837982178,-18.302330651670694
11077,-1.3268979787826538,-18.289686110407114
11078,0.2422599196434021,-18.2608920699656
11079,-43.81455612182617,-18.41671832767129
11080,1.0121040344238281,-18.383904145389796
11081,-2.3492865562438965,-18.371510691791773
11082,-6.195237159729004,-18.3715323459208
11083,-54.09406280517578,-18.519553212314843
11084,-59.681358337402344,-18.71600607791543
11085,-32.52071762084961,-18.813787633091213
11086,-19.113109588623047,-18.707311162143945
11087,-39.744388580322266,-18.87187116447091
11088,-6.708383560180664,-18.723874086529015
11089,-2.834144115447998,-18.740285439163447
11090,-4.310277462005615,-18.57358898797631
11091,-5.249941825866699,-18.581988453537225
11092,-5.390790939331055,-18.570269203811883
11093,-17.215654373168945,-18.41379879823327
11094,-16.452667236328125,-18.414446938186884
11095,-12.003957748413086,-18.127540833145382
11096,-8.797109603881836,-17.992737541824578
11097,-1.4298980236053467,-17.814642268806697
11098,-2.1031687259674072,-17.655091900497673
11099,1.5603280067443848,-17.436845888763667
11100,-7.62772274017334,-17.44908058038354
11101,-13.148402214050293,-17.49005538907647
11102,-14.18968677520752,-17.53214075627923
11103,-23.439990997314453,-17.596346719413997
11104,-23.575931549072266,-17.669294479042293
11105,-47.06045913696289,-17.834178783088923
11106,-50.91391372680664,-18.01436515584588
11107,-46.55975341796875,-18.145369626671076
11108,-47.285316467285156,-18.28518996205926
11109,-5.328358173370361,-18.259331763893364
11110,-3.998133420944214,-18.242436892181637
11111,-6.323958396911621,-18.262021382004022
11112,-5.466978549957275,-18.271389701515435
11113,-8.197317123413086,-18.306911362081767
11114,-6.660658359527588,-18.321314150243996
11115,-5.975450038909912,-18.316968132406473
11116,-6.534807205200195,-18.31472233238816
11117,-17.21491241455078,-18.340909599691628
11118,-15.80817699432373,-18.33378302422166
11119,-12.881462097167969,-18.226959080129863
11120,-10.89039421081543,-18.07371538963914
11121,-6.12448263168335,-17.89751204147935
11122,1.2118779420852661,-17.701393838793038
11123,1.672018051147461,-17.674639467149973
11124,-9.207500457763672,-17.683473535448314
11125,-11.480499267578125,-17.704269332796336
11126,-18.83420753479004,-17.75223919668794
11127,-19.219482421875,-17.802915393739937
11128,-24.72664451599121,-17.89161950007081
11129,-54.88307571411133,-18.093263802438976
11130,-48.47273635864258,-18.25765707102418
11131,-55.66557312011719,-18.42106870356202
11132,-92.01195526123047,-18.746530491739513
11133,-9.660300254821777,-18.764848231226207
11134,-52.94917678833008,-18.97953376236558
11135,-50.88932418823242,-19.188323371320962
11136,-5.601916790008545,-19.21573892632127
11137,-3.396359920501709,-19.233756542116403
11138,-8.154524803161621,-19.267264697343112
11139,-8.63325023651123,-19.2899741833508
11140,-9.16066837310791,-19.27805857589841
11141,-13.562067031860352,-19.2665896961987
11142,-11.519152641296387,-19.253656438142063
11143,-12.560380935668945,-19.002013226777315
11144,-7.792920112609863,-18.69713156250119
11145,-3.950550079345703,-18.561237504273652
11146,1.6362539529800415,-18.234817274838687
11147,-2.19089937210083,-18.033434738904237
11148,-7.035595417022705,-18.04783494451642
11149,-0.9950039982795715,-18.02598979380727
11150,-2.2607901096343994,-18.009200854331255
11151,-20.15947151184082,-18.079450020819902
11152,-24.761489868164062,-18.160884446173906
11153,-51.21759796142578,-18.355813757926224
11154,-59.36561965942383,-18.574255694419147
11155,-51.76315689086914,-18.72699823668599
11156,-56.13771057128906,-18.926754134207965
11157,-9.513725280761719,-18.94681475737691
11158,-10.094124794006348,-18.992793360739945
11159,-5.294575214385986,-19.015788981586695
11160,-7.935800075531006,-19.052124702125788
11161,-3.3193559646606445,-19.069898309856654
11162,-6.178466796875,-19.099347544819118
11163,-8.457858085632324,-19.138035953193903
11164,-4.225251197814941,-19.118270969063044
11165,-17.538925170898438,-19.13811563077569
11166,-12.400317192077637,-19.113500430732966
11167,-6.002196788787842,-19.00205491796136
11168,-5.052557945251465,-18.857159986168146
11169,-1.2707380056381226,-18.695120455890894
11170,-2.827282667160034,-18.547320058971643
11171,-5.874943256378174,-18.54111569800973
11172,-3.3587872982025146,-18.54079527965188
11173,-5.0157928466796875,-18.54082285037637
11174,-14.87375259399414,-18.58117449489236
11175,-21.78533935546875,-18.637883919864894
11176,-21.538959503173828,-18.710320018917322
11177,-47.82147979736328,-18.88027207198739
11178,-57.268653869628906,-19.08676099601388
11179,-49.32305145263672,-19.059188852459194
11180,-53.50253677368164,-19.055929559856654
11181,-9.914321899414062,-19.07250632491708
11182,-9.693400382995605,-18.929166477352382
11183,-5.437900066375732,-18.954485373646023
11184,-5.634416580200195,-18.977333863973616
11185,-8.403367042541504,-19.016159772157668
11186,-5.718699932098389,-19.04448086810112
11187,-6.516141891479492,-19.071110915660856
11188,-5.634626388549805,-19.068759374141692
11189,-59.32243347167969,-19.24200032567978
11190,-11.807842254638672,-19.222039853572845
11191,-54.590057373046875,-19.272601224422456
11192,-5.876070499420166,-19.135210975170136
11193,-2.225675344467163,-19.009217848300935
11194,-5.575277805328369,-18.875348579883575
11195,-1.3065906763076782,-18.66750684261322
11196,-7.6049065589904785,-18.490363434791565
11197,-12.248316764831543,-18.51279053592682
11198,-10.030441284179688,-18.535235335350038
11199,-18.729957580566406,-18.587495732307435
11200,-26.816083908081055,-18.67375466823578
11201,-55.18321228027344,-18.864702116966246
11202,-51.17086410522461,-19.04741697025299
11203,-51.718379974365234,-19.224664168357847
11204,-49.82002639770508,-19.21213519191742
11205,-12.30055046081543,-19.22382339000702
11206,-10.064766883850098,-19.269170793533327
11207,-3.9177467823028564,-19.29063454055786
11208,-8.289074897766113,-19.32636322426796
11209,-5.356758117675781,-19.352582936525344
11210,-8.212050437927246,-19.39010382628441
11211,-9.115224838256836,-19.429250005722047
11212,-7.094165802001953,-19.418486783981322
11213,-7.5020647048950195,-19.39037636756897
11214,-16.960548400878906,-19.374077379226684
11215,-10.463810920715332,-19.24703607749939
11216,-9.093219757080078,-19.077199697494507
11217,1.1665879487991333,-18.888443608760834
11218,1.5300359725952148,-18.6856919798851
11219,0.5310326814651489,-18.64138651752472
11220,-2.088177442550659,-18.63207229423523
11221,-12.275754928588867,-18.654433214187623
11222,-9.213221549987793,-18.676719376564026
11223,-17.378843307495117,-18.717936984062195
11224,-27.240922927856445,-18.799609108924866
11225,-53.41564178466797,-18.993281142234803
11226,-49.21931076049805,-19.157085070610048
11227,-56.45336151123047,-19.312850642204285
11228,-51.676002502441406,-19.454996150016786
11229,-9.225883483886719,-19.41655527019501
11230,-5.188171863555908,-19.37581920337677
11231,-50.291542053222656,-19.51398260974884
11232,-7.165766716003418,-19.479396573066712
11233,-5.062411785125732,-19.492828212261198
11234,-4.792341709136963,-19.466518067836763
11235,-7.607983112335205,-19.481562762737273
11236,-8.23415470123291,-19.288195228099823
11237,-12.006054878234863,-19.10366349363327
11238,-15.495074272155762,-19.079491378307342
11239,-11.240910530090332,-18.949282641887663
11240,-3.6349239349365234,-18.78972533750534
11241,1.3731160163879395,-18.63859354543686
11242,-6.319149494171143,-18.320648982524872
11243,-4.4079132080078125,-18.296380969524385
11244,-8.90384578704834,-18.304816819667817
11245,-15.934449195861816,-18.35048896932602
11246,-14.000053405761719,-18.387741448879243
11247,-18.858184814453125,-18.26141088247299
11248,-22.673357009887695,-18.32365964460373
11249,-19.907564163208008,-18.372769134044646
11250,-45.95903778076172,-18.52417324399948
11251,-35.30342483520508,-18.617981158733368
11252,-43.958457946777344,-18.751502463817598
11253,-10.98592472076416,-18.76141657590866
11254,-9.451167106628418,-18.77478772497177
11255,-5.0171332359313965,-18.79823157787323
11256,-3.6203765869140625,-18.811436004161834
11257,-7.639725208282471,-18.837748260498046
11258,-8.114874839782715,-18.873615199804306
11259,-5.648608207702637,-18.88097380709648
11260,-8.184844970703125,-18.886560936689378
11261,-15.041064262390137,-18.720778599500655
11262,-1.8250479698181152,-18.66120207476616
11263,-5.8894267082214355,-18.34947963023186
11264,-6.48578405380249,-18.19612634921074
11265,-0.6259080171585083,-18.022702903032304
11266,1.5906720161437988,-17.677080693483354
11267,-0.6624113321304321,-17.467112464666368
11268,-4.242591857910156,-17.27674945807457
11269,-12.783273696899414,-17.308060153722764
11270,-6.031898021697998,-17.13071695113182
11271,-15.591391563415527,-16.9905400826931
11272,-19.875917434692383,-17.05064905333519
11273,-43.616905212402344,-17.20445057463646
11274,-44.086395263671875,-17.35915935111046
11275,-50.938297271728516,-17.32781476187706
11276,-40.59869384765625,-17.449113429784774
11277,-7.914074897766113,-17.45558425116539
11278,-6.117583274841309,-17.48571572804451
11279,-7.960933208465576,-17.34318403363228
11280,-5.8164167404174805,-17.371892972707748
11281,-8.132749557495117,-17.4096645629406
11282,-4.4803266525268555,-17.433292229413986
11283,-5.63658332824707,-17.449662149190903
11284,-6.5654191970825195,-17.277249646902085
11285,-58.28907012939453,-17.467887910604478
11286,-12.179317474365234,-17.45233860182762
11287,-9.298665046691895,-17.413573812246323
11288,-9.3775053024292,-17.24761261153221
11289,-2.3812921047210693,-17.08068933939934
11290,-14.214613914489746,-16.974778843641282
11291,-7.58350944519043,-16.96428961634636
11292,-14.722116470336914,-16.985944550275804
11293,-11.836516380310059,-17.01637111544609
11294,-12.240304946899414,-17.03897546839714
11295,-21.779037475585938,-17.10726588511467
11296,-18.036542892456055,-17.152449824094774
11297,-88.21391296386719,-17.486650042295455
11298,-47.585182189941406,-17.654404618024827
11299,-50.88225173950195,-17.633328079938888
11300,-93.92094421386719,-17.78922535777092
11301,-55.158851623535156,-17.802056961774827
11302,-9.807366371154785,-17.840149123311043
11303,-4.6510701179504395,-17.863382739663123
11304,-51.26220703125,-18.068225735783578
11305,-5.992458343505859,-18.094157897114755
11306,-5.545149803161621,-18.11914584839344
11307,-7.396408557891846,-18.150574818611144
11308,-6.610824108123779,-18.140479643821717
11309,-20.147518157958984,-18.16519211101532
11310,-17.188648223876953,-18.21783043193817
11311,-21.64695167541504,-18.13408706188202
11312,-15.381163597106934,-18.039537100791932
11313,-1.0903300046920776,-17.852024794101716
11314,-10.621871948242188,-17.722700376987458
11315,-5.582362651824951,-17.715476494312288
11316,-7.268628120422363,-17.71315274095535
11317,-0.7810099720954895,-17.689630014181137
11318,-10.249319076538086,-17.712803424596785
11319,-18.65948486328125,-17.767461011648177
11320,-18.81382942199707,-17.645231328725814
11321,-38.520469665527344,-17.60067770934105
11322,-94.1270980834961,-17.775697942495345
11323,-96.50601959228516,-18.15042684531212
11324,-50.434486389160156,-18.319673274755477
11325,-12.140108108520508,-18.33105849432945
11326,-7.756666660308838,-18.36661352610588
11327,-6.224724769592285,-18.38620483326912
11328,-8.161133766174316,-18.41981840801239
11329,-5.276374816894531,-18.265665682792665
11330,-6.622633457183838,-18.296204632759093
11331,-8.461216926574707,-18.32065235424042
11332,-8.193230628967285,-18.32864432811737
11333,-4.65416955947876,-18.130884755134584
11334,-12.307409286499023,-17.94138895893097
11335,-52.096561431884766,-18.01969233417511
11336,-5.262506484985352,-17.96428992176056
11337,-45.86351776123047,-17.98876643848419
11338,-3.4447927474975586,-17.97571207523346
11339,-11.219841003417969,-18.00925486278534
11340,-1.6109693050384521,-17.99845763015747
11341,-6.7004499435424805,-18.004259662628172
11342,-11.818641662597656,-18.02997106552124
11343,-14.453523635864258,-18.01892254257202
11344,-20.274690628051758,-18.034210636138916
11345,-42.08031463623047,-18.154516063690185
11346,-58.191673278808594,-18.35209431838989
11347,-58.72721862792969,-18.58128360080719
11348,-48.53081512451172,-18.766994186401366
11349,-10.976391792297363,-18.817141065597536
11350,-9.694266319274902,-18.82540723991394
11351,-5.640049934387207,-18.79537383079529
11352,-8.430233001708984,-18.772336015701296
11353,-3.2166221141815186,-18.69144254016876
11354,-7.004616737365723,-18.625157280921936
11355,-6.195258140563965,-18.46169647693634
11356,-8.758904457092285,-18.293076439857483
11357,-8.291858673095703,-18.14000486087799
11358,-12.758930206298828,-18.001899315834045
11359,-13.588787078857422,-18.034941031455993
11360,-7.492512226104736,-18.048918546676635
11361,-6.176499366760254,-18.04832871055603
11362,-0.4117540121078491,-18.02810781240463
11363,-5.411417484283447,-18.016964213848112
11364,-8.415958404541016,-18.023985414028168
11365,-10.557937622070312,-18.04231536436081
11366,-2.987123966217041,-18.028124631404875
11367,-61.142513275146484,-18.20383503484726
11368,-20.84109115600586,-18.223966691493988
11369,-89.96064758300781,-18.532283433437346
11370,-49.40373611450195,-18.686336801052093
11371,-48.40800857543945,-18.85547090482712
11372,-90.59815979003906,-19.222711055755614
11373,-54.57775115966797,-19.44771013259888
11374,-7.545633316040039,-19.441062664031982
11375,-51.21205139160156,-19.599988872528076
11376,-8.634117126464844,-19.559188510894774
11377,-5.5307416915893555,-19.504433547973633
11378,-6.074574947357178,-19.429825269699098
11379,-9.176758766174316,-19.24700000190735
11380,-5.767241477966309,-19.076178022384642
11381,-14.148114204406738,-18.910108186721803
11382,-14.008946418762207,-18.59809615135193
11383,-9.852791786193848,-18.598866117477417
11384,-10.254335403442383,-18.428086751937865
11385,-4.793174743652344,-18.243702154159546
11386,-4.071810722351074,-18.237581729888916
11387,0.6580700278282166,-18.221364010095595
11388,-7.84947395324707,-18.220143806695937
11389,-13.435108184814453,-18.23935123848915
11390,-5.72126579284668,-18.225593628168106
11391,-62.520450592041016,-18.42142716240883
11392,-24.736276626586914,-18.47429565834999
11393,-39.326202392578125,-18.581358944177627
11394,-96.4701156616211,-18.936067726373672
11395,-58.79106140136719,-19.15542977166176
11396,-53.72287368774414,-19.376866282224654
11397,-9.134115219116211,-19.404639145612716
11398,-9.840191841125488,-19.41585753130913
11399,-4.921908378601074,-19.431565148830416
11400,-5.02406644821167,-19.442618254184723
11401,-5.200758457183838,-19.382783401966094
11402,-5.5659499168396,-19.306001242160796
11403,-7.220041751861572,-19.13001101732254
11404,-6.315055847167969,-18.917808762073516
11405,-15.81040096282959,-18.77399773836136
11406,-10.885292053222656,-18.59298806428909
11407,-12.370240211486816,-18.604414124011992
11408,-2.0654194355010986,-18.57229930257797
11409,0.9137619733810425,-18.547465953826904
11410,0.7377099990844727,-18.512771913528443
11411,0.9078400135040283,-18.495863129615785
11412,-4.112731456756592,-18.48760018825531
11413,-10.383980751037598,-18.49530467891693
11414,-16.013904571533203,-18.542459292411806
11415,-10.314041137695312,-18.51355975627899
11416,-62.48648452758789,-18.71390442562103
11417,-44.54587173461914,-18.868079125404357
11418,-49.77543258666992,-19.046970623970033
11419,-39.94718933105469,-19.201676429271696
11420,-38.9220085144043,-19.346055332660676
11421,-8.55887508392334,-19.356791059970856
11422,-6.533474922180176,-19.369489810466767
11423,-7.37755823135376,-19.37893687200546
11424,-7.274799823760986,-19.34854106092453
11425,-5.518825054168701,-19.283475003719328
11426,-3.4993419647216797,-19.211316533565522
11427,-6.053991794586182,-19.04424658155441
11428,-10.50178337097168,-18.857179099559783
11429,-5.278325080871582,-18.681000194072723
11430,-6.152744770050049,-18.4916010260582
11431,-19.828022003173828,-18.531255826473235
11432,-17.738346099853516,-18.56343560934067
11433,-12.800952911376953,-18.592887820720673
11434,-7.650857448577881,-18.600953584194183
11435,-1.6409432888031006,-18.57390388917923
11436,-4.653175354003906,-18.56964179086685
11437,-3.6927132606506348,-18.558348076343535
11438,-3.1749494075775146,-18.548509368419648
11439,-1.3494579792022705,-18.31661746644974
11440,-17.217262268066406,-18.33825514650345
11441,-17.901599884033203,-18.191501316547395
11442,-23.542123794555664,-18.262165529727937
11443,-48.85887908935547,-18.448698344707488
11444,-48.78528594970703,-18.621538377285002
11445,-60.73286056518555,-18.859243456840517
11446,-48.50864791870117,-19.02285842227936
11447,-9.558466911315918,-19.012099022865296
11448,-9.895766258239746,-19.011560322761536
11449,-3.044261932373047,-18.94881754016876
11450,-7.583716869354248,-18.871888072013856
11451,-4.374353885650635,-18.668652638435365
11452,-8.15149211883545,-18.496575150489807
11453,-6.989508152008057,-18.317659663200377
11454,-8.033768653869629,-18.150514632225036
11455,-15.941183090209961,-18.165077162742616
11456,-14.187921524047852,-18.181569781303406
11457,-12.727758407592773,-18.216809827804564
11458,-2.8854947090148926,-18.19519550704956
11459,1.3791353702545166,-18.16825193309784
11460,1.4507139921188354,-18.129600875377655
11461,1.1113899946212769,-18.088694416046142
11462,0.007385999895632267,-18.060288208838553
11463,-4.377301216125488,-18.047789154883475
11464,-2.200684070587158,-17.98874969756231
11465,-10.96024227142334,-17.990735422965138
11466,-20.52794647216797,-18.03647432982549
11467,-86.99563598632812,-18.389123225566
11468,-51.996089935302734,-18.60322772919759
11469,-45.38669204711914,-18.786898628111928
11470,-47.324241638183594,-18.96784288489446
11471,-11.180707931518555,-18.96346269690618
11472,-8.583416938781738,-18.960943478461356
11473,-7.412875175476074,-18.92107960593328
11474,-2.721303939819336,-18.82300112998113
11475,-5.925075054168701,-18.633038863059134
11476,-7.579383373260498,-18.466479153510182
11477,-7.3144001960754395,-18.269923308249563
11478,-4.3679399490356445,-18.08069105803594
11479,-55.80998992919922,-18.26702748381719
11480,-55.348236083984375,-18.467667740698904
11481,-8.35144329071045,-18.299907345648855
11482,-3.192854642868042,-18.284015697356313
11483,-2.4442293643951416,-18.27354296767339
11484,1.680426001548767,-18.247651896830646
11485,0.8527686595916748,-18.21380888974294
11486,-5.166719913482666,-18.20153915059194
11487,-10.683820724487305,-18.19625021397695
11488,-13.559829711914062,-18.18850923573598
11489,-8.812427520751953,-18.178795303698628
11490,-19.362812042236328,-18.241706856127827
11491,-50.566341400146484,-18.449464685793966
11492,-44.98326110839844,-18.604121132250874
11493,-40.93284225463867,-18.750220848437397
11494,-40.991485595703125,-18.878571407672016
11495,-10.237449645996094,-18.855783409472554
11496,-9.103850364685059,-18.836198597308247
11497,-8.33934211730957,-18.794123226519673
11498,-3.3728349208831787,-18.716921138163656
11499,-7.9896416664123535,-18.669249448176473
11500,-7.73841667175293,-18.516366963740438
11501,-6.500758171081543,-18.401156297083944
11502,-9.535239219665527,-18.263463422175498
11503,-17.311052322387695,-18.28876393258199
11504,-11.926774024963379,-18.298666360255332
11505,-12.946830749511719,-18.330385150309652
11506,-5.243778705596924,-18.336878758784383
11507,1.6492040157318115,-18.299723041888328
11508,0.276638001203537,-18.266156990524383
11509,1.7669700384140015,-18.236494677539916
11510,1.5347939729690552,-18.197616121765225
11511,-7.53817081451416,-18.16760454797372
11512,-9.001425743103027,-18.19631005906686
11513,-14.795543670654297,-18.231934526916593
11514,-25.51722526550293,-18.308060291763397
11515,-35.26640319824219,-18.44662227248773
11516,-55.76530838012695,-18.676046194072814
11517,-36.90024185180664,-18.820997516151518
11518,-54.605106353759766,-19.022447574134915
11519,-9.673299789428711,-19.010007678505033
11520,-10.590616226196289,-19.028242551323025
11521,-5.992024898529053,-18.98984508466348
11522,-6.4607834815979,-18.936184548851102
11523,-4.436240196228027,-18.779461888786404
11524,-6.347141742706299,-18.628504874702543
11525,-51.958465576171875,-18.632585547920318
11526,-51.69157409667969,-18.676957068916412
11527,-11.054178237915039,-18.689517482277004
11528,-11.402501106262207,-18.71065715360269
11529,-10.279966354370117,-18.719933286186308
11530,-5.47514533996582,-18.7185682005845
11531,-4.386632442474365,-18.703583732124418
11532,-2.2228052616119385,-18.69455364656076
11533,-2.3210365772247314,-18.681291459556668
11534,0.684112012386322,-18.652293334718795
11535,-6.265323162078857,-18.444198346849532
11536,-8.010167121887207,-18.42752174543962
11537,-18.270751953125,-18.463410093065352
11538,-24.03157615661621,-18.5220263764821
11539,-52.28957748413086,-18.72165951799974
11540,-48.1121826171875,-18.857249792810528
11541,-95.24739837646484,-19.207905348535625
11542,-44.32978820800781,-19.32633603548631
11543,-9.792683601379395,-19.318160704370587
11544,-8.282299995422363,-19.30232868456468
11545,-7.613074779510498,-19.245664833780378
11546,-8.566082954406738,-19.207782994028182
11547,-7.7347331047058105,-18.885866274591535
11548,-8.023224830627441,-18.72761844515428
11549,-9.034841537475586,-18.560228804346174
11550,-8.61038875579834,-18.2189865825139
11551,-13.548084259033203,-18.05254351305589
11552,-10.100058555603027,-18.053714281793685
11553,-7.3236517906188965,-18.064404608484356
11554,-7.204217433929443,-17.888172650095076
11555,1.2232719659805298,-17.85930972885713
11556,-2.2611827850341797,-17.84617386078462
11557,1.4978866577148438,-17.81059667992219
11558,-1.5181713104248047,-17.790226068731396
11559,-5.494204044342041,-17.73161281227693
11560,-15.525301933288574,-17.724959427114577
11561,-22.013729095458984,-17.72642653679475
11562,-22.938232421875,-17.756654812093824
11563,-55.79368209838867,-17.97546822046861
11564,-52.22023391723633,-18.141861668344585
11565,-56.9166374206543,-18.347198767419904
11566,-93.26126861572266,-18.691169329401106
11567,-9.207033157348633,-18.724873422142117
11568,-4.359208106994629,-18.701312978263946
11569,-3.1233739852905273,-18.63916853475198
11570,-7.8895416259765625,-18.5954713835679
11571,-7.9224748611450195,-18.47307940435037
11572,-4.715644359588623,-18.11543358945474
11573,-6.4134416580200195,-17.755063277717678
11574,-6.7290191650390625,-17.580241408821195
11575,-16.223106384277344,-17.59657340192422
11576,-14.65491771697998,-17.624166406150906
11577,-12.594217300415039,-17.6496443762742
11578,-7.958196640014648,-17.64883262776956
11579,-0.0148633336648345,-17.62778658183664
11580,1.1979700326919556,-17.59650416787714
11581,1.2074860334396362,-17.55782935603708
11582,-4.195263385772705,-17.541837487064303
11583,-4.643636226654053,-17.541795353733004
11584,-8.739949226379395,-17.527525513492524
11585,-15.698951721191406,-17.38193507464975
11586,-21.422399520874023,-17.446574646793305
11587,-55.669551849365234,-17.485798783145846
11588,-58.134925842285156,-17.704559315524996
11589,-58.858890533447266,-17.895115513645113
11590,-46.595218658447266,-18.075052511058747
11591,-9.167817115783691,-18.084921979747712
11592,-9.741825103759766,-18.07661471351236
11593,-5.880875110626221,-18.042324119411408
11594,-7.980000019073486,-17.993145356975496
11595,-8.365342140197754,-17.858285466991365
11596,-3.4827880859375,-17.639449926219882
11597,-8.680266380310059,-17.4392621172294
11598,-6.999033451080322,-17.273134990535677
11599,-16.670215606689453,-17.295910285793244
11600,-11.22455883026123,-17.30203145583719
11601,-9.423662185668945,-17.317165904842316
11602,-9.52286434173584,-17.321536430202425
11603,1.153823971748352,-17.304054645858706
11604,0.5882580280303955,-17.273683146797122
11605,1.7548060417175293,-17.241882890067995
11606,-1.3927793502807617,-17.21241838964075
11607,-0.34431999921798706,-17.18062823494524
11608,-10.5830717086792,-17.17192480095476
11609,-21.01963996887207,-17.20164821251482
11610,-23.496368408203125,-17.26566363724321
11611,-49.49728012084961,-17.43894676025957
11612,-51.58538055419922,-17.643641266427935
11613,-57.81882858276367,-17.853270910821855
11614,-51.66935348510742,-18.02628449114412
11615,-11.886282920837402,-18.03159787233919
11616,-7.826324939727783,-18.050954676233232
11617,-6.128979682922363,-17.830900541864334
11618,-2.9738919734954834,-17.759431745134293
11619,-2.7213659286499023,-17.41047461851686
11620,-5.228600025177002,-17.233774074159562
11621,-8.1895170211792,-17.072900107942523
11622,-5.394294738769531,-16.732084647737445
11623,-4.4660820960998535,-16.53163797148317
11624,-10.169434547424316,-16.542133176408708
11625,-54.22544479370117,-16.554186750017106
11626,-6.123701095581055,-16.54414508589357
11627,1.6491260528564453,-16.515425614915788
11628,1.7820359468460083,-16.483999171338976
11629,1.6379640102386475,-16.440740280233324
11630,-3.983180046081543,-16.433604034505784
11631,-4.097440719604492,-16.393401340566577
11632,-4.209893226623535,-16.35420512779802
11633,-14.496551513671875,-16.372780166707933
11634,-23.330110549926758,-16.42508326729387
11635,-52.06968307495117,-16.614189300619067
11636,-42.562217712402344,-16.76815092857927
11637,-63.698760986328125,-17.025578252635896
11638,-47.350399017333984,-17.183581952892244
11639,-8.226075172424316,-17.162745820842684
11640,-9.362442016601562,-17.177310525737703
11641,-4.7759833335876465,-16.946332656703888
11642,-5.2348833084106445,-16.868327083431183
11643,-7.49293327331543,-16.740994006954132
11644,-5.571366786956787,-16.377399011455477
11645,-7.716208457946777,-16.173099599681795
11646,-3.473273992538452,-15.972101200900973
11647,-10.715253829956055,-15.97842575534433
11648,-7.497210502624512,-15.969053829990328
11649,-2.6166954040527344,-15.959832978092134
11650,-3.93693208694458,-15.955484440647066
11651,1.1215840578079224,-15.930195070587098
11652,0.9762759804725647,-15.90402616699785
11653,1.676501989364624,-15.868439992032945
11654,-3.7812206745147705,-15.858304651342332
11655,-8.661650657653809,-15.829709650121629
11656,-9.38004207611084,-15.823688650213182
11657,-14.1569185256958,-15.830835363470017
11658,-18.475791931152344,-15.896476853452622
11659,-41.09877395629883,-16.064526997171342
11660,-34.28495407104492,-16.20461765345186
11661,-45.44166564941406,-16.390015676103534
11662,-47.157108306884766,-16.562193183504046
11663,-7.884716510772705,-16.552196126542984
11664,-7.469908237457275,-16.51802014120668
11665,-7.713608264923096,-16.507618409715594
11666,-7.374741554260254,-16.287171437822284
11667,-5.317866802215576,-16.130259418092667
11668,-5.71696662902832,-15.9540255542621
11669,-5.331501483917236,-15.815562802873552
11670,-6.639161586761475,-15.68643141516298
11671,-13.4736909866333,-15.70609067877382
11672,-17.173995971679688,-15.748652762971819
11673,-15.633403778076172,-15.781676145158707
11674,-4.698975563049316,-15.771372848115861
11675,-8.51873779296875,-15.783372499071062
11676,-4.360819339752197,-15.786818408571184
11677,0.8896620273590088,-15.759043793283404
11678,-2.5029940605163574,-15.727048636041582
11679,-6.52255392074585,-15.732025551401078
11680,-55.86528396606445,-15.930875708185136
11681,-19.96230125427246,-15.93141282518953
11682,-20.593435287475586,-15.942833181940019
11683,-53.30170822143555,-16.104836203180252
11684,-57.929664611816406,-16.305951431833208
11685,-58.138031005859375,-16.531939782701432
11686,-53.48347473144531,-16.7272609802112
11687,-11.797883033752441,-16.759681659303606
11688,-4.425933361053467,-16.76468559511751
11689,-50.64947509765625,-16.961885663591325
11690,-7.906658172607422,-16.924643247209488
11691,-5.296628475189209,-16.874223361574114
11692,-5.84945821762085,-16.803452699266373
11693,-51.250831604003906,-16.813020509324968
11694,-6.486893653869629,-16.64382694014162
11695,-16.32024383544922,-16.466176473222674
11696,-11.27645492553711,-16.317247701250018
11697,-11.442102432250977,-16.324782243333757
11698,-4.040917873382568,-16.301362849794327
11699,-6.065505504608154,-16.31344782408327
11700,0.6614406704902649,-16.28046719392389
11701,-1.8483400344848633,-16.270363138519226
11702,-7.06741189956665,-16.266026817642153
11703,-0.9460240006446838,-16.2418528810367
11704,-13.293818473815918,-16.262893080316484
11705,-21.257944107055664,-16.284160124383867
11706,-22.74406623840332,-16.31838470324129
11707,-55.592411041259766,-16.489843313775957
11708,-53.62294006347656,-16.692793095193803
11709,-53.53959274291992,-16.912468007646503
11710,-36.50985336303711,-17.064310277067126
11711,-11.44991683959961,-17.11455550440401
11712,-7.434586524963379,-17.144323394503445
11713,-4.8520331382751465,-17.146222322192042
11714,-7.591841697692871,-17.167786952700467
11715,-5.776008129119873,-17.147050016131253
11716,-5.6616082191467285,-17.087584663119166
11717,-8.399466514587402,-16.773199985232203
11718,-6.446815013885498,-16.591002885546537
11719,-13.269076347351074,-16.46253242274746
11720,-17.091093063354492,-16.341599828448146
11721,-10.186684608459473,-16.337623735155912
11722,-4.838855266571045,-16.322645488467067
11723,-0.9933106899261475,-16.296967230524867
11724,-4.654641151428223,-16.304700579371303
11725,-7.552258014678955,-16.311209311213343
11726,-6.814191818237305,-16.30814854499325
11727,-1.2149540185928345,-16.283750760283322
11728,-16.778833389282227,-16.333394334044307
11729,-23.48023223876953,-16.20407530328259
11730,-15.524249076843262,-16.044779355254025
11731,-55.660240173339844,-16.234014542784543
11732,-61.86823654174805,-16.46871607038006
11733,-43.16579055786133,-16.631602315153927
11734,-54.46944808959961,-16.85620181151852
11735,-10.019967079162598,-16.899692754473538
11736,-7.779200077056885,-16.910142675127833
11737,-4.6796698570251465,-16.886126071657987
11738,-7.091175079345703,-16.860251453127713
11739,-50.131317138671875,-17.02552701159939
11740,-6.3535332679748535,-16.973489896502347
11741,-7.92561674118042,-16.802926997866482
11742,-9.205430030822754,-16.659815673556178
11743,-12.673529624938965,-16.54677842303738
11744,-16.011350631713867,-16.446857883181423
11745,-18.648685455322266,-16.48050282641873
11746,-12.168587684631348,-16.49276177569851
11747,-0.03944600000977516,-16.459562191229313
11748,-0.8728733062744141,-16.44956234477088
11749,-4.1124091148376465,-16.43405341456458
11750,-2.5102427005767822,-16.413140718679877
11751,-11.992242813110352,-16.43510665724799
11752,-21.397775650024414,-16.482556802969427
11753,-19.96695327758789,-16.493180406790227
11754,-25.61025047302246,-16.547914312582463
11755,-51.28081130981445,-16.701250234823675
11756,-57.33940505981445,-16.909632740240543
11757,-53.165863037109375,-17.128893008451907
11758,-47.987728118896484,-17.321950472932308
11759,-9.701358795166016,-17.36782378826663
11760,-5.859749794006348,-17.39740196333453
11761,-6.404569149017334,-17.39286755667254
11762,-18.189868927001953,-17.42962132940814
11763,-13.52940559387207,-17.42455677710101
11764,-15.974799156188965,-17.386387072663755
11765,-2.0240700244903564,-17.253417739968747
11766,-10.98607349395752,-17.07430080042407
11767,-1.612065315246582,-16.93314809427783
11768,-51.57065963745117,-16.921010307412594
11769,-5.3750319480896,-16.90381723604724
11770,-10.346222877502441,-16.90283966265246
11771,-19.60854721069336,-16.95730575190112
11772,-20.28142738342285,-17.01258832750842
11773,-22.360675811767578,-17.084286069970577
11774,-63.450050354003906,-17.31269770441577
11775,-55.19765853881836,-17.325654476266354
11776,-63.18804168701172,-17.371640346627682
11777,-51.96221160888672,-17.53527248011157
11778,-12.144874572753906,-17.538241973977534
11779,-7.973549842834473,-17.529016307931393
11780,-4.872616767883301,-17.52660619364306
11781,-5.562483310699463,-17.531309597115964
11782,-5.495316505432129,-17.544399642091243
11783,-5.312449932098389,-17.55636529551074
11784,-4.478051662445068,-17.577013950210066
11785,-6.45697546005249,-17.57778055940196
11786,-12.70425033569336,-17.596556892257183
11787,-61.0377197265625,-17.767624763350934
11788,-14.031580924987793,-17.72762478242442
11789,-14.925667762756348,-17.578169143538922
11790,-5.548457145690918,-17.407914241652936
11791,-5.4037699699401855,-17.04853972802684
11792,-4.813769340515137,-16.890475652556866
11793,-7.986351490020752,-16.883250324111433
11794,-15.481285095214844,-16.9120462645106
11795,-15.420905113220215,-16.94327758584544
11796,-19.219545364379883,-16.985891435485332
11797,-26.98116111755371,-17.062877147536724
11798,-56.3004150390625,-17.255985908370466
11799,-38.106666564941406,-17.37227320848033
11800,-61.15092468261719,-17.582435352187602
11801,-51.549468994140625,-17.734440891128035
11802,-10.065141677856445,-17.73430122361705
11803,-10.040066719055176,-17.745166883330793
11804,-8.135350227355957,-17.7488914145045
11805,-6.002641677856445,-17.777795069079847
11806,-8.157449722290039,-17.801380136828868
11807,-6.4112749099731445,-17.833016783099623
11808,-5.712850093841553,-17.849795498233288
11809,-8.67701530456543,-17.86252674327418
11810,-4.547774791717529,-17.818616634707897
11811,-13.64249038696289,-17.785131679873913
11812,-15.405061721801758,-17.75499899707362
11813,-10.67677116394043,-17.57453135333583
11814,-3.371504068374634,-17.37913643394038
11815,-0.25529199838638306,-17.15249105225131
11816,-4.291970729827881,-16.79661386070773
11817,-3.0719387531280518,-16.772073483090846
11818,-12.65006160736084,-16.805236897092314
11819,-18.360183715820312,-16.866184136014432
11820,-19.59058380126953,-16.912988304715604
11821,-26.516780853271484,-16.98736552868411
11822,-49.33457565307617,-17.16584125385806
11823,-51.353515625,-17.34560154972598
11824,-31.991056442260742,-17.446649698834868
11825,-50.33828353881836,-17.58311040745303
11826,-9.90273666381836,-17.564101683240384
11827,-52.720699310302734,-17.724607611279936
11828,-8.457099914550781,-17.726603224378078
11829,-4.612286567687988,-17.74499291731417
11830,-7.3926167488098145,-17.779355264440177
11831,-8.228083610534668,-17.817097543016075
11832,-6.600100040435791,-17.826716889634728
11833,-6.620957374572754,-17.834626174226404
11834,-9.135669708251953,-17.836209056153894
11835,-14.44183349609375,-17.831180583253502
11836,-9.049452781677246,-17.781688796296717
11837,-5.089966773986816,-17.579370455995203
11838,-6.369369983673096,-17.372308232560755
11839,0.5461180210113525,-17.134688198342918
11840,-1.1905646324157715,-16.953069582238793
11841,-4.501174449920654,-16.93440301157534
11842,-8.94302749633789,-16.931207821145655
11843,-15.81913948059082,-16.97096087862551
11844,-21.838611602783203,-17.02639532496035
11845,-28.174335479736328,-17.105631298318507
11846,-45.02082061767578,-17.27178342844546
11847,-61.07112503051758,-17.481346863046287
11848,-58.30206298828125,-17.68655898119509
11849,-43.9571418762207,-17.795706686273217
11850,-54.718910217285156,-17.969684091821314
11851,-7.726333141326904,-17.962894775643946
11852,-5.028508186340332,-17.94491735102236
11853,-5.613183498382568,-17.971985380902886
11854,-5.273016452789307,-17.995430478826165
11855,-6.739799976348877,-18.02940890289843
11856,-5.866250038146973,-18.047302785649897
11857,-7.811392784118652,-18.077171076789497
11858,-14.503361701965332,-18.092852236762642
11859,-12.08165454864502,-18.057100295081735
11860,-7.580099105834961,-17.99343521787226
11861,-6.479215145111084,-17.821362957969306
11862,-3.322753429412842,-17.62831244947016
11863,1.4867240190505981,-17.391090239062905
11864,-3.5566587448120117,-17.198639460101724
11865,-6.331689834594727,-17.176421087756754
11866,-5.244648456573486,-17.166094381824134
11867,-14.081632614135742,-17.19790499354899
11868,-15.590958595275879,-17.24837326003611
11869,-25.461090087890625,-17.339332156673073
11870,-20.952943801879883,-17.402229531779884
11871,-52.18982696533203,-17.5782307715565
11872,-48.34550094604492,-17.750035596385597
11873,-41.414424896240234,-17.89782896758616
11874,-10.702308654785156,-17.899960464015603
11875,-3.5167019367218018,-17.697125492587684
11876,-7.435516834259033,-17.7023727555424
11877,-4.178908824920654,-17.725684895053504
11878,-7.624666690826416,-17.763311705604195
11879,-5.769291877746582,-17.792940729156136
11880,-7.416450023651123,-17.806673809066414
11881,-4.900259494781494,-17.809885084167124
11882,-13.66849422454834,-17.847719488158823
11883,-7.248298645019531,-17.818726476684212
11884,-10.84541130065918,-17.768787679687144
11885,-6.501316070556641,-17.586514211669563
11886,1.713528037071228,-17.40941122867167
11887,1.656738042831421,-17.14798923255503
11888,1.6349040269851685,-16.952048020377756
11889,0.8443740010261536,-16.915766223683953
11890,-4.612142562866211,-16.896765025869012
11891,-14.749017715454102,-16.93665716339648
11892,-17.527835845947266,-16.985828973546624
11893,-17.48212432861328,-17.025785737767816
11894,-50.417381286621094,-17.205169795766473
11895,-49.77898025512695,-17.373420882955195
11896,-52.03466033935547,-17.567666428342463
11897,-43.79911804199219,-17.700001885190606
11898,-7.131026744842529,-17.698537150159478
11899,-6.306516647338867,-17.713296435132623
11900,-5.939700126647949,-17.721307507291435
11901,-7.251891613006592,-17.754801409974693
11902,-8.061466217041016,-17.79095237876475
11903,-6.436733245849609,-17.823405319705607
11904,-8.563050270080566,-17.842532638087867
11905,-8.827201843261719,-17.8431948428303
11906,-6.64799690246582,-17.83226666213572
11907,-14.246968269348145,-17.83262686111033
11908,-15.582971572875977,-17.821055579677225
11909,-4.237701892852783,-17.67361129142344
11910,-1.5858867168426514,-17.542815022006632
11911,-3.514150619506836,-17.375104961887
11912,-6.245420455932617,-17.211458210483194
11913,-0.02968066744506359,-17.180038067109884
11914,-11.033233642578125,-17.194291368730365
11915,-11.334006309509277,-17.20877296090871
11916,-14.947166442871094,-17.239062660463155
11917,-26.12009048461914,-17.322271555192767
11918,-48.3255500793457,-17.49270588899404
11919,-60.19554138183594,-17.712162048585714
11920,-58.560970306396484,-17.919849283464252
11921,-55.406211853027344,-18.08757936692983
11922,-12.232625007629395,-18.06781388307363
11923,-5.039316654205322,-18.025437534578145
11924,-8.181608200073242,-18.03936806512624
11925,-5.18071174621582,-18.02601596093923
11926,-6.364799976348877,-18.034031883485614
11927,-8.467933654785156,-18.07146226621419
11928,-5.7967000007629395,-18.08463708997518
11929,-9.0551118850708,-18.094767321832478
11930,-15.025871276855469,-17.93140967107564
11931,-16.489885330200195,-17.917520007379352
11932,-11.929946899414062,-17.882866053827108
11933,-7.86896276473999,-17.701135072000326
11934,-1.2973226308822632,-17.474605704076588
11935,-4.869751453399658,-17.26153258586675
11936,-1.1186033487319946,-17.052073100335896
11937,-4.660248756408691,-17.02352256322652
11938,-11.051055908203125,-17.05002305341512
11939,-19.033292770385742,-16.923558324106036
11940,-18.58383560180664,-16.966267033822835
11941,-23.49727439880371,-17.039069617517292
11942,-48.627017974853516,-17.210179856546223
11943,-58.79416275024414,-17.240353181131184
11944,-53.89204406738281,-17.429973782785236
11945,-53.08314514160156,-17.577025388009847
11946,-9.661816596984863,-17.570566834695637
11947,-7.611066818237305,-17.55524269223958
11948,-7.358274936676025,-17.568512120492755
11949,-7.689558506011963,-17.57500833249837
11950,-6.438033103942871,-17.603406227596103
11951,-3.4899179935455322,-17.60997253943235
11952,-7.984983444213867,-17.613642825610935
11953,-8.423131942749023,-17.643551257379354
11954,-18.59170913696289,-17.66474282003194
11955,-20.87778663635254,-17.663222190149128
11956,-3.8332207202911377,-17.587578808076678
11957,-12.185872077941895,-17.413952652223408
11958,-5.6661458015441895,-17.22212547517568
11959,-5.573574066162109,-17.030261400468646
11960,-2.771620035171509,-16.895308467157186
11961,-5.842590808868408,-16.87287916303426
11962,-1.5092500448226929,-16.8491778171137
11963,-14.447614669799805,-16.887560143239796
11964,-22.268198013305664,-16.94626556850225
11965,-27.949434280395508,-17.03495927310735
11966,-51.2236213684082,-17.217207325704397
11967,-55.05002975463867,-17.4038095786646
11968,-44.21442794799805,-17.55488003040105
11969,-56.72867202758789,-17.728718413122
11970,-9.476886749267578,-17.69826158786565
11971,-8.812700271606445,-17.69276565051824
11972,-6.422758102416992,-17.69910126186162
11973,-53.32606506347656,-17.908432279355825
11974,-6.202733516693115,-17.914624648816883
11975,-5.691074848175049,-17.907179916150866
11976,-50.677642822265625,-18.08263372016698
11977,-9.185214042663574,-18.114514760263265
11978,-16.03069496154785,-18.111522206552326
11979,-13.716670989990234,-18.07246796155721
11980,-7.1646952629089355,-18.039029746301473
11981,-10.625473022460938,-17.858890677697957
11982,-6.68683385848999,-17.638165066964923
11983,-0.03045666590332985,-17.46562373139709
11984,-3.3114519119262695,-17.2609917466864
11985,-7.3905558586120605,-17.250474101804198
11986,-7.965853214263916,-17.251220714353025
11987,-13.21790885925293,-17.285373670361935
11988,-19.273950576782227,-17.334104772351683
11989,-28.325468063354492,-17.246881376050414
11990,-52.48712158203125,-17.43141572930664
11991,-67.34809875488281,-17.66910565736145
11992,-66.18231201171875,-17.897013185285033
11993,-57.16801834106445,-18.074991140149535
11994,-10.421774864196777,-18.052632837079464
11995,-5.66462516784668,-18.00069659592956
11996,-8.441608428955078,-17.985788678906857
11997,-8.198616981506348,-18.018425362832843
11998,-3.7306466102600098,-18.029856456048787
11999,-5.468341827392578,-18.035280186899005
12000,-7.506800174713135,-18.05526641679555
12001,-8.845256805419922,-18.04267847276479
12002,-17.60895347595215,-18.0275231840685
12003,-13.638076782226562,-18.002207678087057
12004,-13.626252174377441,-17.954271684892475
12005,-0.8982399702072144,-17.752741399534045
12006,-6.5698628425598145,-17.54966323066503
12007,1.7603280544281006,-17.32995846629888
12008,1.0866340398788452,-17.133661017663776
12009,-0.2345779985189438,-17.09579389447719
12010,-52.281864166259766,-17.2814823519662
12011,-13.453028678894043,-17.30967619008571
12012,-16.56549644470215,-17.30317870015651
12013,-20.88619041442871,-17.332605839438738
12014,-52.27317428588867,-17.477799339957535
12015,-57.657012939453125,-17.700331111617388
12016,-54.42049789428711,-17.874068809218706
12017,-50.1831169128418,-18.068353015609084
12018,-9.616533279418945,-17.900536510176956
12019,-9.63836669921875,-17.917589849181475
12020,-5.765500068664551,-17.89926695794612
12021,-2.703943967819214,-17.831648544974627
12022,-4.769158363342285,-17.769599468894302
12023,-6.690074920654297,-17.70691706532985
12024,-8.153657913208008,-17.485731495566665
12025,-6.128067493438721,-17.289453131385148
12026,-13.793902397155762,-17.091876574225722
12027,-14.782447814941406,-16.943157519049944
12028,-15.534541130065918,-16.95671618527919
12029,-0.8313379883766174,-16.928147337861358
12030,-2.6500473022460938,-16.91925705999881
12031,1.275423288345337,-16.89190543360263
12032,1.5957260131835938,-16.86354126352817
12033,-1.2437772750854492,-16.847266572900118
12034,-2.5415866374969482,-16.839520712800326
12035,-10.598438262939453,-16.85608656401187
12036,-60.256866455078125,-17.046297028489413
12037,-23.223922729492188,-16.89504184050113
12038,-47.67802429199219,-17.029627613969147
12039,-42.87255096435547,-17.141415146775543
12040,-39.05520248413086,-17.275442128129303
12041,-43.59075164794922,-17.42819005484134
12042,-8.081341743469238,-17.441260344453156
12043,-6.7846999168396,-17.43645373816043
12044,-49.780967712402344,-17.57365246862918
12045,-5.090799808502197,-17.53233204741031
12046,-7.059925079345703,-17.483693566270173
12047,-7.064799785614014,-17.404028120942414
12048,-5.793558120727539,-17.202000693269074
12049,-5.733550548553467,-17.07250822920352
12050,-16.806894302368164,-16.895132107682524
12051,-14.66807746887207,-16.74760654158145
12052,-1.6134660243988037,-16.71379983896762
12053,-5.743579864501953,-16.696613891549408
12054,1.0160919427871704,-16.660008122868835
12055,1.5375779867172241,-16.62984724421054
12056,1.5220439434051514,-16.59112926954776
12057,1.3896180391311646,-16.559925697751343
12058,-0.03809399902820587,-16.53722667337209
12059,-4.959788799285889,-16.52235776735097
12060,-8.926426887512207,-16.539872375734152
12061,-16.504941940307617,-16.55132218194753
12062,-47.23469161987305,-16.678640701539816
12063,-50.32472229003906,-16.83723250604421
12064,-49.375545501708984,-17.021248671777546
12065,-39.026634216308594,-17.176334040649234
12066,-11.285900115966797,-17.20430975819379
12067,-6.7429914474487305,-17.218993968971073
12068,-5.449708461761475,-17.190192556388677
12069,-7.945983409881592,-17.14853575516492
12070,-5.3020501136779785,-17.091381620414555
12071,-8.762383460998535,-17.020364030845464
12072,-3.48006010055542,-16.83694596863538
12073,-7.231817722320557,-16.660459177024663
12074,-17.587921142578125,-16.602846635825934
12075,-13.865489959716797,-16.456955461509526
12076,-6.886728763580322,-16.444891429908573
12077,-50.0572395324707,-16.434237590797245
12078,-8.1223783493042,-16.43289870453626
12079,-5.422946453094482,-16.436141344077885
12080,-0.39379799365997314,-16.408146069057285
12081,-3.567591905593872,-16.389504102237524
12082,-13.292616844177246,-16.41627416945249
12083,-6.852696895599365,-16.417201127536593
12084,-62.69940185546875,-16.63145605612546
12085,-66.6236343383789,-16.8401832594946
12086,-47.093082427978516,-16.992357778079807
12087,-50.640193939208984,-17.174558686740696
12088,-97.71632385253906,-17.53994650221616
12089,-46.843929290771484,-17.729506691463293
12090,-11.10260009765625,-17.769154833324254
12091,-9.901183128356934,-17.790754868038
12092,-4.198015213012695,-17.7717748189047
12093,-7.353400230407715,-17.737911861903964
12094,-5.879466533660889,-17.674075281627477
12095,-8.380399703979492,-17.594899538524448
12096,-1.7825720310211182,-17.421946544177832
12097,1.3661999702453613,-17.17219724417478
12098,1.2989519834518433,-16.933793184287847
12099,0.3783240020275116,-16.756451320774854
12100,-11.548541069030762,-16.583769844181834
12101,-15.776602745056152,-16.615970922596752
12102,-33.002620697021484,-16.727867372639476
12103,-47.09193801879883,-16.893782390721142
12104,-17.995466232299805,-16.944672189839185
12105,-38.35187911987305,-17.07112050641328
12106,-7.3940749168396,-17.07723180592805
12107,-5.792041778564453,-17.069154401905834
12108,-2.3635640144348145,-17.02059521115571
12109,-7.438658237457275,-17.00202322591096
12110,-3.5106663703918457,-16.98574549496919
12111,-50.99375915527344,-17.163803671009838
12112,-50.093074798583984,-17.350884956486524
12113,-50.27843475341797,-17.5579455915764
12114,-15.402995109558105,-17.605330937035383
12115,-14.899527549743652,-17.63960228789598
12116,-5.075700759887695,-17.638926497109235
12117,1.2612040042877197,-17.57755515063554
12118,1.4490360021591187,-17.5093951722458
12119,-1.4889559745788574,-17.413506635792555
12120,0.649071991443634,-17.32709857261926
12121,-0.39531800150871277,-17.119920536763967
12122,0.6929559707641602,-16.92376670909673
12123,-1.0946019887924194,-16.76248741746694
12124,-13.08845043182373,-16.772031984575094
12125,-18.87885856628418,-16.833480611093343
12126,-14.935136795043945,-16.863479090936483
12127,-39.722225189208984,-17.005652356393636
12128,-34.25021743774414,-17.112154559381306
12129,-42.94322204589844,-17.260850280053912
12130,-6.915891647338867,-17.258848046548664
12131,-6.273258209228516,-17.264340041406452
12132,-4.380561828613281,-17.22718831182271
12133,-4.452499866485596,-17.216005116708576
12134,-4.675341606140137,-17.1913248379305
12135,-6.246016502380371,-17.190303639657795
12136,-7.236616611480713,-17.226104218252004
12137,-4.092714786529541,-17.249102029569446
12138,-13.309745788574219,-17.308880628831684
12139,-13.200538635253906,-17.365060279376806
12140,-3.949638605117798,-17.36241026354581
12141,-2.524564027786255,-17.31351244879514
12142,-0.3722760081291199,-17.244890209443867
12143,1.2789900302886963,-17.16984575200826
12144,1.2799619436264038,-16.96305637908727
12145,1.2358440160751343,-16.758997082002463
12146,1.046265959739685,-16.54667337680608
12147,-1.830381989479065,-16.378798432596028
12148,-2.06508207321167,-16.358534653909505
12149,-19.958087921142578,-16.41314093900472
12150,-33.068233489990234,-16.52165507245809
12151,-43.195037841796875,-16.66542765737325
12152,-45.23569869995117,-16.81412458730489
12153,-46.4287109375,-16.974092498071492
12154,-7.370025157928467,-16.969320397622884
12155,-5.7280168533325195,-16.956923657663168
12156,-6.477849960327148,-16.95624306989461
12157,-5.368516445159912,-16.92072926259786
12158,-3.8201582431793213,-16.87367800927907
12159,-4.782808303833008,-16.875858434922993
12160,-2.3287200927734375,-16.878829768426716
12161,-4.830041885375977,-16.884093333490192
12162,-11.61253547668457,-16.905561793573202
12163,-11.681998252868652,-16.952171063914896
12164,-1.9191679954528809,-16.915714801326395
12165,1.2556979656219482,-16.865355984225868
12166,0.6358960270881653,-16.80302373434603
12167,-2.4100520610809326,-16.70818358065188
12168,1.0815119743347168,-16.510555332437157
12169,1.1141819953918457,-16.265316438928245
12170,1.159343957901001,-16.026435181871058
12171,-5.091375350952148,-15.825175835862757
12172,-7.194841384887695,-15.805024701371789
12173,-12.059483528137207,-15.833105368867516
12174,-28.74351692199707,-15.915353003755213
12175,-34.63452911376953,-16.033168273225428
12176,-41.278507232666016,-16.172823102250696
12177,-38.754608154296875,-16.293969800248743
12178,-6.71785831451416,-16.297654433503748
12179,-6.392316818237305,-16.287003253236414
12180,-6.165091514587402,-16.25156013418734
12181,-2.671083927154541,-16.196284928575157
12182,-4.680325031280518,-16.167286441102625
12183,-6.811299800872803,-16.163055789247156
12184,-6.369949817657471,-16.183346297994255
12185,-7.240950107574463,-16.192831092610955
12186,-14.682040214538574,-16.24708484007418
12187,-8.620558738708496,-16.262926080003382
12188,0.30151399970054626,-16.217515800371768
12189,0.1582166701555252,-16.1407497626096
12190,1.2547260522842407,-16.061395515993237
12191,-43.92581558227539,-16.143109680727125
12192,-43.870033264160156,-16.12408174188435
12193,0.5358700156211853,-15.886761610820889
12194,0.5117499828338623,-15.669146434620023
12195,-0.8979893326759338,-15.46040581138432
12196,-11.500441551208496,-15.467760311201214
12197,-3.3488380908966064,-15.450711396291853
12198,-32.229888916015625,-15.55019785220921
12199,-40.353271484375,-15.680852704122662
12200,-44.307804107666016,-15.832331788137555
12201,-34.76885986328125,-15.957447555616499
12202,-9.249449729919434,-15.96250542075932
12203,-7.730291843414307,-15.959734060361981
12204,-5.070108413696289,-15.905647657468915
12205,-7.182558536529541,-15.850866745069624
12206,-2.0218820571899414,-15.843621390417217
12207,-6.775658130645752,-15.821980534628034
12208,-5.099466800689697,-15.819713818624615
12209,-7.967108249664307,-15.829287955358625
12210,-17.26238441467285,-15.88725101287663
12211,-10.617507934570312,-15.906350681379438
12212,-0.5997400283813477,-15.902712641313672
12213,0.781112015247345,-15.841797734573483
12214,-0.3989500105381012,-15.754320742562413
12215,0.6882176399230957,-15.63977013488114
12216,0.642412006855011,-15.432306001380086
12217,0.9792280197143555,-15.208188970282674
12218,0.7311239838600159,-15.028406762555242
12219,-0.3401699960231781,-14.802852754428983
12220,-8.848538398742676,-14.800339361026882
12221,-5.75982666015625,-14.788127866581082
12222,-35.32612991333008,-14.903741353824735
12223,-39.34006881713867,-14.847797368839384
12224,-41.66269302368164,-14.989637206867338
12225,-27.025014877319336,-15.074972966983914
12226,-10.471124649047852,-14.914146894291044
12227,-5.994619846343994,-14.901384517505765
12228,-5.046166896820068,-14.857446405246854
12229,-4.4164252281188965,-14.820245422199369
12230,-4.438958168029785,-14.809342473819852
12231,-49.84943389892578,-14.966238317325711
12232,-50.31970977783203,-15.14076982100308
12233,-8.062549591064453,-15.172898192703723
12234,-10.409906387329102,-15.201292010605336
12235,-13.465166091918945,-15.225590451538563
12236,-3.1476693153381348,-15.206317715942859
12237,1.4140440225601196,-15.147789904415607
12238,1.3369859457015991,-15.065346158325672
12239,1.2544200420379639,-14.947026605904103
12240,0.6106240153312683,-14.734635623514652
12241,1.2140719890594482,-14.460386940538884
12242,1.021541953086853,-14.191571524679661
12243,-1.974414587020874,-13.970797109663486
12244,-13.586004257202148,-13.983454027235508
12245,-16.17082977294922,-14.025478845655918
12246,-35.9964485168457,-14.135698206007481
12247,-39.51961898803711,-14.260982214033604
12248,-46.27753448486328,-14.431169765532017
12249,-44.00456237792969,-14.585314647734165
12250,-9.872583389282227,-14.594777780592441
12251,-8.559149742126465,-14.593633352339268
12252,-5.007058143615723,-14.543225771009922
12253,-2.669843912124634,-14.499352839529514
12254,-6.315783500671387,-14.47011096483469
12255,-5.1288251876831055,-14.487033305704594
12256,-5.18613338470459,-14.481498387873172
12257,-7.917924880981445,-14.52021139961481
12258,-15.67558765411377,-14.587260286390782
12259,-11.83041000366211,-14.633643614411355
12260,-2.8528521060943604,-14.435927566170692
12261,0.7140880227088928,-14.379259099364281
12262,-0.7346400022506714,-14.315935673594474
12263,1.2150540351867676,-14.227530695796013
12264,1.4248080253601074,-14.012738766551017
12265,1.3989059925079346,-13.776515090823173
12266,1.1803200244903564,-13.554111819148064
12267,-7.183730125427246,-13.382114271998406
12268,-2.5606119632720947,-13.353890586733819
12269,-20.28870391845703,-13.39649193561077
12270,-39.79289627075195,-13.53260152041912
12271,-39.50011444091797,-13.679786202311515
12272,-40.549041748046875,-13.822905735850334
12273,-15.3267183303833,-13.85745230948925
12274,-9.894575119018555,-13.864415978312492
12275,-6.222558498382568,-13.864793942332268
12276,-4.2148118019104,-13.826477579951286
12277,-4.788116455078125,-13.786500254511834
12278,-5.2977166175842285,-13.745552956461907
12279,-49.519775390625,-13.9403067060709
12280,-7.662149906158447,-13.96035511648655
12281,-5.193391799926758,-13.986230376839638
12282,-16.929813385009766,-14.060332534432412
12283,-13.8868408203125,-14.11090478861332
12284,-0.4927760064601898,-14.102709546089173
12285,0.7764379978179932,-14.057210041046142
12286,-0.34298399090766907,-13.81755451118946
12287,0.7653160095214844,-13.721597556233407
12288,0.6499475240707397,-13.528285668969154
12289,-43.66652297973633,-13.531461557030678
12290,-2.55635404586792,-13.385466163277625
12291,-6.906457901000977,-13.238728988289832
12292,-10.852112770080566,-13.249812072396278
12293,-16.893978118896484,-13.290249185204505
12294,-27.847293853759766,-13.202514489769936
12295,-47.14735412597656,-13.370740707039833
12296,-33.90423583984375,-13.478117950081826
12297,-80.61163330078125,-13.772305284142494
12298,-7.659275054931641,-13.77976815187931
12299,-6.005674839019775,-13.780856649041176
12300,-4.8892998695373535,-13.733186271309853
12301,-5.884291648864746,-13.698051128029823
12302,-7.244958400726318,-13.720577097535134
12303,-4.731133460998535,-13.71652731192112
12304,-4.803066730499268,-13.739803946614266
12305,-5.255673408508301,-13.766976952195167
12306,-16.28156089782715,-13.838191371560097
12307,-11.636275291442871,-13.890294944882394
12308,-0.5073059797286987,-13.892171792805195
12309,-0.7409120202064514,-13.875296285688878
12310,1.3097879886627197,-13.834351426184178
12311,-43.57209777832031,-13.942620049536227
12312,-43.70471954345703,-13.928500161230565
12313,1.3627979755401611,-13.721750080168247
12314,-43.68312072753906,-13.698980381071568
12315,-8.367960929870605,-13.576345687925816
12316,-9.341021537780762,-13.568566173613071
12317,-18.092966079711914,-13.613966072142125
12318,-27.33790397644043,-13.70151885420084
12319,-84.55774688720703,-14.007965908110142
12320,-86.9672622680664,-14.334626756727696
12321,-36.581207275390625,-14.445902051985264
12322,-10.094666481018066,-14.472360477507115
12323,-7.881525039672852,-14.474959306776524
12324,-2.863564968109131,-14.416061882078647
12325,-3.8495166301727295,-14.37599798876047
12326,-6.590733528137207,-14.3748140078187
12327,-6.286966800689697,-14.199732916891575
12328,-6.170724868774414,-14.191926302969456
12329,-4.713475227355957,-14.189088418066502
12330,-11.708252906799316,-14.234346237719059
12331,-7.559723854064941,-14.250314765512943
12332,-5.2057271003723145,-14.217967206537724
12333,0.8137440085411072,-14.18730144292116
12334,-0.4936319887638092,-13.938478363454342
12335,0.5967640280723572,-13.669596769988537
12336,-2.674298048019409,-13.491921632468701
12337,-0.31079214811325073,-13.290604025304317
12338,1.1532599925994873,-12.895125689923763
12339,0.12877467274665833,-12.707234874069691
12340,-6.632415294647217,-12.689354134857654
12341,-13.878477096557617,-12.705263310730457
12342,-30.78994369506836,-12.81163102465868
12343,-79.38848114013672,-13.099771348297596
12344,-79.44877624511719,-13.394048587143422
12345,-34.340599060058594,-13.497889384567738
12346,-6.180850028991699,-13.51548249655962
12347,-50.049957275390625,-13.721147125542164
12348,-3.8868916034698486,-13.74189049988985
12349,-2.011837959289551,-13.75145114773512
12350,-6.10789155960083,-13.7296885496974
12351,-2.6607298851013184,-13.67722505825758
12352,-6.37114143371582,-13.570699141204358
12353,-7.485024929046631,-13.412271488845349
12354,-2.9964699745178223,-13.352275503814221
12355,-11.325379371643066,-13.2441695048213
12356,0.16266000270843506,-13.213942565143109
12357,0.6238939762115479,-13.188278822124005
12358,1.0961819887161255,-13.1744398381114
12359,1.1426759958267212,-13.140114501178264
12360,1.1818979978561401,-13.121344243705273
12361,1.229490041732788,-12.912451246917248
12362,1.1570760011672974,-12.707450643718243
12363,-1.0482293367385864,-12.510529822051526
12364,-10.894516944885254,-12.492495909392833
12365,-12.864755630493164,-12.484356821715831
12366,-31.470016479492188,-12.58993408459425
12367,-34.806541442871094,-12.734205066382884
12368,-41.67795181274414,-12.906713017642499
12369,-33.59003829956055,-13.035117346942425
12370,-8.885016441345215,-13.07325370067358
12371,-7.111383438110352,-13.100117962419986
12372,-6.353808403015137,-13.128305019915103
12373,-4.833075046539307,-13.143258912146091
12374,-2.390533924102783,-13.100467246115208
12375,-4.668408393859863,-13.04362544542551
12376,-7.252216815948486,-13.012893765509128
12377,-5.2092084884643555,-12.87484169870615
12378,-15.1243896484375,-12.798338387548924
12379,-11.799715042114258,-12.673764359533786
12380,-2.6551272869110107,-12.656721302092075
12381,1.4128546714782715,-12.625976850569248
12382,0.7639840245246887,-12.605398667156697
12383,-1.4530220031738281,-12.593400755703449
12384,1.2088799476623535,-12.56986386948824
12385,0.26068976521492004,-12.543837044417858
12386,1.322100043296814,-12.509602177798747
12387,-2.2741360664367676,-12.502327862918376
12388,-9.898266792297363,-12.48868194693327
12389,-5.275026798248291,-12.456979899585248
12390,-13.037226676940918,-12.493330251872539
12391,-35.33303451538086,-12.624564133822918
12392,-38.42502975463867,-12.776775148808957
12393,-41.4970703125,-12.94787939018011
12394,-7.973869800567627,-12.984894717156887
12395,-8.201325416564941,-13.022643394887448
12396,-6.936641693115234,-13.054575025498867
12397,-3.8461482524871826,-13.0626380905509
12398,-49.74456787109375,-13.253356033742428
12399,-49.767208099365234,-13.372592514455318
12400,-7.228600025177002,-13.269233980596066
12401,-8.043049812316895,-13.128626028478145
12402,-15.542140007019043,-13.009851793706417
12403,-12.202838897705078,-12.872948305547238
12404,-6.217033386230469,-12.868336338460445
12405,0.6861159801483154,-12.842679807126522
12406,1.2746340036392212,-12.811669871270656
12407,0.729423999786377,-12.787278109490872
12408,1.2688380479812622,-12.766922124326229
12409,1.3388400077819824,-12.742435531079769
12410,1.3106880187988281,-12.72787789863348
12411,-3.5028014183044434,-12.722568936765194
12412,-12.436789512634277,-12.725865952908993
12413,-18.985097885131836,-12.755078351438046
12414,-35.05569839477539,-12.887624473035336
12415,-20.232969284057617,-12.973579142034053
12416,-40.039649963378906,-13.136281325995922
12417,-38.57709503173828,-13.280949497878552
12418,-7.586764812469482,-13.315622605025768
12419,-8.216708183288574,-13.352946165740489
12420,-4.464628219604492,-13.375442054450511
12421,-5.423274993896484,-13.37676965302229
12422,-7.111816883087158,-13.376437555015087
12423,-4.566683292388916,-13.346466354072094
12424,-4.695703506469727,-13.250275100409985
12425,-7.9670000076293945,-13.143604983985425
12426,-18.29705810546875,-13.051679187476635
12427,-10.420222282409668,-12.938341643989085
12428,-4.3032073974609375,-12.928683040320873
12429,-3.1143593788146973,-12.915571210563183
12430,1.4077800512313843,-12.885279724299908
12431,-0.8517879843711853,-12.878002540528774
12432,-37.33461380004883,-13.008619695603848
12433,-36.089107513427734,-13.125730926454068
12434,-34.44345474243164,-13.238024946153164
12435,-33.969085693359375,-13.344937488496303
12436,-8.61407470703125,-13.320665626466274
12437,-2.923919916152954,-13.297879071176052
12438,-2.345463275909424,-13.308466980278492
12439,-6.808374881744385,-13.336333346486091
12440,-6.055891513824463,-13.365575816750527
12441,-5.7560248374938965,-13.2128966537714
12442,-3.9768083095550537,-13.05332375395298
12443,-4.685633182525635,-13.074209766745568
12444,-12.061896324157715,-13.124504351973533
12445,-2.236694097518921,-13.129859171032905
12446,-6.499636650085449,-13.109855951428413
12447,1.1920679807662964,-13.091692327141761
12448,-0.5315200090408325,-12.964898851513862
12449,0.3832480013370514,-12.801952773571015
12450,0.9876059889793396,-12.620771133184434
12451,-0.19072599709033966,-12.482458597719669
12452,-0.852487325668335,-12.448870748102665
12453,-0.7957379817962646,-12.421132532656193
12454,-11.420649528503418,-12.446534697115421
12455,-13.153892517089844,-12.470420033037662
12456,-77.27599334716797,-12.771436478197575
12457,-41.135311126708984,-12.908875090181828
12458,-34.20538330078125,-13.025298756182194
12459,-33.04030227661133,-13.125591532289981
12460,-8.784700393676758,-13.091680796205997
12461,-5.171508312225342,-13.069896797716618
12462,-6.757349967956543,-13.094527237474919
12463,-7.059925079345703,-13.12589138585329
12464,-4.412958145141602,-13.141947418391705
12465,-6.458674907684326,-13.170534988582133
12466,-4.572641849517822,-13.191395204007625
12467,-8.409866333007812,-13.228951581418514
12468,-16.819568634033203,-13.299154351890087
12469,-2.2565560340881348,-13.306819896042347
12470,-13.30912971496582,-13.324662261307239
12471,-0.25965800881385803,-13.30266158670187
12472,1.3860540390014648,-13.155812850892543
12473,1.1871000528335571,-12.993704175412654
12474,0.6339460015296936,-12.82451761931181
12475,-6.186854839324951,-12.741164979159832
12476,-4.497951984405518,-12.717272288501263
12477,-11.487520217895508,-12.739243889987469
12478,-17.750959396362305,-12.790063059985638
12479,-15.986133575439453,-12.83634189337492
12480,-35.06943893432617,-12.958863816440106
12481,-17.915666580200195,-12.831128747165202
12482,-42.767921447753906,-12.80092159384489
12483,-43.67117691040039,-12.943356103122234
12484,-7.4586591720581055,-12.93155111426115
12485,-6.73075008392334,-12.904613450229167
12486,-4.6481499671936035,-12.91061537283659
12487,-6.587158203125,-12.942620181739331
12488,-5.126550197601318,-12.968474326312542
12489,-4.030216693878174,-12.989612873256206
12490,-4.7994866371154785,-13.011253315865993
12491,-5.288724899291992,-13.037264503419399
12492,-17.56649398803711,-13.111616647183896
12493,-13.590758323669434,-13.15808202213049
12494,-3.9426779747009277,-13.119508717000484
12495,-7.305610179901123,-13.084047838628292
12496,-3.645993947982788,-12.95464602035284
12497,0.5266000032424927,-12.794461144387721
12498,1.1112120151519775,-12.604906158387662
12499,-5.899856090545654,-12.452487333238125
12500,-1.3526079654693604,-12.418407431542873
12501,-9.458504676818848,-12.422004851281644
12502,-12.910049438476562,-12.453616816461086
12503,-15.426366806030273,-12.50464290803671
12504,-42.41565704345703,-12.64904240220785
12505,-41.38117599487305,-12.794051805436611
12506,-47.92496109008789,-12.965007116258144
12507,-42.772098541259766,-13.104423810899258
12508,-10.633841514587402,-13.084256826341152
12509,-5.4298834800720215,-13.058654720246793
12510,-4.975424766540527,-13.067145010888577
12511,-7.048224925994873,-13.098194262683391
12512,-2.8215579986572266,-13.106541934669018
12513,-6.77869176864624,-13.138516917884349
12514,-4.953758239746094,-13.164031182944775
12515,-7.925075054168701,-13.201327107131481
12516,-17.1386661529541,-13.27460305184126
12517,-13.092987060546875,-13.298240079581738
12518,-16.805463790893555,-13.355219486892222
12519,-2.216939926147461,-13.282932430922985
12520,-14.774805068969727,-13.182860066115856
12521,-12.173548698425293,-13.073553803145886
12522,-15.24952507019043,-12.97235573643446
12523,-11.870030403137207,-12.958528984725476
12524,-10.365289688110352,-12.960411843001843
12525,-3.3397140502929688,-12.948880465209484
12526,-14.678757667541504,-12.99073624867201
12527,-15.852666854858398,-13.03499445027113
12528,-37.55299377441406,-13.164015558898448
12529,-46.907955169677734,-13.15356827801466
12530,-39.97270584106445,-13.282810501754284
12531,-32.0477294921875,-13.390227852523326
12532,-10.062925338745117,-13.362760300338268
12533,-8.42134952545166,-13.340898335158824
12534,-4.73936653137207,-13.357884697258472
12535,-4.888975143432617,-13.380546349823474
12536,-5.043566703796387,-13.399348680675029
12537,-4.810108184814453,-13.421650377452373
12538,-7.142691612243652,-13.45282093399763
12539,-7.905033111572266,-13.309774974524975
12540,-18.579214096069336,-13.37386641472578
12541,-16.31206703186035,-13.411488851249217
12542,-6.849224090576172,-13.395477296531201
12543,-14.610772132873535,-13.386344472587108
12544,-57.099021911621094,-13.503351384818554
12545,-54.788082122802734,-13.53391429680586
12546,-57.01628494262695,-13.626362493216991
12547,-57.617828369140625,-13.53438727349043
12548,-15.01196575164795,-13.563798036277294
12549,-16.999006271362305,-13.607771362006664
12550,-12.350005149841309,-13.63761418312788
12551,-62.23749923706055,-13.863027013480663
12552,-83.3576431274414,-14.167477752387523
12553,-39.9864501953125,-14.30849901932478
12554,-40.59159851074219,-14.451653146445752
12555,-39.615821838378906,-14.589093740165234
12556,-9.226483345031738,-14.560873429954052
12557,-6.261125087738037,-14.539372829139232
12558,-4.47004508972168,-14.555223785579205
12559,-7.125791549682617,-14.58076330369711
12560,-6.165416717529297,-14.610664122521877
12561,-4.267899990081787,-14.453447331368924
12562,-3.9109315872192383,-14.294272179543972
12563,-50.73549270629883,-14.502665342271328
12564,-58.661746978759766,-14.562579847276211
12565,-58.22745895385742,-14.762017839372158
12566,-56.96083450317383,-14.952497091233731
12567,-11.715214729309082,-14.92698608583212
12568,-2.608999252319336,-14.828070466935635
12569,-9.29033374786377,-14.527000814378262
12570,-9.054241180419922,-14.215348730027676
12571,-2.3941240310668945,-14.07860039705038
12572,-8.577966690063477,-14.072533597886562
12573,-12.492514610290527,-14.090977556169033
12574,-14.535430908203125,-14.13766501992941
12575,-61.28269958496094,-14.367397751748562
12576,-42.948543548583984,-14.512828991830348
12577,-48.741580963134766,-14.682647448480129
12578,-39.71778869628906,-14.816835703790188
12579,-30.724082946777344,-14.920878134667873
12580,-10.324767112731934,-14.915344191491604
12581,-5.590970039367676,-14.907469176232814
12582,-6.605249881744385,-14.913067267358302
12583,-3.4835617542266846,-14.930256490409374
12584,-4.619874954223633,-14.946761462271214
12585,-5.431891441345215,-14.970876084148884
12586,-4.94368314743042,-14.979953624546528
12587,-3.95947003364563,-14.994548336088657
12588,-14.97484302520752,-15.059060748159885
12589,-7.539968013763428,-15.089735718905926
12590,-3.6217966079711914,-15.07769324415922
12591,-43.81345748901367,-15.197433165729047
12592,-1.0070480108261108,-15.078301582992077
12593,-1.0369240045547485,-14.764895354449749
12594,-1.0420680046081543,-14.451268521487712
12595,0.008453999646008015,-14.313872309248895
12596,-0.051737334579229355,-14.289355858471245
12597,-0.6717519760131836,-14.091843037273735
12598,-2.959804058074951,-14.088134687092156
12599,-18.59440040588379,-14.154464936878533
12600,-37.891883850097656,-14.28160090604052
12601,-35.95256042480469,-14.414768228199334
12602,-33.342655181884766,-14.52265428319201
12603,-19.580915451049805,-14.57103784528002
12604,-51.684383392333984,-14.765789498951285
12605,-5.876541614532471,-14.743994147922844
12606,-5.79675817489624,-14.767831820633262
12607,-4.023711681365967,-14.786422243263573
12608,-7.122541904449463,-14.819297138836236
12609,-3.077744960784912,-14.836178822662681
12610,-4.437550067901611,-14.858656614925712
12611,-50.11820983886719,-15.064047414448112
12612,-15.491145133972168,-15.13064029898867
12613,-6.639153957366943,-15.153003997471183
12614,-4.525206089019775,-15.127526754047722
12615,0.8692533373832703,-15.072590718176215
12616,-0.13057999312877655,-14.947232972230763
12617,0.5301520228385925,-14.805886198367924
12618,0.9557459950447083,-14.635351407136769
12619,1.0048500299453735,-14.496971853818744
12620,0.4284600019454956,-14.459717948045581
12621,-9.711675643920898,-14.470119116868824
12622,-11.062027931213379,-14.488951994981617
12623,-18.988500595092773,-14.545573697175831
12624,-30.101890563964844,-14.65641912373528
12625,-44.926513671875,-14.817451544847339
12626,-42.842586517333984,-14.959813023652881
12627,-36.93117904663086,-15.086700905885547
12628,-8.634766578674316,-15.060742413606494
12629,-8.04467487335205,-15.045722252931446
12630,-6.679999828338623,-15.061821743097155
12631,-3.226480007171631,-15.080379081811756
12632,-5.062633514404297,-15.103685551967471
12633,-7.215491771697998,-15.126735431041569
12634,-5.585774898529053,-15.153914050426334
12635,-8.153983116149902,-15.187572741951794
12636,-16.627201080322266,-15.25936994644627
12637,-2.214423894882202,-15.25913109776005
12638,-3.483616828918457,-15.233472497906536
12639,-4.50216817855835,-15.230381063427776
12640,0.2893100082874298,-15.177074916686863
12641,0.3973419964313507,-15.034153410639615
12642,-0.9387440085411072,-14.884208267655223
12643,1.2204899787902832,-14.713338026490062
12644,-1.5264580249786377,-14.687548379387707
12645,-7.969339847564697,-14.686620437111706
12646,-6.212003231048584,-14.68372188326344
12647,-19.84203338623047,-14.747705423798411
12648,-34.6055908203125,-14.687149515595287
12649,-39.30149841308594,-14.64528667685017
12650,-40.70996856689453,-14.77921215101704
12651,-38.285823822021484,-14.900183247055859
12652,-9.738791465759277,-14.87696985289082
12653,-6.3966498374938965,-14.853745096649975
12654,-4.663099765777588,-14.847529362168164
12655,-4.729183197021484,-14.869190558876841
12656,-6.61478328704834,-14.900748228039593
12657,-4.030108451843262,-14.91978635784611
12658,-4.554008483886719,-14.943077743973584
12659,-4.107123374938965,-14.964861597504466
12660,-16.733806610107422,-15.037039576020092
12661,-14.987625122070312,-15.082978870835156
12662,-7.520181179046631,-15.063312437500805
12663,-0.3566119968891144,-14.988798493947833
12664,-4.477518558502197,-14.86648577460274
12665,-7.354618549346924,-14.814972371663899
12666,-5.943609237670898,-14.678588208761067
12667,-4.809599876403809,-14.543518228139728
12668,-55.177154541015625,-14.733879787053914
12669,-11.779158592224121,-14.748129588689656
12670,-14.575981140136719,-14.788575000371784
12671,-16.331233978271484,-14.832206836309284
12672,-40.41267776489258,-14.965410279836506
12673,-37.22037124633789,-15.096025031652301
12674,-46.83967971801758,-15.264600936498493
12675,-32.06839370727539,-15.361006511297077
12676,-7.936283111572266,-15.319563411321491
12677,-6.670949935913086,-15.304566321935505
12678,-6.852141857147217,-15.31476205977425
12679,-4.2046332359313965,-15.319123155202716
12680,-7.478308200836182,-15.354667508210987
12681,-7.114091873168945,-15.379716723766178
12682,-7.269008159637451,-15.259454301204533
12683,-5.339099884033203,-15.136454270686954
12684,-17.539112091064453,-15.068836900081486
12685,-10.529638290405273,-14.97507911046967
12686,-6.49429988861084,-14.966600011195988
12687,-5.023886680603027,-14.974999878253788
12688,-4.722569465637207,-14.9845083030127
12689,-4.600947380065918,-14.975678593005984
12690,-0.04021799936890602,-14.951615898948162
12691,-2.115518093109131,-14.937053871970624
12692,-5.7882981300354,-14.944299831252545
12693,-14.231511116027832,-14.982483342986553
12694,-4.513306617736816,-14.95228898416087
12695,-16.963333129882812,-15.011195540290325
12696,-41.046199798583984,-15.14938179288432
12697,-47.007259368896484,-15.342179102282971
12698,-45.608543395996094,-15.522487195830792
12699,-42.71623611450195,-15.694885132294148
12700,-7.596658229827881,-15.729222189169377
12701,-6.242058277130127,-15.753427518289536
12702,-6.420000076293945,-15.775697569292038
12703,-4.7627668380737305,-15.791565684717149
12704,-7.170641899108887,-15.77456565419957
12705,-4.703941822052002,-15.740765851419418
12706,-2.390471935272217,-15.441223765771836
12707,-3.546907424926758,-15.290870150964707
12708,-18.370288848876953,-15.227529773157089
12709,-10.618163108825684,-15.137841216485947
12710,-9.449461936950684,-15.140500262659042
12711,-8.030288696289062,-15.151935384195298
12712,-0.5543753504753113,-15.127123485725374
12713,-46.14601516723633,-15.283467846076935
12714,-5.155290126800537,-15.286437174003572
12715,-1.7056792974472046,-15.267425191562623
12716,-6.311694145202637,-15.274381400745362
12717,-9.171589851379395,-15.277428294818849
12718,-17.29949378967285,-15.279347995441407
12719,-18.811166763305664,-15.345566438358277
12720,-35.24544143676758,-15.433311685245483
12721,-41.0699577331543,-15.596552884142845
12722,-29.863006591796875,-15.721549126666039
12723,-82.99987030029297,-16.058297008078544
12724,-51.8985595703125,-16.268427030365913
12725,-8.74743366241455,-16.278669345658273
12726,-7.501816749572754,-16.290684804718943
12727,-6.634825229644775,-16.271274024765937
12728,-4.573183536529541,-16.21856292132661
12729,-3.560901641845703,-16.168861993592234
12730,-7.590108394622803,-16.05894467143342
12731,-5.476353168487549,-16.009187417786567
12732,-17.570859909057617,-15.908399171631784
12733,-8.119573593139648,-15.76619275836274
12734,-52.0155029296875,-15.944420133393258
12735,-49.96408462524414,-16.11735347155854
12736,-46.069881439208984,-16.2830403974466
12737,-4.256864070892334,-16.273719220917673
12738,0.9342359900474548,-16.249476076167078
12739,-5.678698539733887,-16.256070003550498
12740,-5.640315532684326,-16.259433319132775
12741,-8.398702621459961,-16.27187323002145
12742,-12.142450332641602,-16.250177055399863
12743,-12.978991508483887,-16.247729988139124
12744,-41.69124984741211,-16.398724275629966
12745,-47.022335052490234,-16.557591175120322
12746,-47.007259368896484,-16.73103623680398
12747,-39.87702178955078,-16.89265072397515
12748,-8.127166748046875,-16.92960423902795
12749,-8.272608757019043,-16.939095249693843
12750,-4.131724834442139,-16.950211717169733
12751,-4.050036430358887,-16.92857784418389
12752,-3.9073667526245117,-16.892567113440485
12753,-6.197808265686035,-16.855652879279106
12754,-7.167933464050293,-16.71466198496148
12755,-5.180283546447754,-16.56985841516778
12756,-12.195075035095215,-16.426938870947808
12757,-9.519433975219727,-16.29392821268365
12758,-5.2505388259887695,-16.272395001929254
12759,-3.9861905574798584,-16.266620230238885
12760,1.1267999410629272,-16.24221133140847
12761,-0.19787000119686127,-16.214809911709278
12762,0.23350800573825836,-16.202589647691696
12763,0.2612026631832123,-16.17443006996438
12764,0.19358399510383606,-16.15384070102498
12765,-11.410511016845703,-16.167782444875687
12766,-13.059700012207031,-16.1514665803127
12767,-4.69586181640625,-16.117878079336137
12768,-6.513216495513916,-16.07670909015462
12769,-7.82497501373291,-16.09914123050496
12770,-5.073683261871338,-16.060336743276565
12771,-5.143108367919922,-16.032214981954546
12772,-7.629866600036621,-16.00173634807393
12773,-4.756008148193359,-15.973280259054155
12774,-8.07860279083252,-15.964133511465043
12775,-15.672861099243164,-16.013466099660842
12776,-9.704497337341309,-15.993569058340043
12777,-9.202566146850586,-15.966968655508012
12778,1.0639660358428955,-15.812500816266983
12779,0.8261560201644897,-15.621564371507615
12780,-0.9084020256996155,-15.465307156246155
12781,1.4072580337524414,-15.331487206142397
12782,1.4158979654312134,-15.28557191292569
12783,-8.46794605255127,-15.28575829903409
12784,-16.492473602294922,-15.332770727317781
12785,-13.963293075561523,-15.369067999046296
12786,-18.466094970703125,-15.422758112113923
12787,-43.248680114746094,-15.57651239983365
12788,-50.41471862792969,-15.749600507896394
12789,-58.35659408569336,-15.951406751792877
12790,-40.02590560913086,-16.037193517845125
12791,-8.894274711608887,-16.00752234856412
12792,-6.167741775512695,-16.004796419303865
12793,-7.883691787719727,-15.977888097923248
12794,-6.153683185577393,-15.774106743019074
12795,-49.35413360595703,-15.752370948951691
12796,-3.3388240337371826,-15.537661105316133
12797,-3.3454580307006836,-15.320571623962373
12798,-8.12406063079834,-15.293020003478974
12799,-11.967658996582031,-15.272894614379853
12800,-10.137791633605957,-15.264045760314911
12801,-13.813684463500977,-15.070350501220673
12802,-0.22677800059318542,-14.737827040713281
12803,0.8235039710998535,-14.574587224047631
12804,1.2612600326538086,-14.407175789874048
12805,1.108836054801941,-14.244277158301324
12806,1.1833380460739136,-14.2026378727369
12807,-2.8748021125793457,-14.189092580836267
12808,-13.695755958557129,-14.225995424311607
12809,-17.073793411254883,-14.265787431757897
12810,-21.002737045288086,-14.325136713068932
12811,-37.42620086669922,-14.457769916575401
12812,-22.662038803100586,-14.532774345438927
12813,-88.78492736816406,-14.684972084086388
12814,-40.45195007324219,-14.612132896464319
12815,-10.428766250610352,-14.420938125651329
12816,-6.513649940490723,-14.219149387400597
12817,-4.305920124053955,-14.189512208979577
12818,-4.779775142669678,-14.198195312540978
12819,-6.440149784088135,-14.186794576685875
12820,-6.40743350982666,-14.176207346003503
12821,-4.738824844360352,-14.185586149256677
12822,-5.054436206817627,-14.171492027323692
12823,-10.304227828979492,-14.162738880198448
12824,-9.764782905578613,-14.143656288187952
12825,-6.5861992835998535,-13.924870286982507
12826,-4.829751491546631,-13.772395118754357
12827,1.2075660228729248,-13.572598530810327
12828,-4.254323482513428,-13.430744669955224
12829,0.4098820090293884,-13.306208810131997
12830,0.8724700212478638,-13.261419861596078
12831,-5.826059341430664,-13.26236021880433
12832,-9.767839431762695,-13.275010577004403
12833,-15.463571548461914,-13.322930616181344
12834,-5.936426162719727,-13.328196821015329
12835,-43.40562057495117,-13.480091737549753
12836,-39.638431549072266,-13.618870731156319
12837,-30.002527236938477,-13.72304295996949
12838,-37.45457458496094,-13.812961886208505
12839,-52.60727310180664,-13.993231106560676
12840,-51.66358184814453,-14.18539824752137
12841,-4.035091876983643,-14.026284785073251
12842,-6.93512487411499,-14.049997092526405
12843,-4.25392484664917,-14.062865095894784
12844,-4.777824878692627,-14.077808123391122
12845,-6.960583209991455,-14.105684272229672
12846,-7.712418556213379,-14.136326997116209
12847,-9.868677139282227,-14.173114697769284
12848,-14.229644775390625,-14.218194060638547
12849,-7.398920059204102,-14.173412139251829
12850,-5.714925765991211,-14.044704306915403
12851,-7.479941368103027,-13.930813830688596
12852,1.0453059673309326,-13.793261986091734
12853,-3.597968101501465,-13.729330196693539
12854,-6.829249382019043,-13.549909660652279
12855,-1.061885952949524,-13.530651038005947
12856,-15.33702564239502,-13.568812107875944
12857,-12.874690055847168,-13.604216021373867
12858,-14.785211563110352,-13.634866700008512
12859,-42.956966400146484,-13.794383585765958
12860,-43.8316650390625,-13.951960045650601
12861,-36.88888168334961,-13.899042733028532
12862,-12.867429733276367,-13.888547871425748
12863,-9.116524696350098,-13.89845735438168
12864,-5.231633186340332,-13.901283062770963
12865,-4.824516773223877,-13.924058143213392
12866,-4.994925022125244,-13.943515523329378
12867,-7.780341625213623,-13.976757497921586
12868,-5.389474868774414,-14.002138381376863
12869,-7.85260009765625,-14.037568181887268
12870,-5.567985534667969,-14.061553964033722
12871,-13.35805606842041,-14.076139485731721
12872,-12.621910095214844,-14.082379014387726
12873,-9.306450843811035,-14.0436508153826
12874,0.6269680261611938,-13.920735381022096
12875,-0.053025998175144196,-13.741241430327296
12876,1.3915979862213135,-13.564304692313074
12877,0.8237800002098083,-13.413284856125712
12878,-6.174576759338379,-13.403444096848368
12879,-5.684283256530762,-13.394002530381083
12880,-12.563797950744629,-13.417537722870707
12881,-12.938053131103516,-13.456384015366435
12882,-16.728748321533203,-13.503048474594952
12883,-39.55154037475586,-13.632392669007181
12884,-21.640552520751953,-13.696611779496074
12885,-52.596805572509766,-13.874383069321514
12886,-47.86156463623047,-13.999320523545146
12887,-10.243949890136719,-14.031438627526164
12888,-6.523399829864502,-14.043597759529948
12889,-2.725954055786133,-14.036492903038859
12890,-4.996441841125488,-14.057635910436511
12891,-5.813600063323975,-14.082479678675533
12892,-8.21042537689209,-14.111566404148936
12893,-5.750333309173584,-14.139449697300792
12894,-6.012406826019287,-14.157393492504955
12895,-14.812636375427246,-14.184766678616404
12896,-4.051270484924316,-14.176123747631907
12897,-4.455699443817139,-14.114578411862254
12898,-4.141844749450684,-13.992723427578808
12899,1.255139946937561,-13.830496874138714
12900,0.6565240025520325,-13.665030903860927
12901,1.1119580268859863,-13.507439776465297
12902,1.2687300443649292,-13.4634096904248
12903,-48.42237091064453,-13.631512574717403
12904,-52.77805709838867,-13.823972404047847
12905,-16.001602172851562,-13.869062079951167
12906,-21.32240104675293,-13.927892550989986
12907,-28.54953384399414,-14.025970252558588
12908,-49.645538330078125,-14.206336371943355
12909,-46.11376190185547,-14.37436292605102
12910,-41.39979553222656,-14.473026881739496
12911,-8.085783004760742,-14.44541951327026
12912,-8.837024688720703,-14.450686887308954
12913,-4.302123546600342,-14.4664689335078
12914,-49.63482666015625,-14.647098165914416
12915,-4.775441646575928,-14.636781458303332
12916,-5.457183361053467,-14.634835754796862
12917,-7.554683208465576,-14.645816088125109
12918,-7.740941524505615,-14.456071236059069
12919,-19.314130783081055,-14.486211124822498
12920,-14.376365661621094,-14.485412662908434
12921,-14.320272445678711,-14.477368816778064
12922,-16.06106948852539,-14.379962383672595
12923,-2.271636724472046,-14.240167445585131
12924,1.2860640287399292,-14.047664470598102
12925,0.9312059879302979,-13.915666071817279
12926,-2.877120018005371,-13.895429419443012
12927,-7.957814693450928,-13.900576878473162
12928,-7.606947422027588,-13.903596100732685
12929,-4.949335098266602,-13.906574908182025
12930,-15.483880996704102,-13.938597199365496
12931,-42.041927337646484,-14.078308541223407
12932,-52.1960334777832,-14.25801664249599
12933,-51.767330169677734,-14.443729563638568
12934,-27.54107666015625,-14.483737421914935
12935,-8.477299690246582,-14.4755280675143
12936,-51.920223236083984,-14.657231760904192
12937,-5.104666709899902,-14.65755488102138
12938,-6.960366725921631,-14.666506070062518
12939,-4.911828517913818,-14.667749594613909
12940,-5.436600208282471,-14.689335123449563
12941,-8.206850051879883,-14.713700451284646
12942,-6.101339817047119,-14.714952618032694
12943,-12.67703914642334,-14.708734730154276
12944,-12.978216171264648,-14.742594368368387
12945,-10.660792350769043,-14.717384205251932
12946,0.015035999938845634,-14.55313926205784
12947,-1.852021336555481,-14.372518309928477
12948,-4.395622730255127,-14.207666627265512
12949,-9.455087661743164,-14.074622033454478
12950,-7.758260726928711,-14.075268443442882
12951,-8.801265716552734,-14.085505273200571
12952,-13.920193672180176,-14.115506047584116
12953,-12.488214492797852,-14.146407838203013
12954,-21.405975341796875,-14.203349171973764
12955,-43.675167083740234,-14.359234073020518
12956,-21.806507110595703,-14.436898213721811
12957,-89.66627502441406,-14.78137568411976
12958,-43.941871643066406,-14.883662015296519
12959,-53.221092224121094,-15.0540737317577
12960,-50.902000427246094,-15.219883885718883
12961,-7.74275016784668,-15.218733731605113
12962,-6.013253211975098,-15.240569243051112
12963,-7.289050102233887,-15.085141382791102
12964,-5.002183437347412,-15.084528956033289
12965,-5.0484418869018555,-15.097900006391107
12966,-6.701272487640381,-15.09945831976086
12967,-17.850345611572266,-15.134173342801631
12968,-13.114933967590332,-15.1174351035133
12969,-17.229726791381836,-15.111109343625605
12970,-12.965744018554688,-15.021990553952753
12971,-8.08617877960205,-14.890055438138544
12972,-5.277933120727539,-14.791715144254267
12973,-0.24778799712657928,-14.460706815041602
12974,-2.845348596572876,-14.264493971146644
12975,-11.088088989257812,-14.273856592454017
12976,-9.589982986450195,-14.282209257401526
12977,-12.065835952758789,-14.303933300293982
12978,-17.5655517578125,-14.355902773179114
12979,-16.45798683166504,-14.407491113938391
12980,-49.04969787597656,-14.573329471863806
12981,-49.739524841308594,-14.750382158555091
12982,-39.64951705932617,-14.838696787156165
12983,-8.797316551208496,-14.84140775898844
12984,-6.879383563995361,-14.660863281525671
12985,-6.8709917068481445,-14.488490909852088
12986,-6.838708400726318,-14.331566217698157
12987,-4.6510748863220215,-14.333143060959875
12988,-2.524578094482422,-14.346978317297996
12989,-4.44921350479126,-14.342060377158225
12990,-7.9810991287231445,-14.35142351154238
12991,-12.884650230407715,-14.369367301978171
12992,-11.119503021240234,-14.365275512732566
12993,-10.065760612487793,-14.35362258914858
12994,-5.066555500030518,-14.207123811759054
12995,0.5908013582229614,-14.016671266116202
12996,-8.361753463745117,-13.862089242495596
12997,-0.49302399158477783,-13.704553251303732
12998,-5.157306671142578,-13.692673810996116
12999,-6.368729114532471,-13.685058292426168
13000,-8.567782402038574,-13.702802522696555
13001,-16.382545471191406,-13.752132558859884
13002,-18.276798248291016,-13.80961028484255
13003,-41.54362106323242,-13.950993536032737
13004,-46.3830451965332,-14.107853982962668
13005,-21.35227394104004,-14.172541944541036
13006,-35.944580078125,-14.267539964713157
13007,-6.755666732788086,-14.25648489574343
13008,-6.186591625213623,-14.26022910694033
13009,-4.459866523742676,-14.262123810805381
13010,-6.345358371734619,-14.29201244405657
13011,-8.031675338745117,-14.323347665406764
13012,-6.873591899871826,-14.351776065029204
13013,-6.801441669464111,-14.380026642359793
13014,-5.220343112945557,-14.40168235079199
13015,-12.67832088470459,-14.406753590263426
13016,-8.918055534362793,-14.39018701235205
13017,-7.04349422454834,-14.399577541984618
13018,1.29544198513031,-14.36834290806204
13019,-1.3671239614486694,-14.342511503852904
13020,1.3090499639511108,-14.316980570949614
13021,-0.23991599678993225,-14.297367801465095
13022,-3.6836395263671875,-14.281582893170416
13023,-6.4952473640441895,-14.28853985003382
13024,-56.875694274902344,-14.4837282159701
13025,-3.3754520416259766,-14.43453857973963
13026,-5.284200668334961,-14.416857393063605
13027,-30.784875869750977,-14.503186631955206
13028,-38.7464485168457,-14.66242829016596
13029,-86.59574890136719,-15.012115909852087
13030,-35.93659973144531,-15.15222870067507
13031,-7.866191864013672,-15.189322500266135
13032,-51.03384017944336,-15.399121452845632
13033,-7.3545918464660645,-15.394668036021292
13034,-8.179441452026367,-15.361415907420218
13035,-5.668324947357178,-15.3282360349074
13036,-8.0114164352417,-15.286417320765555
13037,-5.047033309936523,-15.133610733546316
13038,-5.203494548797607,-14.952765837229789
13039,-17.13437271118164,-14.787876951731741
13040,-12.7861967086792,-14.678918116129935
13041,-8.5757417678833,-14.677643984355033
13042,-6.5500335693359375,-14.679173151530325
13043,-0.8981586694717407,-14.651231019057333
13044,-1.0765392780303955,-14.630922443427146
13045,-6.490183353424072,-14.459466642417013
13046,-11.708619117736816,-14.492945822753013
13047,-10.13139533996582,-14.520089571990074
13048,-15.705994606018066,-14.550417307890951
13049,-13.236831665039062,-14.55549399856478
13050,-10.882354736328125,-14.558472250975669
13051,-35.43785095214844,-14.644968916930258
13052,-88.26667022705078,-14.997128485836088
13053,-88.31056213378906,-15.353664750255644
13054,-39.65749740600586,-15.517339780010284
13055,-10.208849906921387,-15.562610523857176
13056,-6.211725234985352,-15.592190776981413
13057,-4.346766471862793,-15.598078634418547
13058,-4.238753318786621,-15.560250623859465
13059,-50.04497528076172,-15.692135351337493
13060,-5.534208297729492,-15.630261236347257
13061,-50.444618225097656,-15.682334905780852
13062,-6.322026252746582,-15.616974855579436
13063,-11.290136337280273,-15.306995691455901
13064,-10.831781387329102,-15.188515016712248
13065,-12.337746620178223,-15.19615093819052
13066,-3.154966115951538,-15.182716202892363
13067,1.3020659685134888,-15.160284258522093
13068,1.3166999816894531,-15.135898358024656
13069,-1.8736159801483154,-15.117632222808897
13070,0.12032999843358994,-15.091521168775856
13071,-2.6418213844299316,-15.083133154936135
13072,-13.211448669433594,-15.1157612047866
13073,-13.068499565124512,-15.126818291731178
13074,-20.473257064819336,-15.169652188368142
13075,-36.73770523071289,-15.290258212156594
13076,-42.54404067993164,-15.441115368910134
13077,-52.562225341796875,-15.656194534368813
13078,-41.20029830932617,-15.803978433676065
13079,-8.630049705505371,-15.840138160534202
13080,-6.8671417236328125,-15.871096607513726
13081,-6.957766532897949,-15.875623436279595
13082,-2.51131010055542,-15.846597318954766
13083,-7.0009918212890625,-15.812747000046075
13084,-4.943358421325684,-15.808774729080499
13085,-5.160133361816406,-15.655792780227959
13086,-8.599749565124512,-15.531638052292168
13087,-12.513213157653809,-15.46168079597503
13088,-2.242002010345459,-15.320830505676568
13089,-7.135069370269775,-15.13894169075042
13090,-3.439384698867798,-14.946044902153313
13091,1.0108939409255981,-14.925860958881676
13092,-0.7201120257377625,-14.901000907488168
13093,1.3737419843673706,-14.878490240164101
13094,1.1015180349349976,-14.854972868509591
13095,-8.285896301269531,-14.860274120874703
13096,-11.687653541564941,-14.87617506081611
13097,-14.788643836975098,-14.89585492760688
13098,-60.24931716918945,-15.079933617182077
13099,-16.508970260620117,-15.11637381798774
13100,-20.091102600097656,-15.173878525324167
13101,-49.313480377197266,-15.341212681360544
13102,-35.16311264038086,-15.48604635579139
13103,-52.71398162841797,-15.682510409899056
13104,-9.976258277893066,-15.695098445482552
13105,-8.037958145141602,-15.72300273425132
13106,-6.866224765777588,-15.68911953074485
13107,-2.672571897506714,-15.648311058111489
13108,-3.669466733932495,-15.603848078794778
13109,-2.3376479148864746,-15.441370804853737
13110,-5.42728328704834,-15.287753277845681
13111,-7.463837623596191,-15.170053101606667
13112,-16.904163360595703,-15.186200036115945
13113,-11.594457626342773,-15.196111767835916
13114,-1.0111559629440308,-15.17922985894233
13115,-3.326977252960205,-15.173239700861275
13116,0.6736260056495667,-15.150565496750175
13117,-0.2523820102214813,-15.120453658290208
13118,0.534466028213501,-15.096757894702256
13119,1.2808259725570679,-15.060224190421403
13120,-2.2880759239196777,-15.047104551978409
13121,-11.714159965515137,-15.040528967566788
13122,-16.131999969482422,-15.054569327063858
13123,-15.075653076171875,-15.077646135993302
13124,-38.70451354980469,-15.234972062297166
13125,-42.560184478759766,-15.405000696219505
13126,-48.88920974731445,-15.606123927153646
13127,-42.73042297363281,-15.780340739049018
13128,-4.293883323669434,-15.772817965306341
13129,-8.647441864013672,-15.784670599736273
13130,-2.79762601852417,-15.745605912007392
13131,-7.136841773986816,-15.722401066578925
13132,-5.953674793243408,-15.679300772465766
13133,-7.010958194732666,-15.549138443745672
13134,-4.131979942321777,-15.479104153431951
13135,-5.804609775543213,-15.291935370244087
13136,-11.755250930786133,-15.147510115422309
13137,-53.97713088989258,-15.322442839421331
13138,-50.97430419921875,-15.500246456898749
13139,-3.585221290588379,-15.503683525837959
13140,1.0434099435806274,-15.479524118699134
13141,1.3428000211715698,-15.450898518361152
13142,0.35201001167297363,-15.416648776806891
13143,-3.039944648742676,-15.405807222165167
13144,-9.240557670593262,-15.418719825543464
13145,-2.4658820629119873,-15.369332808293402
13146,-17.941232681274414,-15.424892657078802
13147,-14.631508827209473,-15.465595894612372
13148,-42.101776123046875,-15.617435620106757
13149,-45.30866622924805,-15.803690844811499
13150,-52.7400016784668,-16.017276947535574
13151,-42.9616584777832,-16.193571413554253
13152,-8.349249839782715,-16.232043333090843
13153,-7.104066848754883,-16.066770116843283
13154,-7.69920015335083,-15.886454689063132
13155,-7.350800037384033,-15.851851480521262
13156,-7.295766830444336,-15.795744943656027
13157,-2.7948360443115234,-15.692726152457297
13158,-5.147055625915527,-15.514732221640646
13159,-8.486783027648926,-15.36422430614382
13160,-12.043441772460938,-15.246798891104758
13161,-9.962908744812012,-15.254307394064963
13162,-9.22208023071289,-15.255847616232932
13163,-5.245687961578369,-15.259621873892844
13164,0.1612820029258728,-15.060437439240514
13165,-0.17939600348472595,-15.04205325666815
13166,0.5156660079956055,-15.018161859191954
13167,0.6678686738014221,-14.985271651662886
13168,-4.144815444946289,-14.97088714734465
13169,-8.934783935546875,-14.929369759954513
13170,-19.03272819519043,-14.94799521008879
13171,-9.074569702148438,-14.927012399114668
13172,-29.20636558532715,-14.979593583501876
13173,-45.433685302734375,-15.152241777814925
13174,-43.75079345703125,-15.332389207758009
13175,-46.32186508178711,-15.52140149203688
13176,-10.866758346557617,-15.553360045351088
13177,-6.79520845413208,-15.548709620393813
13178,-3.6883065700531006,-15.533035056985915
13179,-5.666916847229004,-15.535905383981765
13180,-50.292842864990234,-15.675141231454909
13181,-50.528465270996094,-15.709087383188308
13182,-7.493150234222412,-15.530275850214064
13183,-8.926523208618164,-15.358912622369825
13184,-16.363496780395508,-15.314202302850783
13185,-15.37558364868164,-15.341795438684523
13186,-10.189751625061035,-15.174873552240431
13187,-0.5511953234672546,-15.1566596666947
13188,0.8463159799575806,-15.125432935871183
13189,0.8411679863929749,-15.102420949853956
13190,0.666100025177002,-15.078010148920118
13191,0.7222779989242554,-15.042293636716902
13192,-7.516690731048584,-15.047955040372909
13193,-7.952094554901123,-15.02905526200682
13194,-12.504533767700195,-15.02716053239256
13195,-12.21993637084961,-15.033397108472883
13196,-46.42516326904297,-15.21915790554881
13197,-41.89620590209961,-15.379334643810987
13198,-49.85257339477539,-15.56116244646907
13199,-39.433170318603516,-15.68107477709651
13200,-11.24007511138916,-15.695002034634351
13201,-6.592625141143799,-15.686167472332716
13202,-4.94379186630249,-15.650261865109206
13203,-7.977075099945068,-15.632217307537793
13204,-7.973391532897949,-15.578486972302198
13205,-5.657058238983154,-15.42641453692317
13206,-7.144533157348633,-15.367766641110181
13207,-7.850435733795166,-15.040503283947706
13208,-13.529290199279785,-14.91885295817256
13209,-14.281492233276367,-14.76309455820918
13210,-9.933039665222168,-14.599218715161085
13211,-5.620890140533447,-14.590731275051832
13212,1.407960057258606,-14.561046421974897
13213,0.8362540006637573,-14.528545205563306
13214,0.45061200857162476,-14.50673402377963
13215,0.3890340030193329,-14.484984120219947
13216,-0.06661000102758408,-14.458445470273494
13217,-13.701141357421875,-14.441848653256892
13218,-15.009778022766113,-14.449428029477597
13219,-21.452632904052734,-14.466319653928279
13220,-37.662498474121094,-14.565106671750545
13221,-51.370548248291016,-14.7382441496253
13222,-47.519126892089844,-14.907208924710751
13223,-42.51701354980469,-15.076285826921463
13224,-8.324874877929688,-15.098203932046891
13225,-7.267974853515625,-15.082923475503922
13226,-50.1126823425293,-15.245014272928238
13227,-49.97119903564453,-15.396635725259781
13228,-3.029010057449341,-15.338489558458328
13229,-7.703533172607422,-15.303471743822097
13230,-7.366291522979736,-15.136738118410111
13231,-8.363248825073242,-14.971233014345168
13232,-16.60338020324707,-14.879048466920853
13233,-1.9878840446472168,-14.851810736894608
13234,-0.6044520139694214,-14.826711010694504
13235,-3.198033332824707,-14.81201917719841
13236,0.3072260022163391,-14.78343543958664
13237,0.7508440017700195,-14.76182776403427
13238,0.08521199971437454,-14.751388603657484
13239,1.0946040153503418,-14.729213333576917
13240,-7.705122470855713,-14.728109426945448
13241,-1.8987280130386353,-14.684165738075972
13242,-14.811907768249512,-14.698935357064009
13243,-21.32573890686035,-14.7439752702415
13244,-43.841861724853516,-14.899076495140791
13245,-42.28557586669922,-15.07058200404048
13246,-23.378419876098633,-15.130648669689894
13247,-39.0120735168457,-15.284724867790937
13248,-8.827975273132324,-15.299407542198896
13249,-8.932250022888184,-15.30966162583232
13250,-6.564191818237305,-15.301647263497115
13251,-3.470989942550659,-15.250001041382552
13252,-6.848891735076904,-15.204289415329695
13253,-3.8100783824920654,-15.053355244606733
13254,-8.338741302490234,-14.90117802903056
13255,-7.590377330780029,-14.846130442589521
13256,-11.789773941040039,-14.749511218041182
13257,-8.177454948425293,-14.75519837090373
13258,-51.99562454223633,-14.938434502571821
13259,-6.415947437286377,-14.946258826225996
13260,-1.6617093086242676,-14.927524229973555
13261,-4.319328784942627,-14.912674843758344
13262,-1.1345466375350952,-14.889718662708997
13263,-2.5089480876922607,-14.87254868838191
13264,-3.876889228820801,-14.86717487284541
13265,-10.575971603393555,-14.858765475720167
13266,-12.172891616821289,-14.871784820050001
13267,-19.284168243408203,-14.920747516125441
13268,-39.888214111328125,-15.085482140511274
13269,-38.00652313232422,-15.232039737194777
13270,-23.649566650390625,-15.331874203652143
13271,-34.845558166503906,-15.470296772330999
13272,-52.48637390136719,-15.665507709831
13273,-50.91044998168945,-15.84316852030158
13274,-4.054916858673096,-15.631885410636663
13275,-50.07389831542969,-15.818679195731878
13276,-4.77685022354126,-15.816649793952703
13277,-4.284474849700928,-15.710648189872503
13278,-5.003808498382568,-15.575677629798651
13279,-49.749839782714844,-15.428293993324042
13280,-55.02080154418945,-15.504630800575018
13281,-12.616495132446289,-15.523632013648749
13282,-7.529032230377197,-15.349612781852484
13283,0.1507466733455658,-15.319591427773236
13284,1.3156919479370117,-15.281610894173383
13285,1.2186000347137451,-15.2540631942451
13286,1.1474100351333618,-15.2174278883636
13287,-4.826395511627197,-15.216545337170363
13288,-7.027823448181152,-15.223842652767896
13289,-1.9207240343093872,-15.162988058060408
13290,-12.433916091918945,-15.161578935593367
13291,-16.107879638671875,-15.19170748707652
13292,-39.94584655761719,-15.325290739029645
13293,-28.846261978149414,-15.437083152264357
13294,-81.81129455566406,-15.76002217337489
13295,-42.668357849121094,-15.904734871357679
13296,-9.488325119018555,-15.895853695362806
13297,-7.910775184631348,-15.886971214741468
13298,-6.911508560180664,-15.851793270558119
13299,-7.431508541107178,-15.828571978062392
13300,-5.6659417152404785,-15.80770632597804
13301,-7.562808513641357,-15.696206156224012
13302,-5.9823832511901855,-15.36706900832057
13303,-8.152210235595703,-15.046435600727797
13304,-3.5008187294006348,-14.901808886021376
13305,-13.351126670837402,-14.91437799307704
13306,-9.510140419006348,-14.927571653813123
13307,-5.474850654602051,-14.932083990544081
13308,-2.813621997833252,-14.926383465260267
13309,1.2877520322799683,-14.7210525560081
13310,-5.693503379821777,-14.72168973633647
13311,0.1371140033006668,-14.519362807422876
13312,-1.1390409469604492,-14.498630866199731
13313,-8.556729316711426,-14.487697238117457
13314,-13.970685005187988,-14.500252852588892
13315,-17.69257164001465,-14.521672152668238
13316,-45.565982818603516,-14.691316219478846
13317,-50.2404899597168,-14.897486443191767
13318,-53.98000717163086,-15.118673271805047
13319,-46.70003128051758,-15.297978933006526
13320,-7.827624797821045,-15.329770752191543
13321,-8.650150299072266,-15.353804067850113
13322,-2.7665019035339355,-15.312024280786515
13323,-7.8120832443237305,-15.29099861550331
13324,-4.70134162902832,-15.227910953760148
13325,-4.829066753387451,-15.100276399850845
13326,-4.616384506225586,-14.948565775156021
13327,-6.357358932495117,-14.763746309518814
13328,-15.390812873840332,-14.66050836777687
13329,-9.875750541687012,-14.665491171121598
13330,-4.416590690612793,-14.655688966989517
13331,-5.455885410308838,-14.64968144249916
13332,0.8257420063018799,-14.636333234071731
13333,-0.17136000096797943,-14.609014706790447
13334,0.8511499762535095,-14.58583667320013
13335,-4.468379974365234,-14.583069659650326
13336,-8.332226753234863,-14.581999568402766
13337,-8.571749687194824,-14.566233714520932
13338,-13.793510437011719,-14.612439748227596
13339,-19.26015853881836,-14.66094010490179
13340,-38.05085754394531,-14.799385996282101
13341,-42.018245697021484,-14.971502554833888
13342,-50.76007843017578,-15.171662420451641
13343,-19.466890335083008,-15.255024949729442
13344,-11.009650230407715,-15.303469622790814
13345,-6.534765720367432,-15.296465100467206
13346,-49.804473876953125,-15.448932381808758
13347,-5.586100101470947,-15.41212220686674
13348,-5.462491512298584,-15.192974904239177
13349,-7.345058441162109,-15.156319256961346
13350,-5.45057487487793,-15.097757146060466
13351,-8.541687965393066,-14.93466997641325
13352,-17.2105770111084,-14.86285983389616
13353,-12.787259101867676,-14.70315294378996
13354,-1.0431419610977173,-14.667420478522777
13355,-6.140254020690918,-14.659829662024976
13356,-5.711423873901367,-14.65521045845747
13357,0.686710000038147,-14.64177333086729
13358,1.073017954826355,-14.622803392112255
13359,0.9804379940032959,-14.609531048476695
13360,-1.7936843633651733,-14.594996652781964
13361,-12.229024887084961,-14.614057401835918
13362,-14.216179847717285,-14.603305467784406
13363,-21.616783142089844,-14.643394769847394
13364,-46.1817741394043,-14.824077242553233
13365,-45.52323913574219,-14.992862290084362
13366,-51.35237121582031,-15.200966278970242
13367,-45.73711013793945,-15.382905191481113
13368,-8.043424606323242,-15.417216754019261
13369,-8.974499702453613,-15.458238056719303
13370,-7.582741737365723,-15.479416719973088
13371,-4.43625020980835,-15.45030508095026
13372,-4.643274784088135,-15.404350180208683
13373,-5.512758255004883,-15.366098600924015
13374,-7.269441604614258,-15.240358313143254
13375,-5.637413024902344,-15.092667227327823
13376,-13.465109825134277,-14.950970827639104
13377,-9.034013748168945,-14.816185190737247
13378,-8.89419937133789,-14.834586454927921
13379,-5.31181526184082,-14.82124394851923
13380,0.5279648900032043,-14.807941584885121
13381,0.6643360257148743,-14.776736873686314
13382,-2.6411728858947754,-14.763486866056919
13383,-45.209651947021484,-14.916281641066075
13384,-5.842597961425781,-14.92312411314249
13385,-9.292715072631836,-14.937076534330846
13386,-4.384886741638184,-14.907595077574253
13387,-20.792293548583984,-14.774855728209019
13388,-38.98008346557617,-14.726878845274449
13389,-22.591060638427734,-14.802902202665805
13390,-51.55763244628906,-15.013306372225285
13391,-49.216835021972656,-15.215544912397862
13392,-10.900991439819336,-15.26055691820383
13393,-6.3937249183654785,-15.273972039282322
13394,-7.246041774749756,-15.265993975698947
13395,-7.184616565704346,-15.284868913710117
13396,-5.417425155639648,-15.234773683607578
13397,-5.401175022125244,-15.197852348387242
13398,-7.806558132171631,-15.06067147642374
13399,-3.7765705585479736,-14.89454309374094
13400,-14.88472843170166,-14.74312200075388
13401,-12.811074256896973,-14.622519663870335
13402,-0.7947999835014343,-14.59230186444521
13403,0.49857398867607117,-14.561891301095486
13404,1.1330519914627075,-14.526562292516232
13405,-0.4252600073814392,-14.49886013239622
13406,-0.34562599658966064,-14.471059569060802
13407,1.3663640022277832,-14.454414768874646
13408,-3.5969107151031494,-14.448214189231395
13409,-11.751399040222168,-14.46127265328169
13410,-14.035673141479492,-14.469241578757764
13411,-21.697105407714844,-14.516178365409374
13412,-47.39251708984375,-14.668860112845898
13413,-41.78062057495117,-14.81499984329939
13414,-46.26670837402344,-15.000711804807185
13415,-39.69961166381836,-15.158792667448521
13416,-10.185774803161621,-15.20159843069315
13417,-6.354074954986572,-15.229686205208301
13418,-4.685091495513916,-15.231847309410572
13419,-6.825708389282227,-15.223411007225513
13420,-4.451741695404053,-15.165087061226368
13421,-7.088200092315674,-15.157141582787037
13422,-5.964682102203369,-15.064174848854542
13423,-50.38968276977539,-15.083998838722707
13424,-11.097719192504883,-14.953386541664601
13425,-53.563690185546875,-14.98235384207964
13426,-51.959503173828125,-15.146724821388721
13427,-50.76784133911133,-15.322615352928638
13428,0.0844539999961853,-15.307524310648441
13429,1.1844359636306763,-15.280118899405002
13430,-43.83140563964844,-15.254273150503636
13431,-1.4784226417541504,-15.058072979986667
13432,-5.807388782501221,-15.051329934179783
13433,-53.267826080322266,-15.228695145666599
13434,-56.92333221435547,-15.39093448740244
13435,-15.943042755126953,-15.39320432382822
13436,-78.0491714477539,-15.664642003118992
13437,-81.3936767578125,-15.988011928856373
13438,-84.9585189819336,-16.331231268703938
13439,-35.62139129638672,-16.477081505835056
13440,-6.470808506011963,-16.50562913995981
13441,-6.692999839782715,-16.535290251314642
13442,-6.601675033569336,-16.531630188524723
13443,-6.411008358001709,-16.525465843737127
13444,-3.0118980407714844,-16.487495300829412
13445,-12.785080909729004,-16.48975587898493
13446,-11.709880828857422,-16.350894749224185
13447,-6.15431547164917,-16.207927187502385
13448,1.0149040222167969,-16.004457277834415
13449,-0.6958439946174622,-15.849507972538472
13450,0.9882360100746155,-15.800594728052616
13451,1.004364013671875,-15.770206771433353
13452,-0.7037479877471924,-15.753246595919132
13453,0.968940019607544,-15.717462535440921
13454,-0.604856014251709,-15.687988393366338
13455,-11.09421157836914,-15.70973700672388
13456,-14.285269737243652,-15.73829995304346
13457,-35.44911575317383,-15.848694673120976
13458,-33.10946273803711,-15.927015363276006
13459,-36.34845733642578,-16.015283223688602
13460,-36.375370025634766,-16.121052545130254
13461,-6.144558429718018,-16.12314721828699
13462,-3.266779899597168,-16.141846178114413
13463,-4.33560848236084,-16.162533628046514
13464,-2.2902181148529053,-16.173496948540212
13465,-6.553466796875,-16.20126695173979
13466,-6.5779500007629395,-16.22731231173873
13467,-4.659633159637451,-16.191146278947592
13468,-5.1581830978393555,-16.151739899247886
13469,-2.355370044708252,-16.07535084781051
13470,-11.102808952331543,-15.969112089723348
13471,0.023722000420093536,-15.763535008728503
13472,1.175112009048462,-15.56875805312395
13473,1.0884239673614502,-15.394336303055287
13474,-1.5729180574417114,-15.367328475773334
13475,0.9744300246238708,-15.334358856260776
13476,0.45152199268341064,-15.132102038919927
13477,-2.8340747356414795,-14.943553541719913
13478,-7.719147205352783,-14.962314090311526
13479,-13.479696273803711,-14.985418742716313
13480,-11.96168041229248,-15.003800298273564
13481,-30.6564998626709,-15.092973302423953
13482,-39.21922302246094,-15.18343667370081
13483,-14.422200202941895,-15.233173938333989
13484,-33.436641693115234,-15.364502697050572
13485,-9.271766662597656,-15.388797630369663
13486,-4.678197860717773,-15.408739325821399
13487,-6.881608486175537,-15.439269135773182
13488,-5.053311824798584,-15.459823231071233
13489,-7.100550174713135,-15.492603847831488
13490,-6.588891506195068,-15.488138923972844
13491,-7.08234977722168,-15.508873411029578
13492,-7.719675064086914,-15.480504480212927
13493,-17.383390426635742,-15.464735086292029
13494,-13.340143203735352,-15.342728212207556
13495,-5.749057769775391,-15.19658213981986
13496,-2.8859593868255615,-15.114612297862768
13497,0.5860180258750916,-14.956219931691885
13498,-0.3512200117111206,-14.9223129106462
13499,0.5219020247459412,-14.884496302455664
13500,1.011896014213562,-14.85419195112586
13501,-1.339983344078064,-14.84566792473197
13502,-1.6128499507904053,-14.824723757594823
13503,-14.608460426330566,-14.867917285770178
13504,-18.95119285583496,-14.910367091983558
13505,-33.62506103515625,-15.014505826801061
13506,-39.884483337402344,-15.12688466438651
13507,-49.330326080322266,-15.2914961489141
13508,-14.72544002532959,-15.142415410846471
13509,-9.76121711730957,-15.155796489566564
13510,-4.786355972290039,-15.168295076221227
13511,-4.861674785614014,-15.170464460223913
13512,-6.784975051879883,-15.193066173881292
13513,-6.810216903686523,-15.210271249145269
13514,-3.2814066410064697,-15.207889318794011
13515,-7.078666687011719,-15.193900099128484
13516,-8.307491302490234,-15.178438497871161
13517,-13.582447052001953,-15.155631613105536
13518,-15.602010726928711,-15.058486799567937
13519,-14.28499698638916,-14.963600694984198
13520,-5.709455490112305,-14.891840250343085
13521,-0.9994800090789795,-14.756455937713385
13522,-0.8405006527900696,-14.549872444719076
13523,-8.747784614562988,-14.38122178325057
13524,-8.729226112365723,-14.39991902026534
13525,-14.536826133728027,-14.257770731538534
13526,-11.465600967407227,-14.284525734513998
13527,-13.295129776000977,-14.320568354219198
13528,-11.459872245788574,-14.346392609208822
13529,-42.91883850097656,-14.319068604081869
13530,-48.177215576171875,-14.291694260209798
13531,-40.081321716308594,-14.401553566545248
13532,-44.44257736206055,-14.549207747071982
13533,-9.456258773803711,-14.58763576886058
13534,-4.375346660614014,-14.610399923294782
13535,-6.853225231170654,-14.64268722435832
13536,-7.030566692352295,-14.675399131268263
13537,-3.6274232864379883,-14.670603242367505
13538,-6.958199977874756,-14.67032474848628
13539,-6.932525157928467,-14.690371952980756
13540,-5.868091583251953,-14.664108654946089
13541,-18.167062759399414,-14.672345387428999
13542,-11.00622272491455,-14.556586892098188
13543,-8.461851119995117,-14.475049248665572
13544,-5.588555812835693,-14.170158293694257
13545,-3.7597320079803467,-14.014523790329696
13546,1.0362060070037842,-13.972425665825606
13547,-6.187786102294922,-13.96553370949626
13548,-6.615250110626221,-13.964348675698043
13549,-10.951576232910156,-13.978428946465254
13550,-15.955249786376953,-14.0195861787498
13551,-14.17158031463623,-14.04602126595378
13552,-20.215852737426758,-14.102955143898726
13553,-10.218513488769531,-14.11122035691142
13554,-43.543052673339844,-14.271389292687177
13555,-41.33639907836914,-14.383330382317304
13556,-47.14957046508789,-14.533888102501631
13557,-5.4409050941467285,-14.53375232025981
13558,-6.529033184051514,-14.548613965004682
13559,-6.678374767303467,-14.580478472203016
13560,-4.681733131408691,-14.576431391209365
13561,-4.650094985961914,-14.595580227166414
13562,-49.65085983276367,-14.789627502709628
13563,-6.993949890136719,-14.783376385003328
13564,-6.098625183105469,-14.751888145714998
13565,-17.62353515625,-14.75161199977994
13566,-18.949398040771484,-14.64514566066861
13567,-11.833651542663574,-14.4915183070004
13568,-13.543288230895996,-14.329771431237459
13569,-4.246682167053223,-14.159958034783601
13570,0.5397760272026062,-14.126488431483507
13571,1.1098079681396484,-14.08744859841466
13572,1.0290813446044922,-14.072266265422106
13573,-5.483624458312988,-14.062952430278063
13574,-6.2604827880859375,-14.069188994914294
13575,-16.517292022705078,-14.115941895991563
13576,-6.515173435211182,-14.123537051707507
13577,-39.76762771606445,-14.257178126841783
13578,-43.806392669677734,-14.370840446025133
13579,-38.72959899902344,-14.48625583985448
13580,-45.1692008972168,-14.649266280680894
13581,-7.262883186340332,-14.656494271785022
13582,-6.351799964904785,-14.685204439669848
13583,-6.937291622161865,-14.712268166154622
13584,-6.902516841888428,-14.743282833427191
13585,-4.87803316116333,-14.744921446174382
13586,-7.104666709899902,-14.740011206001043
13587,-6.222291469573975,-14.73061337313056
13588,-3.1044020652770996,-14.687856939643622
13589,-17.465713500976562,-14.680679159492254
13590,-17.230199813842773,-14.597396528571844
13591,-10.208991050720215,-14.470159509986638
13592,-4.284148216247559,-14.284255789130926
13593,-3.0011773109436035,-14.218392937034368
13594,0.4137220084667206,-14.172699448078871
13595,1.1456520557403564,-14.14197777697444
13596,-4.279238224029541,-13.959876834362746
13597,0.12088599801063538,-13.937048889964819
13598,-1.5632740259170532,-13.921452020019293
13599,-16.986297607421875,-13.960016976684331
13600,-17.263080596923828,-14.007266999572515
13601,-43.58738708496094,-14.147449796050786
13602,-40.6629753112793,-14.241259389251471
13603,-25.837018966674805,-14.293458428710698
13604,-38.99870300292969,-14.445280672878027
13605,-10.231058120727539,-14.461643889278173
13606,-8.381591796875,-14.472324560970067
13607,-2.8799233436584473,-14.486591094344854
13608,-49.53245162963867,-14.689012972682715
13609,-7.032949924468994,-14.721066524356603
13610,-3.4023115634918213,-14.727501033157111
13611,-6.539166450500488,-14.704741599410772
13612,-7.263700008392334,-14.676931680053473
13613,-16.07585334777832,-14.654767960876226
13614,-11.088129997253418,-14.514393384307622
13615,-11.607162475585938,-14.378729077666998
13616,-12.13060474395752,-14.221842011779547
13617,-1.512861967086792,-14.044945019096136
13618,-6.223082065582275,-14.037663648933172
13619,-7.22784948348999,-14.030677048057317
13620,-5.8233561515808105,-14.023639505714177
13621,-7.537636756896973,-14.036045051902532
13622,-5.676678657531738,-14.040178667396306
13623,-56.02907943725586,-14.24224395212531
13624,-15.140607833862305,-14.273728617042304
13625,-77.14566040039062,-14.559761606544257
13626,-41.18274688720703,-14.670632154792548
13627,-44.69997024536133,-14.813295980781318
13628,-30.251169204711914,-14.898723860114814
13629,-8.585258483886719,-14.911817633002997
13630,-7.798649787902832,-14.94512409171462
13631,-6.576866626739502,-14.974088902324437
13632,-3.4243083000183105,-14.977221443980932
13633,-4.399199962615967,-14.81397963604331
13634,-5.829041481018066,-14.81392541012168
13635,-2.4879980087280273,-14.786706541866064
13636,-6.713475227355957,-14.796020895808935
13637,-16.843069076538086,-14.780223997920752
13638,-13.595285415649414,-14.678684805721044
13639,-7.113654613494873,-14.616775181621312
13640,-4.4710187911987305,-14.428428727000952
13641,-9.714137077331543,-14.270417935222387
13642,-13.006930351257324,-14.27884169086814
13643,-9.631258964538574,-14.291791827052831
13644,-9.022624969482422,-14.298898159831761
13645,-12.518506050109863,-14.320233717769385
13646,-10.344382286071777,-14.339941546291113
13647,-13.012128829956055,-14.370385361522436
13648,-5.576751232147217,-14.361466133922338
13649,-39.373504638671875,-14.503853870242834
13650,-35.0197868347168,-14.584394103854894
13651,-32.602291107177734,-14.663558971256018
13652,-33.88219451904297,-14.795908549398185
13653,-9.55549144744873,-14.836124811142684
13654,-5.914241790771484,-14.86431398627162
13655,-2.724652051925659,-14.873511554449797
13656,-6.449900150299072,-14.897928651064634
13657,-6.758108139038086,-14.930426539629698
13658,-5.515791893005371,-14.938102064341306
13659,-2.769503355026245,-14.902174481600523
13660,-50.138790130615234,-15.046586949557065
13661,-14.000844955444336,-15.015801907747983
13662,-13.951255798339844,-14.882036862581968
13663,-4.697024822235107,-14.733702479571104
13664,-8.503408432006836,-14.582649279803038
13665,1.263293981552124,-14.418797657221555
13666,0.48833200335502625,-14.37610122999549
13667,-7.1416754722595215,-14.37925163206458
13668,-9.770034790039062,-14.399591405242681
13669,-4.089543342590332,-14.388646745055913
13670,-11.768899917602539,-14.417915377944707
13671,-59.1177864074707,-14.626033723205328
13672,-16.012426376342773,-14.666224700301886
13673,-41.21244812011719,-14.629515761703253
13674,-42.39242172241211,-14.754694571822881
13675,-39.49599838256836,-14.698423804610968
13676,-41.377811431884766,-14.656097037643194
13677,-10.182633399963379,-14.493756205886603
13678,-8.450166702270508,-14.52789468869567
13679,-6.498758316040039,-14.558627465814352
13680,-4.778474807739258,-14.402415742486715
13681,-4.210916519165039,-14.413345717996359
13682,-2.643618106842041,-14.400690635293723
13683,-4.611661911010742,-14.206065978616476
13684,-7.641674995422363,-14.008939349740743
13685,-11.718788146972656,-13.992042331308127
13686,-12.683920860290527,-13.730581328958273
13687,-13.00208854675293,-13.457014976114035
13688,-12.497013092041016,-13.167168952554464
13689,-58.728424072265625,-13.25959708365798
13690,-10.115052223205566,-13.274174058526754
13691,-7.732080459594727,-13.278330381006002
13692,-10.376619338989258,-13.293430158227682
13693,-10.904810905456543,-13.311405368417502
13694,-16.528650283813477,-13.36547237738967
13695,-18.915781021118164,-13.389995177835226
13696,-19.37533950805664,-13.420657012552024
13697,-43.400299072265625,-13.56964094695449
13698,-41.2264518737793,-13.738606370538474
13699,-49.81178665161133,-13.935070141166449
13700,-45.71272659301758,-14.121873991578818
13701,-10.367175102233887,-14.167360148042441
13702,-6.200241565704346,-14.18934612235427
13703,-4.310908317565918,-14.210465515702962
13704,-5.48870849609375,-14.230000925630332
13705,-6.414366722106934,-14.211281546205282
13706,-6.523458480834961,-14.180234301179647
13707,-7.490116596221924,-14.06839830455184
13708,-8.458724975585938,-13.969795353502034
13709,-17.151527404785156,-13.893007633775472
13710,-59.427791595458984,-13.985217320054769
13711,-10.172131538391113,-14.001327612489462
13712,-51.91424560546875,-14.195917475312948
13713,-6.075402736663818,-14.20287665233016
13714,-53.307132720947266,-14.406944310754538
13715,-4.0974626541137695,-14.397120294183493
13716,-53.081459045410156,-14.583134330362082
13717,-56.253719329833984,-14.789510675042868
13718,-57.78220748901367,-15.000006772607565
13719,-14.265206336975098,-15.047646117776633
13720,-17.10759925842285,-15.071665279000998
13721,-81.76918029785156,-15.398836888194085
13722,-84.87960815429688,-15.743055768847466
13723,-84.72843170166016,-16.08632319152355
13724,-16.68453025817871,-16.1467696403265
13725,-10.187833786010742,-16.191418695569038
13726,-8.8239164352417,-16.22852044928074
13727,-4.7439165115356445,-16.236159816384315
13728,-8.442475318908691,-16.23905312883854
13729,-4.995358467102051,-16.20511577761173
13730,-7.067074775695801,-16.185537355065346
13731,-7.095458507537842,-16.091293189644812
13732,-5.917977809906006,-15.958088208794594
13733,-3.441270112991333,-15.91416448843479
13734,-17.56315040588379,-15.850670523285865
13735,-2.023158073425293,-15.821676088929177
13736,-9.16554069519043,-15.839625460267067
13737,-4.452811241149902,-15.829910271286964
13738,-4.036146640777588,-15.82584161055088
13739,-9.186051368713379,-15.834183615326882
13740,-7.836406230926514,-15.839173674225806
13741,-13.199529647827148,-15.86364239370823
13742,-11.912035942077637,-15.880411837220192
13743,-3.2508320808410645,-15.823881603837012
13744,-18.24412727355957,-15.84349754011631
13745,-17.895334243774414,-15.892082646012307
13746,-41.934898376464844,-16.04827840197086
13747,-50.20014572143555,-16.251423056960107
13748,-36.607364654541016,-16.396447635531427
13749,-7.848636627197266,-16.429929790139198
13750,-7.647416591644287,-16.46456704056263
13751,-4.492366790771484,-16.477176574349404
13752,-6.7891998291015625,-16.497881973862647
13753,-7.432700157165527,-16.469178932785987
13754,-3.750701665878296,-16.40837696802616
13755,-5.381674766540527,-16.295403422951697
13756,-7.334766864776611,-16.165204557061195
13757,-17.975690841674805,-16.039786016106607
13758,-13.450821876525879,-16.034687543511392
13759,-12.068519592285156,-16.043916753411292
13760,-7.8266215324401855,-16.056077815651893
13761,-7.854713439941406,-16.068049970269204
13762,-7.70048713684082,-16.07171201860905
13763,-6.244922637939453,-16.069450841546058
13764,-3.65283465385437,-16.070936553597452
13765,-11.388057708740234,-16.088174117684364
13766,-2.378232002258301,-16.064457080483436
13767,-4.034557342529297,-16.026265521645545
13768,-63.02852249145508,-16.21597156870365
13769,-43.681373596191406,-16.33355707514286
13770,-45.92464065551758,-16.494417815804482
13771,-32.43180465698242,-16.620147114396094
13772,-38.4729118347168,-16.770676759123802
13773,-7.2701416015625,-16.7647661870718
13774,-51.357757568359375,-16.935280312895774
13775,-3.5760834217071533,-16.89143734204769
13776,-11.09511947631836,-16.889955416083335
13777,-7.7182698249816895,-16.867647976279258
13778,-8.18232536315918,-16.85453778874874
13779,-4.719503402709961,-16.701740448355675
13780,0.8224020004272461,-16.50574197804928
13781,-4.824292182922363,-16.36471385991573
13782,0.4151360094547272,-16.18528300642967
13783,-9.650992393493652,-16.18606194090843
13784,-1.7591880559921265,-16.175597306489944
13785,-15.17253303527832,-16.208874537706375
13786,-20.96666145324707,-16.264618916749953
13787,-47.44970703125,-16.4399080517292
13788,-46.701805114746094,-16.59888247227669
13789,-49.66947555541992,-16.769830273866653
13790,-38.2082405090332,-16.89919086956978
13791,-8.582708358764648,-16.86085345196724
13792,-6.587100028991699,-16.84317696118355
13793,-2.70468807220459,-16.820148308992387
13794,-5.022766590118408,-16.817885152101518
13795,-7.031650066375732,-16.8309728243351
13796,-7.181149959564209,-16.86384224820137
13797,-3.098573923110962,-16.851485399484634
13798,-4.52262020111084,-16.843114879846574
13799,-10.984444618225098,-16.843246353387833
13800,-11.980298042297363,-16.827346546411516
13801,-4.373276710510254,-16.78815333199501
13802,0.0917406678199768,-16.706922958374022
13803,0.5216420292854309,-16.663962336301804
13804,1.280195951461792,-16.484669341802597
13805,1.4492340087890625,-16.313526809453965
13806,-4.943272113800049,-16.144701616048813
13807,-1.5320639610290527,-16.129066251516342
13808,-9.067173957824707,-16.139218814611436
13809,-17.52326202392578,-16.182598363637926
13810,-19.07145118713379,-16.240157235860824
13811,-47.5099983215332,-16.41159684920311
13812,-49.25495910644531,-16.410013246297837
13813,-51.034942626953125,-16.5861772172451
13814,-42.905357360839844,-16.73340414595604
13815,-10.39745807647705,-16.70449983763695
13816,-6.838974952697754,-16.656058145284653
13817,-7.235966682434082,-16.637667405843736
13818,-7.650538921356201,-16.614096408605576
13819,-50.53594207763672,-16.79925344824791
13820,-2.8654539585113525,-16.812874368190766
13821,-8.120616912841797,-16.849796067714692
13822,-3.341830015182495,-16.867279713153838
13823,-16.85099983215332,-16.9127492146492
13824,-13.640377044677734,-16.942268791675566
13825,-15.537296295166016,-16.93834880876541
13826,-11.693220138549805,-16.959060995578767
13827,-3.6263461112976074,-16.8144958691597
13828,1.3146300315856934,-16.634011778354644
13829,1.0091513395309448,-16.47505677700043
13830,-5.931099891662598,-16.318104372978212
13831,-9.91414737701416,-16.328709429740904
13832,-10.616625785827637,-16.3457687330246
13833,-14.462892532348633,-16.375871136665346
13834,-6.295038223266602,-16.373441222190856
13835,-37.367679595947266,-16.50339980792999
13836,-48.85773468017578,-16.670412079811097
13837,-45.62077331542969,-16.82800600719452
13838,-39.39326858520508,-16.97316147327423
13839,-5.759912014007568,-16.926338267326354
13840,-9.366558074951172,-16.894883700370787
13841,-4.544366836547852,-16.8722252035141
13842,-3.964669942855835,-16.87094729042053
13843,-7.301074981689453,-16.888146881103516
13844,-5.02536678314209,-16.90990323626995
13845,-7.317975044250488,-16.943757744669913
13846,-5.696755886077881,-16.949427815318106
13847,-14.298589706420898,-17.007105718135833
13848,-11.935315132141113,-17.04859388256073
13849,-7.9620747566223145,-17.012496991157533
13850,1.174556016921997,-16.938746444702147
13851,0.4855560064315796,-16.762454672336577
13852,1.2655980587005615,-16.59474037885666
13853,-1.0398180484771729,-16.495551575183867
13854,-0.15400266647338867,-16.34017277383804
13855,-2.1059980392456055,-16.307672533512115
13856,-2.170586109161377,-16.28282851076126
13857,-3.1831610202789307,-16.284041461467744
13858,-16.622060775756836,-16.152399898052217
13859,-44.0338249206543,-16.300403398036956
13860,-42.56354522705078,-16.457048332691194
13861,-52.1778564453125,-16.63960309267044
13862,-49.768341064453125,-16.809621656894684
13863,-8.414250373840332,-16.778975244998932
13864,-6.394591808319092,-16.760201092243193
13865,-6.99459981918335,-16.741750841617584
13866,-6.365508556365967,-16.71869045686722
13867,-5.635775089263916,-16.735182109355925
13868,-3.959475040435791,-16.726127681255342
13869,-3.7341415882110596,-16.712152849674226
13870,-7.225884914398193,-16.717762964725495
13871,-14.270525932312012,-16.744694521427153
13872,-12.792608261108398,-16.77315823984146
13873,-7.902768611907959,-16.58065299654007
13874,-3.2312886714935303,-16.533015719890596
13875,-3.6532819271087646,-16.239046205997468
13876,0.7486900091171265,-16.07132045841217
13877,-2.4108948707580566,-15.902164156913758
13878,-47.73936462402344,-15.972116938591004
13879,-53.57468795776367,-16.152074656486512
13880,-53.672630310058594,-16.335570578575133
13881,-59.01126480102539,-16.54530817127228
13882,-5.3508381843566895,-16.55301429080963
13883,-32.95562744140625,-16.667240000724792
13884,-47.66960144042969,-16.83460224056244
13885,-13.876899719238281,-16.88015784740448
13886,-34.56891632080078,-16.99157961177826
13887,-8.769858360290527,-16.95928676891327
13888,-3.7844433784484863,-16.920043400764467
13889,-5.711391448974609,-16.914434348106383
13890,-4.553575038909912,-16.91476457309723
13891,-3.3585450649261475,-16.88934220504761
13892,-6.6144585609436035,-16.86377231788635
13893,-7.250374794006348,-16.854248781204223
13894,-7.575743198394775,-16.848461254119872
13895,-6.526212692260742,-16.824492080688476
13896,-13.192802429199219,-16.835885761260986
13897,-16.089630126953125,-16.848195766448974
13898,-11.56800365447998,-16.872160776138305
13899,-6.408565521240234,-16.74030101966858
13900,-8.792654991149902,-16.63539249229431
13901,-0.9437599778175354,-16.50875836777687
13902,-8.22488021850586,-16.40612911057472
13903,-7.429863452911377,-16.397626598596574
13904,-9.345015525817871,-16.41134969353676
13905,-17.734426498413086,-16.47138879132271
13906,-14.370452880859375,-16.503071002244948
13907,-19.015560150146484,-16.55210081028938
13908,-37.642547607421875,-16.68060783314705
13909,-36.88178634643555,-16.817056965112688
13910,-35.20997619628906,-16.757341709375382
13911,-9.670000076293945,-16.74001832985878
13912,-5.744375228881836,-16.707190807580947
13913,-4.164328098297119,-16.705060020685195
13914,-4.868175029754639,-16.690519087076186
13915,-7.582849979400635,-16.725903662919997
13916,-4.151111602783203,-16.74446143734455
13917,-7.882933139801025,-16.747426468014716
13918,-7.780855655670166,-16.73946975147724
13919,-17.85084342956543,-16.794514951825143
13920,-16.86878204345703,-16.81491448032856
13921,-17.9153995513916,-16.650104932904245
13922,-16.98417854309082,-16.653991941571235
13923,-15.376728057861328,-16.55064906132221
13924,-15.667096138000488,-16.443747758984564
13925,-9.77951717376709,-16.32488183414936
13926,-14.7440767288208,-16.218346895337106
13927,-12.868337631225586,-16.229089712262155
13928,-12.628828048706055,-16.245804357647895
13929,-5.217164516448975,-16.240677982449533
13930,-17.24827003479004,-16.290557163357736
13931,-43.469017028808594,-16.44758956539631
13932,-24.336755752563477,-16.534362115979196
13933,-45.05641174316406,-16.696141115307807
13934,-45.36160659790039,-16.84702084171772
13935,-7.845933437347412,-16.831529422879218
13936,-8.785242080688477,-16.81593470776081
13937,-4.032481670379639,-16.780056280255316
13938,-49.15263366699219,-16.926678762555124
13939,-4.766449928283691,-16.710830865979194
13940,-4.948883533477783,-16.690166191220282
13941,-4.847266674041748,-16.67862693607807
13942,-7.774025917053223,-16.668216562390327
13943,-16.369550704956055,-16.690075521588327
13944,-14.809630393981934,-16.683199442029
13945,-12.911698341369629,-16.659183111310004
13946,-6.5838727951049805,-16.6080172444582
13947,-7.58320951461792,-16.464748886227607
13948,-5.036570072174072,-16.319989359021186
13949,-1.2114839553833008,-16.125588148236275
13950,-6.655645370483398,-15.969359823346139
13951,-8.518495559692383,-15.961965105175972
13952,-15.587712287902832,-15.999514988064766
13953,-19.4517765045166,-16.06007846081257
13954,-21.60228157043457,-16.124532753109932
13955,-40.998138427734375,-16.26286783993244
13956,-29.34591293334961,-16.3541576577425
13957,-86.30137634277344,-16.669402696728707
13958,-48.81340026855469,-16.830821397900582
13959,-10.421941757202148,-16.80390305531025
13960,-6.848724842071533,-16.5935867882967
13961,-4.142331600189209,-16.56946758854389
13962,-50.21354293823242,-16.562664777874947
13963,-7.622716903686523,-16.568854034543037
13964,-4.854308128356934,-16.375042736172677
13965,-4.937833309173584,-16.378404218792916
13966,-5.753310203552246,-16.189091623425483
13967,-15.260936737060547,-16.02512049305439
13968,-12.998185157775879,-15.845984403729439
13969,-9.242984771728516,-15.825895517468453
13970,-4.679236888885498,-15.776182067990304
13971,-4.586679935455322,-15.467452066540718
13972,1.3484699726104736,-15.122539754033088
13973,0.7232139706611633,-14.780733171343803
13974,-2.804394006729126,-14.725212626338005
13975,-8.740666389465332,-14.719423956751823
13976,-17.2465763092041,-14.753114596247674
13977,-13.768345832824707,-14.789212313532829
13978,-20.12955093383789,-14.835960615992546
13979,-38.741127014160156,-14.970943690180778
13980,-38.966339111328125,-15.098540747523307
13981,-30.842330932617188,-15.193528237223624
13982,-40.01526641845703,-15.32991739165783
13983,-7.6942667961120605,-15.346929378390312
13984,-6.348658561706543,-15.302071411013603
13985,-5.425116539001465,-15.315679244875907
13986,-7.243766784667969,-15.307992149233819
13987,-7.382541656494141,-15.319711070895195
13988,-4.760491847991943,-15.322608451724053
13989,-3.7656567096710205,-15.300926873087883
13990,-5.744845390319824,-15.292560629725456
13991,-14.591480255126953,-15.298128432154655
13992,-10.307292938232422,-15.291709460139275
13993,-11.917797088623047,-15.326377320170403
13994,-9.201346397399902,-15.290206196665764
13995,-4.005209445953369,-15.23464569747448
13996,-48.14006042480469,-15.259466345667839
13997,-2.0526232719421387,-15.066876255869865
13998,-5.08626651763916,-14.940791863322257
13999,-51.934288024902344,-15.117134468913079
14000,-14.711063385009766,-15.14538905608654
14001,-15.137331008911133,-15.187968912959098
14002,-18.766279220581055,-15.235877230525016
14003,-45.43076705932617,-15.387869498133659
14004,-43.518043518066406,-15.546938865542412
14005,-43.22411346435547,-15.698308620333671
14006,-39.390167236328125,-15.826530221819878
14007,-10.449350357055664,-15.796424859881402
14008,-9.279891967773438,-15.779741140246392
14009,-7.189274787902832,-15.760224161028862
14010,-5.210183143615723,-15.749758407473564
14011,-6.831991672515869,-15.745667520403861
14012,-7.516983509063721,-15.744933505892753
14013,-7.275941848754883,-15.749057582736015
14014,-5.860907554626465,-15.757889874339103
14015,-3.3352019786834717,-15.725678451418876
14016,-6.160620212554932,-15.740808004260064
14017,-13.772113800048828,-15.779758230090142
14018,-8.25113582611084,-15.560648683428765
14019,-5.682187557220459,-15.40865193927288
14020,-7.754367828369141,-15.255970847964287
14021,-6.177587509155273,-15.150953979372979
14022,-53.71673583984375,-15.211929275393485
14023,-15.342731475830078,-15.244219634890557
14024,-13.424783706665039,-15.09248773944378
14025,-12.78633975982666,-15.129328764796258
14026,-20.773908615112305,-15.168043921351433
14027,-38.79432678222656,-15.292348149180413
14028,-42.22262191772461,-15.428509335398674
14029,-44.82587814331055,-15.588934834361076
14030,-38.9920539855957,-15.748192658305168
14031,-11.13022518157959,-15.773416390299797
14032,-6.61234188079834,-15.80152630186081
14033,-6.526058197021484,-15.78902656507492
14034,-6.358033180236816,-15.8074219455719
14035,-2.991821765899658,-15.758699100494384
14036,-6.197591781616211,-15.69962282180786
14037,-3.837703227996826,-15.52517480659485
14038,-5.411139965057373,-15.360012145996095
14039,-15.155055046081543,-15.22195446395874
14040,-10.382098197937012,-15.110649894714355
14041,-12.81671142578125,-15.127585906982421
14042,-5.902669906616211,-15.12484818649292
14043,-1.3963487148284912,-15.119614829063416
14044,0.812558650970459,-15.09627352809906
14045,0.7202799916267395,-15.06526580786705
14046,-1.9486846923828125,-15.044335946798325
14047,-4.367846488952637,-15.049413037061692
14048,-11.271849632263184,-15.076409954786302
14049,-13.674452781677246,-15.08716998744011
14050,-14.955560684204102,-15.099071038007736
14051,-33.80416488647461,-15.216794590711594
14052,-46.75810623168945,-15.404193978309632
14053,-23.783554077148438,-15.501414762735367
14054,-41.30554962158203,-15.671757745027541
14055,-9.080991744995117,-15.713878648042678
14056,-7.6804585456848145,-15.724827393770218
14057,-4.076475143432617,-15.735005038499832
14058,-4.756916522979736,-15.717764008760453
14059,-4.490200042724609,-15.665631760835648
14060,-4.622908115386963,-15.60783758854866
14061,-3.412484884262085,-15.431447534799576
14062,-6.982893466949463,-15.262359272241593
14063,-9.620078086853027,-15.096699814081193
14064,-12.60822582244873,-14.975511287927628
14065,-9.192306518554688,-14.970690681695938
14066,-3.7498586177825928,-14.958334216356278
14067,0.898854672908783,-14.925794930934906
14068,0.8087679743766785,-14.891957703351974
14069,0.7132959961891174,-14.686960751056672
14070,0.5188800096511841,-14.67342341518402
14071,-5.772046089172363,-14.664029131889343
14072,-12.516398429870605,-14.700727405548095
14073,-9.412664413452148,-14.670974063873292
14074,-61.095062255859375,-14.860792804718018
14075,-34.184547424316406,-14.935381809234618
14076,-83.96678161621094,-15.224476055145264
14077,-44.29405975341797,-15.387146909713746
14078,-35.3017463684082,-15.533612415313721
14079,-7.0278000831604,-15.565760221004487
14080,-7.975666522979736,-15.573938487529755
14081,-4.841741561889648,-15.553648864269256
14082,-4.628974914550781,-15.52969826078415
14083,-3.805631637573242,-15.487069217205047
14084,-7.313425064086914,-15.491142764568329
14085,-5.4175333976745605,-15.363342179775238
14086,-7.972534656524658,-15.199801379680634
14087,-7.52944278717041,-15.047436057567596
14088,-10.705998420715332,-14.932686976909638
14089,-8.756393432617188,-14.944672902584076
14090,-7.041447162628174,-14.935372458934784
14091,-5.008124828338623,-14.937227490901947
14092,-5.107872486114502,-14.941800301074982
14093,-0.3811199963092804,-14.91412048113346
14094,-3.538285255432129,-14.908172155022621
14095,-10.419644355773926,-14.920578832268715
14096,-16.187118530273438,-14.962540282845497
14097,-18.014236450195312,-14.977402869820596
14098,-21.71268653869629,-15.016512355446816
14099,-26.89400291442871,-15.092240068078041
14100,-47.427982330322266,-15.286650221467019
14101,-52.40040969848633,-15.49819408428669
14102,-40.54726791381836,-15.665445548176766
14103,-10.62030029296875,-15.70376747715473
14104,-8.353533744812012,-15.736565601468087
14105,-7.138033390045166,-15.756693742871285
14106,-4.530933380126953,-15.766135131955147
14107,-7.022550106048584,-15.781492688298226
14108,-7.334766864776611,-15.744343512654304
14109,-5.166633129119873,-15.588874745488166
14110,-5.996915817260742,-15.442608227849007
14111,-15.163196563720703,-15.29454958832264
14112,-10.033183097839355,-15.135608956456185
14113,-8.339933395385742,-15.135311688542366
14114,-5.611991882324219,-15.132181288838387
14115,-8.364691734313965,-15.137661656498908
14116,-3.3547580242156982,-15.125618654370308
14117,-5.883908271789551,-15.12661118710041
14118,-5.892899990081787,-15.134344886898994
14119,-9.257791519165039,-15.15643948662281
14120,-16.39618492126465,-15.193120686650277
14121,-16.557031631469727,-15.202266709446906
14122,-14.879669189453125,-15.210614953160286
14123,-10.26740837097168,-15.22007351219654
14124,-2.456371307373047,-15.216973842740058
14125,-6.146871566772461,-15.226948201298713
14126,0.5967100262641907,-15.227556121230126
14127,-9.358865737915039,-15.255348004698753
14128,-10.35025691986084,-15.105791573882103
14129,-14.58594036102295,-14.94983658349514
14130,-6.853948593139648,-14.762561856627464
14131,-26.113550186157227,-14.630970998167992
14132,-25.357675552368164,-14.710998347640038
14133,-95.14631652832031,-14.959761103987693
14134,-57.15471649169922,-14.997701564192772
14135,-54.30408477783203,-15.159410304427148
14136,-8.603714942932129,-15.055549498915672
14137,-52.62406539916992,-15.23096632707119
14138,-5.82800817489624,-15.239140586256982
14139,-5.5088582038879395,-15.238330453276633
14140,-6.165141582489014,-15.24477671945095
14141,-6.49144172668457,-15.257308306097984
14142,-8.530224800109863,-15.26497137105465
14143,-6.7940168380737305,-15.263145939230919
14144,-19.14586639404297,-15.309426432013511
14145,-14.629410743713379,-15.341839224219322
14146,-7.032270431518555,-15.3171970962286
14147,-4.252407550811768,-15.269848205924035
14148,-45.55806350708008,-15.405808445334435
14149,1.7270100116729736,-15.373266143202782
14150,1.3861106634140015,-15.332551080584526
14151,0.17059800028800964,-15.328093648672104
14152,-5.416885852813721,-15.316861671209335
14153,-14.35189151763916,-15.344549783468246
14154,-18.697063446044922,-15.381957975149154
14155,-25.31906509399414,-15.41229652953148
14156,-43.062740325927734,-15.527065679311752
14157,-56.043724060058594,-15.6751783349514
14158,-33.52570343017578,-15.658710958242416
14159,-44.40116500854492,-15.688788472890854
14160,-11.263150215148926,-15.593001168966293
14161,-6.686978340148926,-15.581069082021713
14162,-50.95909118652344,-15.76192794585228
14163,-51.02766799926758,-15.94938130545616
14164,-8.896824836730957,-15.965495904684067
14165,-7.967649936676025,-15.967035104513169
14166,-5.939374923706055,-15.97418815779686
14167,-5.833740234375,-15.965991386175155
14168,-18.793909072875977,-16.01004359984398
14169,-10.522683143615723,-15.98073095870018
14170,-13.276333808898926,-15.966361165761947
14171,-9.221969604492188,-15.93158744597435
14172,-2.013914108276367,-15.871706388235092
14173,1.7864099740982056,-15.803053836107255
14174,1.7250299453735352,-15.733485331773759
14175,-4.178802490234375,-15.711082473039626
14176,-5.229799270629883,-15.673025363206863
14177,-3.5456693172454834,-15.635734689950944
14178,-19.13251495361328,-15.661749437570572
14179,-19.247215270996094,-15.717869640588761
14180,-42.036865234375,-15.8170240213871
14181,-48.297176361083984,-15.836336658716203
14182,-96.50868225097656,-16.125024364709855
14183,-44.590023040771484,-16.123158809900282
14184,-12.239774703979492,-15.9906714823246
14185,-7.962608337402344,-15.99113818192482
14186,-7.039233207702637,-15.984154146432877
14187,-4.683791637420654,-15.98675938630104
14188,-4.024139881134033,-15.806245411157608
14189,-7.332274913787842,-15.816508711099624
14190,-5.187108516693115,-15.817461611032487
14191,-5.743074893951416,-15.821044843912125
14192,-17.269990921020508,-15.859028703927994
14193,-7.57037878036499,-15.823832016229629
14194,-13.837532997131348,-15.819943626642226
14195,-6.640893936157227,-15.794860409021378
14196,1.0397980213165283,-15.764365725755692
14197,1.148785948753357,-15.729437743902206
14198,0.9751600027084351,-15.705390823602677
14199,0.23039866983890533,-15.699623293101787
14200,-3.8704733848571777,-15.688482605159283
14201,-10.055301666259766,-15.694629829585553
14202,-17.86979866027832,-15.703758175075054
14203,-23.01169776916504,-15.717997860133648
14204,-25.764801025390625,-15.734647937953472
14205,-87.86146545410156,-15.922101246058942
14206,-50.082664489746094,-16.005048252284528
14207,-46.09886932373047,-15.844238224208356
14208,-10.54609203338623,-15.69116899126768
14209,-5.246026515960693,-15.670465330302715
14210,-7.33216667175293,-15.67239909762144
14211,-7.803308486938477,-15.687043005168437
14212,-7.5884833335876465,-15.51654276674986
14213,-7.051041603088379,-15.514256065547466
14214,-7.849024772644043,-15.526234932124614
14215,-8.63325023651123,-15.541016599833965
14216,-18.553680419921875,-15.592218080699444
14217,-15.528311729431152,-15.593287580668926
14218,-8.528181076049805,-15.575407564342022
14219,-2.5664820671081543,-15.548701553523541
14220,1.0260100364685059,-15.525880565822124
14221,1.4961960315704346,-15.501549061954021
14222,0.8708860278129578,-15.503459397733211
14223,-3.548841953277588,-15.520547621428966
14224,-5.0700764656066895,-15.529610351264477
14225,-11.714780807495117,-15.541506808936596
14226,-17.98360252380371,-15.544454913794995
14227,-20.166606903076172,-15.570047958076
14228,-38.68659591674805,-15.64427613800764
14229,-86.74205017089844,-15.836279830634593
14230,-92.83965301513672,-16.051773086249828
14231,-89.22648620605469,-16.28530970734358
14232,-7.996950149536133,-16.157236442267894
14233,-51.946983337402344,-16.334247308433056
14234,-3.331321954727173,-16.32217796200514
14235,-5.722599983215332,-16.323367895781995
14236,-3.0273358821868896,-16.30650217217207
14237,-9.146533012390137,-16.313558137595653
14238,-4.208073616027832,-16.311348464667798
14239,-7.129308223724365,-16.32480307072401
14240,-15.315513610839844,-16.363085743606092
14241,-15.559164047241211,-16.366956478774547
14242,-13.714837074279785,-16.380586655318737
14243,-9.845107078552246,-16.372295895278455
14244,-0.43235599994659424,-16.33721993368864
14245,1.7418140172958374,-16.314231839835642
14246,-0.07323666661977768,-16.121964544802903
14247,-6.981849193572998,-16.14168144848943
14248,-10.020078659057617,-16.161416697055103
14249,-15.209132194519043,-16.014516073733567
14250,-10.146388053894043,-15.996257372409106
14251,-26.33525276184082,-16.041049059420825
14252,-54.27437973022461,-16.1830814614594
14253,-37.6418571472168,-16.15192582181096
14254,-58.31624984741211,-16.211118647128345
14255,-53.368648529052734,-16.251696787387132
14256,-11.18493366241455,-16.138875853091477
14257,-5.688785076141357,-16.119833591967822
14258,-50.61123275756836,-16.285158955127002
14259,-7.590866565704346,-16.286765322238207
14260,-7.919766902923584,-16.297603657275438
14261,-4.888423442840576,-16.289829384356736
14262,-8.869633674621582,-16.29523998501897
14263,-9.119558334350586,-16.30261445096135
14264,-19.15752601623535,-16.355800924807788
14265,-17.94862174987793,-16.414254603892566
14266,-1.6773020029067993,-16.396321331053972
14267,-5.35331392288208,-16.362646131545304
14268,-0.8971313238143921,-16.333230113536118
14269,0.7657179832458496,-16.307438491374253
14270,-2.7596685886383057,-16.287459694415332
14271,-1.5527173280715942,-16.268960213690995
14272,-8.082721710205078,-16.08642415717244
14273,-15.241512298583984,-16.086019280463457
14274,-20.25361442565918,-16.113334603339435
14275,-22.45215606689453,-16.151997868567705
14276,-51.91850662231445,-16.276576260596514
14277,-58.11985397338867,-16.353878369361162
14278,-50.77585220336914,-16.38809129050374
14279,-54.81037139892578,-16.428029263526202
14280,-11.829841613769531,-16.319380414038896
14281,-7.37392520904541,-16.30435521414876
14282,-8.251591682434082,-16.3109122133553
14283,-3.13509202003479,-16.297348348647358
14284,-5.736249923706055,-16.294861215621232
14285,-8.47226619720459,-16.316782993346454
14286,-6.4091081619262695,-16.31762905886769
14287,-9.054991722106934,-16.338498212844133
14288,-4.411803245544434,-16.33450086596608
14289,-17.544078826904297,-16.344056961089372
14290,-14.786882400512695,-16.361676097899675
14291,-6.413400173187256,-16.3360628528893
14292,-4.98223352432251,-16.332381107360124
14293,0.4590286612510681,-16.324959597855806
14294,-4.008557319641113,-16.34424406173825
14295,-7.131730079650879,-16.375652102023363
14296,-8.049395561218262,-16.400054945498706
14297,-16.935022354125977,-16.450323648959397
14298,-19.92767333984375,-16.48494694378972
14299,-22.88068962097168,-16.521771891146898
14300,-52.42878341674805,-16.671664782077073
14301,-50.30192947387695,-16.737655840426683
14302,-52.06905746459961,-16.758899645358323
14303,-48.2555046081543,-16.856787447482347
14304,-12.168274879455566,-16.74023834851384
14305,-7.135483264923096,-16.732456314593552
14306,-8.2232084274292,-16.73462731412053
14307,-7.792908191680908,-16.749493046313525
14308,-3.0505239963531494,-16.742667476207018
14309,-5.752933502197266,-16.747718410044907
14310,-6.585691452026367,-16.755569543391466
14311,-7.014800071716309,-16.76997880414128
14312,-18.22307777404785,-16.814939541369675
14313,-2.8722898960113525,-16.78794838860631
14314,-6.559161186218262,-16.763752130061388
14315,-10.36693000793457,-16.768450624018907
14316,-2.5545132160186768,-16.76366924241185
14317,1.033353328704834,-16.763131247788667
14318,-3.638150691986084,-16.78091892245412
14319,-4.272616863250732,-16.800862573891877
14320,-4.927369117736816,-16.82264757040143
14321,-17.85069465637207,-16.870962164670228
14322,-16.106420516967773,-16.885322253018618
14323,-27.97674560546875,-16.959578577786683
14324,-53.49056625366211,-16.929160593777894
14325,-50.228336334228516,-16.993335749417543
14326,-59.0637092590332,-16.893723459988834
14327,-47.79000473022461,-16.90770723989606
14328,-8.691149711608887,-16.80126485326886
14329,-7.288883209228516,-16.802309185773133
14330,-3.2704548835754395,-16.783488339215516
14331,-50.04216003417969,-16.964290013104677
14332,-50.99733352661133,-17.14976344755292
14333,-51.33078384399414,-17.3398640563786
14334,-6.090283393859863,-17.334971489697693
14335,-51.96984100341797,-17.521180720120668
14336,-19.263595581054688,-17.56634496381879
14337,-12.034734725952148,-17.584366131573915
14338,-14.456969261169434,-17.599370014935733
14339,-9.108362197875977,-17.600777889996767
14340,-6.050717830657959,-17.596814972668888
14341,0.8542173504829407,-17.5733656039536
14342,-2.5402672290802,-17.563095182925462
14343,-1.6015446186065674,-17.56797688141465
14344,-2.0675179958343506,-17.56209381237626
14345,-10.386804580688477,-17.561962453275918
14346,-20.227153778076172,-17.57812259426713
14347,-27.041227340698242,-17.614230557829142
14348,-50.279945373535156,-17.728499593168497
14349,-55.20449447631836,-17.841741559416057
14350,-51.25288009643555,-17.85704115048051
14351,-47.339134216308594,-17.836796048551797
14352,-9.369208335876465,-17.71208381024003
14353,-7.210124969482422,-17.698443108946083
14354,-5.112358570098877,-17.68547840824723
14355,-5.037499904632568,-17.67707627430558
14356,-5.4036664962768555,-17.68056720677018
14357,-7.8850998878479,-17.68401740589738
14358,-7.221016883850098,-17.683562405973674
14359,-6.543333530426025,-17.689069207578896
14360,-12.970268249511719,-17.716962617307903
14361,-15.819981575012207,-17.719589757353067
14362,-9.743587493896484,-17.718431374937296
14363,-8.828543663024902,-17.720385816007852
14364,1.6326220035552979,-17.691407360464336
14365,1.6034220457077026,-17.65153490534425
14366,0.9786520004272461,-17.634201265245675
14367,1.3414499759674072,-17.605299832254648
14368,-7.1286821365356445,-17.610242960840463
14369,-7.166210651397705,-17.601876637369394
14370,-4.6827073097229,-17.555022726923227
14371,-22.712331771850586,-17.57964392748475
14372,-44.03825759887695,-17.696278281122446
14373,-52.2656364440918,-17.864271193414925
14374,-46.086456298828125,-18.038791533380746
14375,-40.96799087524414,-18.178076010614635
14376,-8.395291328430176,-18.214044016033412
14377,-5.9135918617248535,-18.20026292052865
14378,-3.016547918319702,-18.170928084522487
14379,-4.988208293914795,-18.132537156254052
14380,-5.226866722106934,-18.126028828769922
14381,-8.182475090026855,-18.0543045283854
14382,-3.767615795135498,-17.96794428935647
14383,-6.150083541870117,-17.61195935741067
14384,-13.048250198364258,-17.43553349223733
14385,-12.500734329223633,-17.268320090442895
14386,-54.29817199707031,-17.45109791865945
14387,-48.16509246826172,-17.433262026935815
14388,1.6597800254821777,-17.403310874134302
14389,0.045545998960733414,-17.381093257322906
14390,0.5067399740219116,-17.354405731096865
14391,0.6612706780433655,-17.32579488147795
14392,0.4059320092201233,-17.290050254240633
14393,-6.690870761871338,-17.28963766993582
14394,-11.644571304321289,-17.259632489576937
14395,-18.871524810791016,-17.276600945845246
14396,-41.44501495361328,-17.414251923933627
14397,-49.799373626708984,-17.596439788237213
14398,-47.287261962890625,-17.603356582060457
14399,-45.96187973022461,-17.794112141028048
14400,-7.829899787902832,-17.830976182833314
14401,-9.2340669631958,-17.868594842687248
14402,-7.100766658782959,-17.875330365911125
14403,-5.719783306121826,-17.840801933065055
14404,-8.493391990661621,-17.799987247243525
14405,-3.0075581073760986,-17.710741219297052
14406,-6.4239501953125,-17.56418605877459
14407,-8.8325834274292,-17.375341496244072
14408,-13.624649047851562,-17.295737278714775
14409,-11.642102241516113,-17.16470102764666
14410,-13.76367473602295,-17.174703125730158
14411,-3.9542086124420166,-17.16377204681933
14412,-0.6962739825248718,-16.962720778003334
14413,1.8689939975738525,-16.75113413001597
14414,1.6543899774551392,-16.708929270759224
14415,-3.630352020263672,-16.691580079093576
14416,-9.429720878601074,-16.705541462913157
14417,-3.395125150680542,-16.695787002578378
14418,-16.459684371948242,-16.686450103774668
14419,-21.663265228271484,-16.73101243211329
14420,-51.04602813720703,-16.882091209426523
14421,-58.145565032958984,-17.07778559114039
14422,-52.62543869018555,-17.280231689468025
14423,-37.49467086791992,-17.437356012836098
14424,-11.432475090026855,-17.4899860329777
14425,-6.64613676071167,-17.49985537005961
14426,-50.405941009521484,-17.680559937015175
14427,-6.07349157333374,-17.69067122603953
14428,-5.846208095550537,-17.637525998607277
14429,-6.479525089263916,-17.58645523788035
14430,-8.305649757385254,-17.45153037597239
14431,-8.475408554077148,-17.292243304744364
14432,-17.356985092163086,-16.97563651610911
14433,-9.46870231628418,-16.83515123321116
14434,-12.079259872436523,-16.83450917388499
14435,-50.24771499633789,-17.00364960052073
14436,0.6360366940498352,-16.97294852091372
14437,-1.9293993711471558,-16.961930951848625
14438,1.290444016456604,-16.940672616258265
14439,0.9835820198059082,-16.90740918852389
14440,-6.26140022277832,-16.91170635534823
14441,-11.094799995422363,-16.93311325575411
14442,-20.564552307128906,-16.946291501298546
14443,-26.972360610961914,-17.023899428620936
14444,-46.30439376831055,-17.153766871705653
14445,-52.957237243652344,-17.33903224493563
14446,-36.14405059814453,-17.487767639413477
14447,-94.68614196777344,-17.871107351079583
14448,-10.889988899230957,-17.91856794668734
14449,-3.7226407527923584,-17.934380104377865
14450,-2.7389578819274902,-17.92985404236615
14451,0.5003920197486877,-17.887631267622112
14452,1.1353139877319336,-17.811610817030072
14453,-2.961301326751709,-17.731409231260418
14454,-3.0694594383239746,-17.64062786491215
14455,-11.131813049316406,-17.333709255293012
14456,-15.948101997375488,-17.19717100532353
14457,-19.581029891967773,-17.09109964759648
14458,-32.47505187988281,-17.178815486982465
14459,-43.754783630371094,-17.332850515440107
14460,-18.49155616760254,-17.377488073423503
14461,-43.00794982910156,-17.518306638792158
14462,-7.505766868591309,-17.51797577293217
14463,-6.028425216674805,-17.513885307386516
14464,-3.575974941253662,-17.496793108060956
14465,-6.411441802978516,-17.487905874326824
14466,-3.9052000045776367,-17.429311952665447
14467,-6.718133449554443,-17.39407123954594
14468,-6.856583118438721,-17.3873848477155
14469,-7.7814249992370605,-17.408244619444012
14470,-11.902584075927734,-17.459958995893597
14471,-7.226321220397949,-17.49484906490147
14472,-1.6406673192977905,-17.504895278289915
14473,-44.15849304199219,-17.667333882644773
14474,-43.85818862915039,-17.822486331298947
14475,0.994733989238739,-17.77164827211201
14476,1.1314979791641235,-17.695187870100142
14477,-43.8831901550293,-17.790054203107953
14478,-1.0944753885269165,-17.639685720995068
14479,-50.10002899169922,-17.49311763627827
14480,-54.687156677246094,-17.34050765092671
14481,-57.78782272338867,-17.214752996996044
14482,-30.605960845947266,-17.30518903978169
14483,-80.9024658203125,-17.42101096971333
14484,-33.989479064941406,-17.543643598154187
14485,-33.703529357910156,-17.655567315652966
14486,-52.24359893798828,-17.852432367876172
14487,-5.656191825866699,-17.838471003130078
14488,-4.065100193023682,-17.837899109438062
14489,-2.2251179218292236,-17.818282348230483
14490,-6.757133483886719,-17.784048827722668
14491,-2.174959897994995,-17.730512011125683
14492,-4.5232415199279785,-17.693745628908278
14493,-7.198591709136963,-17.683159567430614
14494,-7.681382179260254,-17.71215567214787
14495,-12.240870475769043,-17.76808641012013
14496,-4.026915550231934,-17.783901125654577
14497,0.9582520127296448,-17.752140720829367
14498,0.5016160011291504,-17.71005394218862
14499,0.38405799865722656,-17.647681181415916
14500,0.9628919959068298,-17.603244061216714
14501,0.9738720059394836,-17.49400756214559
14502,1.048248052597046,-17.272717051014304
14503,-0.840533971786499,-17.125511758312584
14504,-10.852644920349121,-16.93565733860433
14505,-10.943373680114746,-16.765956239208577
14506,-36.81325149536133,-16.868469510540365
14507,-32.078590393066406,-16.974028731808065
14508,-41.92134094238281,-16.939269164547323
14509,-39.63994598388672,-17.067465482220054
14510,-5.826373100280762,-17.05909190700948
14511,-51.03048324584961,-17.24366014622152
14512,-50.147132873535156,-17.408770143017172
14513,-50.143341064453125,-17.572865273937584
14514,-6.774033546447754,-17.523331304058434
14515,-4.4515252113342285,-17.469342917904257
14516,-5.323933124542236,-17.4839294423908
14517,-8.383108139038086,-17.496048619255422
14518,-14.256961822509766,-17.549487941250206
14519,-15.503373146057129,-17.614564305767416
14520,-8.67503547668457,-17.6382257733196
14521,-3.4515960216522217,-17.645821288093924
14522,0.9505760073661804,-17.60968809722364
14523,0.5699080228805542,-17.546442415937783
14524,0.5525559782981873,-17.46321773432195
14525,-5.421022891998291,-17.395093201622366
14526,-5.9647626876831055,-17.21127822588384
14527,-17.82036781311035,-17.050080281242728
14528,-10.940199851989746,-16.89073767183721
14529,-15.797390937805176,-16.734685749992728
14530,-34.598175048828125,-16.82575908373296
14531,-46.53954315185547,-16.982421555504203
14532,-23.33687400817871,-17.04276268480718
14533,-39.40745544433594,-17.187852138504386
14534,-10.387491226196289,-17.206457103714346
14535,-8.117474555969238,-17.205037937149406
14536,-6.2835001945495605,-17.2045355052799
14537,-7.256983280181885,-17.197343471512198
14538,-5.237266540527344,-17.20064532469213
14539,-7.649908542633057,-17.161068643555044
14540,-5.201300144195557,-17.12272631452978
14541,-4.836108207702637,-17.11641714666784
14542,-13.410447120666504,-17.150130001053213
14543,-11.187483787536621,-17.196716050848366
14544,-1.1417380571365356,-17.185248773798346
14545,0.71601402759552,-17.153857797369362
14546,1.2915539741516113,-17.11649399922788
14547,-0.2805919945240021,-17.049876277789473
14548,-0.44429001212120056,-16.971942744478582
14549,1.1872800588607788,-16.875670865759254
14550,0.8828639984130859,-16.66242427609861
14551,-8.446708679199219,-16.495003392919898
14552,-12.170870780944824,-16.335410646185277
14553,-19.590747833251953,-16.220751619085668
14554,-13.039443016052246,-16.224236291632057
14555,-28.783920288085938,-16.310830039724706
14556,-45.15811538696289,-16.45856966756284
14557,-45.126014709472656,-16.60790209363401
14558,-7.320516586303711,-16.624982063993812
14559,-5.870041847229004,-16.62545049737394
14560,-4.3559699058532715,-16.616531611189245
14561,-6.460841655731201,-16.614315777525306
14562,-6.982358455657959,-16.569352900251747
14563,-3.1111066341400146,-16.57030816720426
14564,-5.034249782562256,-16.564208521589638
14565,-4.582716464996338,-16.541071667417885
14566,-18.241146087646484,-16.603818198904396
14567,-10.44318675994873,-16.64972435925901
14568,-4.4579081535339355,-16.6530033891052
14569,-0.4785126745700836,-16.637826972350478
14570,1.245255947113037,-16.613136472091078
14571,-1.1802760362625122,-16.54645479761064
14572,-1.0905460119247437,-16.48639129959047
14573,-0.48694801330566406,-16.376432109221817
14574,1.1377079486846924,-16.157919012412428
14575,-2.6131205558776855,-15.967458149299025
14576,-10.42097282409668,-15.772887203559279
14577,-16.379661560058594,-15.647245830878616
14578,-40.546119689941406,-15.774665710791945
14579,-45.34963607788086,-15.926908722266555
14580,-38.926883697509766,-16.069534437522293
14581,-15.400636672973633,-15.930968344077469
14582,-9.93660831451416,-15.76672544322908
14583,-6.023550033569336,-15.58549650798738
14584,-6.906525135040283,-15.588761474952102
14585,-2.67467999458313,-15.391580830916762
14586,-2.8206474781036377,-15.325809038504959
14587,-7.421433448791504,-15.307355833396315
14588,-7.1223249435424805,-15.278017256125807
14589,-6.135566711425781,-15.266126074180008
14590,-9.504958152770996,-15.27994303546846
14591,-12.615108489990234,-15.333820338830352
14592,-8.07883358001709,-15.355974604234099
14593,0.17089267075061798,-15.34888485507667
14594,1.1919419765472412,-15.335847015187145
14595,1.1285459995269775,-15.289785612866282
14596,-1.1892080307006836,-15.21363382987678
14597,0.5758119821548462,-15.103165672585368
14598,0.7628359794616699,-14.89899454717338
14599,-0.5112879872322083,-14.680221721217036
14600,-9.492839813232422,-14.513181560084224
14601,-19.830455780029297,-14.403146846339107
14602,-33.14759063720703,-14.49826037554443
14603,-40.728145599365234,-14.63233245806396
14604,-41.48846435546875,-14.77783688120544
14605,-45.57928466796875,-14.940004020258785
14606,-10.249150276184082,-14.959385955378414
14607,-6.153441429138184,-14.952459321543575
14608,-4.549566745758057,-14.941773520991207
14609,-5.366724967956543,-14.937067086741328
14610,-6.902299880981445,-14.912795213267207
14611,-5.109433174133301,-14.869953019663692
14612,-7.145183563232422,-14.859559403941036
14613,-2.8014700412750244,-14.835451109454036
14614,-15.840587615966797,-14.905343947932124
14615,-14.473896980285645,-14.969653224036097
14616,-6.012845516204834,-14.997619214102626
14617,0.442438006401062,-15.00121526198089
14618,0.9231160283088684,-14.969008069321513
14619,1.2273119688034058,-14.93543397884071
14620,1.1470860242843628,-14.912114805504679
14621,-0.03750799968838692,-14.821415510416031
14622,1.2113640308380127,-14.640417023897172
14623,0.127251997590065,-14.430845470130443
14624,-9.193357467651367,-14.283273074805736
14625,-19.075307846069336,-14.195702342689037
14626,-33.72214889526367,-14.297009772956372
14627,-24.005929946899414,-14.369379125297069
14628,-49.26338195800781,-14.554366461455823
14629,-45.91089630126953,-14.71805721348524
14630,-7.6993584632873535,-14.727947180449963
14631,-6.224074840545654,-14.720113579452038
14632,-5.801741600036621,-14.728250082671643
14633,-7.053208351135254,-14.731862581908702
14634,-4.575133323669434,-14.697970114409923
14635,-6.791691780090332,-14.67513394421339
14636,-3.5687167644500732,-14.472216123282909
14637,-7.204441547393799,-14.308373519599439
14638,-15.025237083435059,-14.375113588035108
14639,-12.9517183303833,-14.427102645352482
14640,-6.654740810394287,-14.455748568490147
14641,1.0081846714019775,-14.454360912516712
14642,1.1730600595474243,-14.451292400315404
14643,0.410535991191864,-14.422886773303151
14644,1.0336860418319702,-14.372173743918538
14645,0.47112399339675903,-14.294803148701787
14646,-3.8210179805755615,-14.144307160809635
14647,-7.66332483291626,-13.975762965634464
14648,-8.723786354064941,-13.821509063199162
14649,-3.5785739421844482,-13.651975840047001
14650,-40.83011245727539,-13.783976690724492
14651,-31.65355682373047,-13.87365465016663
14652,-38.88343811035156,-14.000785335972905
14653,-42.548213958740234,-14.148099058583378
14654,-6.886425018310547,-14.141671190693975
14655,-5.780883312225342,-14.152764491513372
14656,-6.3317084312438965,-14.152395524457097
14657,-4.068116664886475,-14.133337657406926
14658,-6.201491832733154,-14.103645028546453
14659,-4.228033542633057,-14.073988753750921
14660,-4.641974925994873,-14.037501954510809
14661,-4.150304794311523,-14.038286339238287
14662,-12.873558044433594,-14.08699547548592
14663,-7.229266166687012,-14.123388516142965
14664,-4.351551532745361,-14.147412282183767
14665,0.860148012638092,-14.12945028205216
14666,-1.821321964263916,-14.09901668639481
14667,1.0785959959030151,-14.081121801808477
14668,1.1275559663772583,-14.010772840455175
14669,-0.9894220232963562,-13.928077467635275
14670,-0.22565799951553345,-13.724795987084509
14671,-1.1212793588638306,-13.496698844388128
14672,-6.502451419830322,-13.312206895306707
14673,-17.58026885986328,-13.23254928727448
14674,-38.618064880371094,-13.341291646435856
14675,-32.36732482910156,-13.444176398709416
14676,-42.52398681640625,-13.412648581936956
14677,-34.48069381713867,-13.526277390912176
14678,-3.8167834281921387,-13.518159692242742
14679,-7.012800216674805,-13.520292792752386
14680,-2.429903984069824,-13.496789809659123
14681,-2.8365275859832764,-13.474234285786748
14682,-5.336933135986328,-13.42615407796204
14683,-7.040858268737793,-13.416442701771855
14684,-4.1367034912109375,-13.384672476246953
14685,-5.657058238983154,-13.206309849217535
14686,-15.731056213378906,-13.27177822084725
14687,-14.054553031921387,-13.320278835490345
14688,-7.586956024169922,-13.355788435652853
14689,1.3426419496536255,-13.354352195933462
14690,1.4034960269927979,-13.323692610934376
14691,1.439046025276184,-13.273557226851583
14692,1.4691599607467651,-13.18542237778008
14693,1.284533977508545,-13.072394799426197
14694,0.2158813327550888,-12.886313699021935
14695,-6.086935520172119,-12.698832492128014
14696,-15.580810546875,-12.616579531922936
14697,-13.55958080291748,-12.292073287263513
14698,-34.796348571777344,-12.387698725953697
14699,-44.45986557006836,-12.550647625222803
14700,-37.45457458496094,-12.689510092034936
14701,-41.60790252685547,-12.857943270221353
14702,-4.821874141693115,-12.881772022739053
14703,-8.501192092895508,-12.903931585803628
14704,-4.517169952392578,-12.909722427859903
14705,-4.840441703796387,-12.884556942477822
14706,-5.111708164215088,-12.841211367145181
14707,-49.835784912109375,-12.962230387225746
14708,-4.76818323135376,-12.851402912631631
14709,-50.53139114379883,-12.878509342685343
14710,-58.706573486328125,-13.039369411960244
14711,-14.692137718200684,-12.926106163516641
14712,-4.137403964996338,-12.91263271190226
14713,-0.5072993040084839,-12.890548208251596
14714,0.5693759918212891,-12.873966804519295
14715,1.3289940357208252,-12.843005061164499
14716,0.7786009907722473,-12.824269857183099
14717,1.2571920156478882,-12.79236855532229
14718,0.7599746584892273,-12.761902324214578
14719,-4.657680034637451,-12.749407344356179
14720,-9.36757755279541,-12.73926731826365
14721,-18.7334041595459,-12.785295650020242
14722,-42.88692092895508,-12.950280664458871
14723,-43.088191986083984,-12.945999460235239
14724,-50.15536880493164,-12.971188180938363
14725,-19.6369571685791,-13.053714945569634
14726,-8.03594970703125,-13.090384736314416
14727,-51.213783264160156,-13.119707108750939
14728,-7.014858245849609,-13.14338864018023
14729,-4.089361667633057,-12.959345970883966
14730,-7.337258338928223,-12.769946377530694
14731,-4.69397497177124,-12.557570986524224
14732,-4.301153182983398,-12.45235175587237
14733,-51.28864288330078,-12.333896464124322
14734,-16.638080596923828,-12.264490870252251
14735,-8.725822448730469,-12.164580042615533
14736,-3.416398763656616,-11.969271241918205
14737,-0.08783400058746338,-11.94699781061709
14738,1.2935340404510498,-11.92556327368319
14739,-43.603309631347656,-12.091076040521264
14740,-1.1356799602508545,-12.068590226426721
14741,0.6608440279960632,-12.057247010722756
14742,0.6547960042953491,-12.036534860625864
14743,-8.498091697692871,-12.041732860580087
14744,-7.102720737457275,-12.039418214812875
14745,-15.321372032165527,-12.051740221038461
14746,-40.52971649169922,-12.19775142480433
14747,-38.70832061767578,-12.356417715325952
14748,-47.25552749633789,-12.54744628931582
14749,-21.30597496032715,-12.634206421151758
14750,-10.014824867248535,-12.678117288604378
14751,-6.2461748123168945,-12.706997475877404
14752,-4.153933525085449,-12.727806202188134
14753,-4.850625038146973,-12.743846566453577
14754,-7.283958435058594,-12.729571820512414
14755,-6.880091667175293,-12.713318692460657
14756,-5.743724822998047,-12.589040585771203
14757,-6.107399940490723,-12.4851558239609
14758,-7.508437156677246,-12.347504208818078
14759,-12.638169288635254,-12.239497102037072
14760,-3.1501986980438232,-12.228792404428125
14761,-2.530949354171753,-12.034794268861413
14762,1.3955579996109009,-11.828623505368828
14763,1.2903300523757935,-11.622888820901514
14764,1.1992679834365845,-11.590995614781976
14765,1.0774400234222412,-11.56887975384295
14766,1.2879899740219116,-11.542432061448693
14767,-6.882482528686523,-11.536429559007287
14768,-1.9304399490356445,-11.48712347151339
14769,-14.62663745880127,-11.483616528764367
14770,-37.11896896362305,-11.597392262712122
14771,-37.27191925048828,-11.732673555627466
14772,-38.82521057128906,-11.891776701942087
14773,-80.13726806640625,-12.214605406299233
14774,-52.22832489013672,-12.425728929772973
14775,-6.635200023651123,-12.430585638299585
14776,-5.088308334350586,-12.427079820886254
14777,-4.6626667976379395,-12.374449016824364
14778,-4.94064998626709,-12.350450817361475
14779,-7.081699848175049,-12.315588053002953
14780,-6.843583106994629,-12.204569685235619
14781,-6.442041873931885,-12.044179680123925
14782,-17.580528259277344,-12.02115429712832
14783,-8.543813705444336,-11.897699730172754
14784,-3.2570459842681885,-11.86917794920504
14785,-5.296689033508301,-11.857894807115198
14786,-6.925213813781738,-11.860461661592126
14787,-16.03069496154785,-11.89555650831759
14788,-13.716670989990234,-11.92947412611544
14789,-10.988855361938477,-11.942829913392663
14790,-10.625473022460938,-11.964526604905725
14791,-6.68683385848999,-11.971929507508873
14792,-0.03045666590332985,-11.918409545689821
14793,0.44854798913002014,-11.871865418583155
14794,-7.3905558586120605,-11.896860689789056
14795,-11.725852966308594,-11.946628157764673
14796,-13.21790885925293,-12.004666009098292
14797,-23.033950805664062,-12.095679444342851
14798,-24.565467834472656,-12.192164155632257
14799,-58.767120361328125,-12.431981757313013
14800,-67.34809875488281,-12.704905608326197
14801,-59.902313232421875,-12.910728026539088
14802,-28.77068328857422,-12.977127276569606
14803,-10.421774864196777,-12.940451384693384
14804,-10.611958503723145,-12.930741446644067
14805,-8.441608428955078,-12.849372199207544
14806,-3.9722299575805664,-12.684628657490014
14807,-5.697033405303955,-12.52691273227334
14808,-7.728341579437256,-12.528544032245874
14809,-5.246799945831299,-12.526051064640283
14810,-6.068177223205566,-12.532899893909693
14811,-17.60895347595215,-12.577492341190576
14812,-11.725996971130371,-12.596466895252465
14813,-13.626252174377441,-12.638527477413415
14814,-10.931952476501465,-12.662118288189173
14815,-2.8098626136779785,-12.6550268727839
14816,1.140328049659729,-12.577500976234674
14817,1.7066340446472168,-12.52890169301629
14818,-1.8079320192337036,-12.51830178847909
14819,-7.281864166259766,-12.545515194445848
14820,-7.582201957702637,-12.580825026065112
14821,-61.56549835205078,-12.822365915328264
14822,-20.88619041442871,-12.90154849293828
14823,-52.27317428588867,-13.108693398028612
14824,-51.37701416015625,-13.318752286463976
14825,-50.164817810058594,-13.5089590754807
14826,-56.46311569213867,-13.693127646952867
14827,-9.616533279418945,-13.66607513383031
14828,-7.378366470336914,-13.533404120951891
14829,-8.025500297546387,-13.384107577830553
14830,-4.72463321685791,-13.247298575907946
14831,-7.029158115386963,-13.213812661677599
14832,-4.430075168609619,-13.191786529093982
14833,-8.153657913208008,-13.200306960612535
14834,-8.388067245483398,-13.206233129054308
14835,-13.793902397155762,-13.250710018664599
14836,-11.02244758605957,-13.283517219096423
14837,-15.534541130065918,-13.31596964982152
14838,-10.210556983947754,-13.32832257798314
14839,-2.6500473022460938,-13.314380500346422
14840,-2.48457670211792,-13.28629897454381
14841,1.3152533769607544,-13.230577527076006
14842,-1.2437772750854492,-13.20323730185628
14843,-8.22634506225586,-13.236826252788305
14844,-14.358438491821289,-13.299027774661779
14845,-15.256867408752441,-13.364569428294898
14846,-22.802776336669922,-13.451023701518775
14847,-86.39802551269531,-13.798919051498174
14848,-87.87255096435547,-14.153460599273442
14849,-47.56656265258789,-14.341681697934867
14850,-21.473417282104492,-14.389604007810354
14851,-10.341341972351074,-14.35164755257964
14852,-6.7846999168396,-14.246195989698172
14853,-4.780966758728027,-14.102407274335622
14854,-7.350800037384033,-13.965856617063285
14855,-7.059925079345703,-13.811779178708791
14856,-7.064799785614014,-13.799041776746511
14857,-8.053558349609375,-13.806642244428396
14858,-5.733550548553467,-13.811378179639577
14859,-13.046895027160645,-13.842098859876394
14860,-10.908077239990234,-13.85812196931243
14861,-8.59564208984375,-13.87206680497527
14862,-1.9835799932479858,-13.851420390695333
14863,1.0160919427871704,-13.836150142759085
14864,1.5375779867172241,-13.766637480348349
14865,1.5220439434051514,-13.702653716653586
14866,0.45969799160957336,-13.676763542622329
14867,-0.5063015818595886,-13.680558500975371
14868,-49.95978927612305,-13.884090122193099
14869,-54.791316986083984,-14.108164638012648
14870,-6.567607879638672,-14.13902341362834
14871,-47.23469161987305,-14.327812148109079
14872,-21.92738914489746,-14.42036716081202
14873,-43.09554672241211,-14.59325835569203
14874,-39.026634216308594,-14.712591462686659
14875,-9.025899887084961,-14.672393830850721
14876,-9.002991676330566,-14.573517201974989
14877,-7.709708213806152,-14.508332315042615
14878,-5.685983180999756,-14.334022719934582
14879,-7.562049865722656,-14.180627334192396
14880,-8.762383460998535,-14.18487943418324
14881,-6.080749988555908,-14.18430613477528
14882,-9.491817474365234,-14.199066438272595
14883,-17.587921142578125,-14.241205289438367
14884,-17.625490188598633,-14.293406716898083
14885,-10.654348373413086,-14.308857343271375
14886,-8.817241668701172,-14.32985144288838
14887,-0.12667599320411682,-14.30154038067162
14888,-5.422946453094482,-14.263131218150258
14889,-0.39379799365997314,-14.212899536803365
14890,0.010362000204622746,-14.186239125560968
14891,-9.53261661529541,-14.228402330707759
14892,-12.588936805725098,-14.283450318168848
14893,-17.699399948120117,-14.355890061926097
14894,-21.623632431030273,-14.446519335817545
14895,-47.093082427978516,-14.636776161503047
14896,-50.640193939208984,-14.824052865337581
14897,-52.71632385253906,-15.004264861416072
14898,-53.123931884765625,-15.181865443538875
14899,-8.842599868774414,-15.202921547245234
14900,-7.641183376312256,-15.07016583092138
14901,-2.9944140911102295,-14.9555292599909
14902,-3.5010159015655518,-14.813999571155756
14903,-8.139466285705566,-14.676364580463618
14904,-8.380399703979492,-14.682340479206294
14905,-6.410191535949707,-14.684857712101191
14906,-6.850972652435303,-14.686934768985957
14907,-10.991706848144531,-14.71462912971899
14908,-12.885497093200684,-14.74136515076086
14909,-2.4309353828430176,-14.734176758121698
14910,-2.187828779220581,-14.724360173534603
14911,1.5343799591064453,-14.70162143452093
14912,1.1031420230865479,-14.645714634250849
14913,-2.9202327728271484,-14.62847850067541
14914,-1.3043233156204224,-14.61628958780691
14915,-13.385445594787598,-14.673271962236614
14916,-17.099618911743164,-14.73438515002653
14917,-20.294544219970703,-14.819877710890024
14918,-23.741897583007812,-14.919355525087566
14919,-45.77549743652344,-15.098499826740474
14920,-26.28934669494629,-15.202754581522196
14921,-52.05398178100586,-15.406485391210765
14922,-57.054080963134766,-15.608691909383982
14923,-9.911633491516113,-15.578017367910594
14924,-10.053500175476074,-15.463759109091013
14925,-5.4451584815979,-15.356070443700998
14926,-4.811408519744873,-15.205220130514354
14927,-7.364233493804932,-15.09675428922102
14928,-6.185400009155273,-15.10622875554487
14929,-5.693891525268555,-15.100953120779247
14930,-6.1881022453308105,-15.11598591382429
14931,-12.559663772583008,-15.154878458570689
14932,-10.340929985046387,-15.17489444596693
14933,-11.877273559570312,-15.194240107130259
14934,-4.094492435455322,-15.194071262907237
14935,-2.7728586196899414,-15.182534464430065
14936,1.6655219793319702,-15.11294815165922
14937,0.8072080016136169,-15.053501107525081
14938,-3.665809392929077,-15.037816521000117
14939,-4.117618560791016,-15.059657563041895
14940,-14.56616497039795,-15.123536207031458
14941,-15.97347640991211,-15.193186296772211
14942,-24.429506301879883,-15.296780961822718
14943,-45.426151275634766,-15.483623702835292
14944,-57.73991775512695,-15.71544689918682
14945,-30.7288875579834,-15.814014707338066
14946,-52.91999816894531,-15.963371457826346
14947,-9.43019962310791,-15.946853933107107
14948,-9.484642028808594,-15.845607106935233
14949,-7.411250114440918,-15.697412645112722
14950,-8.098191261291504,-15.579987111818046
14951,-8.034383773803711,-15.445693036805839
14952,-5.871666431427002,-15.449892205964774
14953,-7.803400039672852,-15.447101037751883
14954,-51.44769287109375,-15.634823129426689
14955,-57.715972900390625,-15.846325254213065
14956,-2.3240699768066406,-15.835174701463432
14957,-8.176413536071777,-15.668537215959281
14958,-3.020228624343872,-15.661545397531242
14959,1.4805200099945068,-15.453497752916068
14960,1.2273939847946167,-15.213761883031577
14961,1.7434619665145874,-15.148019484292716
14962,-5.697431564331055,-15.154259594690055
14963,-12.650897026062012,-15.202833985578268
14964,-11.946883201599121,-15.25289902235195
14965,-17.882204055786133,-15.329743814717979
14966,-27.82593536376953,-15.444161960136146
14967,-46.40768814086914,-15.634821480762213
14968,-58.14955520629883,-15.870459600221366
14969,-29.949949264526367,-15.971628677140922
14970,-47.016387939453125,-16.122223918687553
14971,-10.131766319274902,-16.08781736732647
14972,-7.271441459655762,-15.945355449449272
14973,-3.0319859981536865,-15.78513062549755
14974,-4.944550037384033,-15.60428735042736
14975,-5.318408489227295,-15.547013155709951
14976,-5.051258563995361,-15.535074391137808
14977,-6.2146501541137695,-15.355077858697623
14978,-7.477484703063965,-15.35692836452648
14979,-12.029688835144043,-15.388689673196524
14980,-9.690530776977539,-15.39810276294872
14981,-9.531421661376953,-15.417452549707145
14982,-6.011658191680908,-15.424294569741935
14983,-2.1623733043670654,-15.227789491426199
14984,-1.349152684211731,-15.166633779775351
14985,-4.0210862159729,-15.14781483484432
14986,-4.274589538574219,-15.151247597943991
14987,-14.312979698181152,-15.208148180734366
14988,-16.975780487060547,-15.281225438844412
14989,-21.420135498046875,-15.19249274231121
14990,-12.991053581237793,-15.239914236795157
14991,-46.13548278808594,-15.427099544059486
14992,-53.14458465576172,-15.642297066699713
14993,-56.49370574951172,-15.83427952290699
14994,-46.69940185546875,-15.992666247379034
14995,-9.687600135803223,-15.970131159793585
14996,-7.635983467102051,-15.838556227695197
14997,-7.306058406829834,-15.712947178851813
14998,-3.8482067584991455,-15.539317895900458
14999,-7.679699897766113,-15.484812795650214
15000,-5.4336748123168945,-15.466488195430488
15001,-4.991128444671631,-15.461468009959907
15002,-8.282649993896484,-15.477982875835151
15003,-14.730916976928711,-15.517504043590277
15004,-7.446269512176514,-15.518153287898748
15005,-7.306368827819824,-15.519858396541327
15006,-0.8174606561660767,-15.500153339874
15007,1.2257839441299438,-15.470820604335517
15008,-3.4626986980438232,-15.454637650500983
15009,-3.295076608657837,-15.417265279781073
15010,-4.260716438293457,-15.421707350742071
15011,-1.6613179445266724,-15.418228825103492
15012,-15.526031494140625,-15.485915183078498
15013,-6.622807025909424,-15.517567731391638
15014,-23.38518524169922,-15.615905544292183
15015,-38.66531753540039,-15.774876574527472
15016,-49.99311065673828,-15.980000977050514
15017,-47.62995910644531,-16.14299088336155
15018,-43.926353454589844,-16.310974537383764
15019,-10.070725440979004,-16.292750889312476
15020,-8.778741836547852,-16.179389980804174
15021,-2.8216300010681152,-16.041588823806496
15022,-7.885533332824707,-15.917830114852636
15023,-7.086141586303711,-15.625625608932227
15024,-7.137275218963623,-15.445261410247534
15025,-4.286518096923828,-15.435866682540626
15026,-50.54389953613281,-15.617689047347755
15027,-57.645572662353516,-15.829620670806616
15028,-9.80606746673584,-15.849082340728492
15029,-55.93122100830078,-16.044480425368995
15030,-52.31892776489258,-16.226381804000585
15031,-0.6884286403656006,-16.203367351066323
15032,-4.788182735443115,-16.152197968970984
15033,-4.955379486083984,-16.137844232093542
15034,0.21635399758815765,-16.123950632166117
15035,-5.502249240875244,-16.124772872995585
15036,-10.287981033325195,-16.138223941873758
15037,-15.756257057189941,-16.13712619025633
15038,-20.56647491455078,-16.16452540595457
15039,-39.26824951171875,-16.27764298255369
15040,-46.19887924194336,-16.41993660743162
15041,-54.62815856933594,-16.611701906275005
15042,-49.56085968017578,-16.809823518332095
15043,-8.867408752441406,-16.84708734529838
15044,-9.310874938964844,-16.85476862161979
15045,-3.8548479080200195,-16.823284601386636
15046,-10.378283500671387,-16.81192609995231
15047,-7.772541522979736,-16.750880462821574
15048,-6.134591579437256,-16.677156957801433
15049,-4.654748439788818,-16.460707470115274
15050,-8.6686429977417,-16.22598964708671
15051,-16.74679946899414,-16.053367592033
15052,-8.824721336364746,-15.973583744224161
15053,-11.84298324584961,-15.979268577750773
15054,-8.757615089416504,-15.971851204093547
15055,-5.162530899047852,-15.958734893973917
15056,1.2271840572357178,-15.937937237914651
15057,1.6592919826507568,-15.908511936362833
15058,-0.7552153468132019,-15.880619431432336
15059,-11.19252872467041,-15.904402346547693
15060,-8.151336669921875,-15.91273498433456
15061,-18.47801399230957,-15.916211226399987
15062,-22.706298828125,-15.960132433827967
15063,-53.15230178833008,-16.11823663228378
15064,-51.853153228759766,-16.28192143529281
15065,-57.511417388916016,-16.500727654393764
15066,-54.81835174560547,-16.724562373574823
15067,-11.686624526977539,-16.77813540786132
15068,-6.650784969329834,-16.797506819661706
15069,-50.59000015258789,-16.97073936360702
15070,-5.765716552734375,-16.963473421987146
15071,-9.9868745803833,-16.757158926900477
15072,-7.838191509246826,-16.70496693127975
15073,-8.162217140197754,-16.528523102696987
15074,-5.890077114105225,-16.34657535451278
15075,-12.835506439208984,-16.19725810902938
15076,-12.71837043762207,-16.022279128011316
15077,-11.816110610961914,-16.031077437337487
15078,-7.458828449249268,-16.031399285253137
15079,-5.3091959953308105,-16.020534068044274
15080,-7.611187934875488,-16.032080286916344
15081,-11.572061538696289,-16.05025190060958
15082,-12.449625015258789,-16.08233009999618
15083,-15.279467582702637,-16.11083333867416
15084,-6.835655212402344,-16.104623690541835
15085,-18.768695831298828,-16.124522864278404
15086,-21.999624252319336,-16.168431570943444
15087,-54.957557678222656,-16.32612363713607
15088,-60.0594367980957,-16.525519156392665
15089,-30.852426528930664,-16.6383286732994
15090,-92.07623291015625,-16.996695298131556
15091,-9.762999534606934,-17.041008309777826
15092,-9.85860824584961,-17.07546763366088
15093,-7.986824989318848,-17.074509553369136
15094,-5.588798522949219,-17.039430993493646
15095,-50.876434326171875,-17.181909261163323
15096,-50.250160217285156,-17.291698796685786
15097,-6.589375019073486,-16.972464194711296
15098,-5.876684188842773,-16.644480727609245
15099,-13.925743103027344,-16.509917449411006
15100,-16.138891220092773,-16.488579345162957
15101,-17.373699188232422,-16.516708774026483
15102,-18.563669204711914,-16.563824651177974
15103,-10.29886245727539,-16.58589623397216
15104,-7.9049153327941895,-16.588112695153804
15105,-14.008648872375488,-16.61590759032592
15106,-12.714122772216797,-16.638504882272333
15107,-15.398494720458984,-16.667884627755733
15108,-13.997615814208984,-16.700940888818355
15109,-12.221183776855469,-16.697638043817133
15110,-19.903202056884766,-16.73361854308471
15111,-90.77638244628906,-17.062341504510492
15112,-92.98551177978516,-17.42634923165664
15113,-57.927001953125,-17.66212160724029
15114,-45.9404182434082,-17.85203359216079
15115,-12.192975044250488,-17.906893668111415
15116,-7.64389181137085,-17.939308027323335
15117,-5.952266693115234,-17.961091887768358
15118,-4.245031833648682,-17.77823285799846
15119,-7.9135918617248535,-17.590721957501025
15120,-11.97940444946289,-17.61236914378032
15121,-2.2038300037384033,-17.432245697315782
15122,-1.8440220355987549,-17.351912228878586
15123,0.4562993347644806,-17.17770484464988
15124,1.0945487022399902,-17.017220112975686
15125,-5.92474889755249,-17.004815509017558
15126,-5.868624210357666,-16.992278039153664
15127,-8.966096878051758,-16.99730359381065
15128,-13.762149810791016,-17.029608260329812
15129,-17.885692596435547,-17.070902831252663
15130,-38.36783981323242,-17.1893246566616
15131,-42.40571975708008,-17.334624535735696
15132,-47.83451843261719,-17.487995339568705
15133,-43.26933288574219,-17.59072098654136
15134,-8.409049987792969,-17.55385522573814
15135,-6.940158367156982,-17.538998465713114
15136,-7.395975112915039,-17.53331339948997
15137,-7.583175182342529,-17.563139396246523
15138,-7.538974761962891,-17.571603509481996
15139,-5.306600093841553,-17.591254717882723
15140,-3.3115439414978027,-17.604542341649534
15141,-5.598354339599609,-17.58880529254675
15142,-14.015852928161621,-17.594512957036496
15143,-14.722552299499512,-17.582605566442012
15144,-7.012016773223877,-17.52415910381079
15145,-48.027915954589844,-17.527898437917234
15146,-43.669403076171875,-17.500015274465085
15147,-43.74268341064453,-17.464120712697508
15148,-4.761075973510742,-17.270669289052485
15149,-3.5278260707855225,-17.24941019386053
15150,-7.377890110015869,-17.248357020795346
15151,-8.162747383117676,-17.269030353963377
15152,-14.047683715820312,-17.311217025220394
15153,-17.451662063598633,-17.348465808331966
15154,-40.34998321533203,-17.476344142377375
15155,-43.4719352722168,-17.624591117322446
15156,-41.69594192504883,-17.763970994412897
15157,-87.62694549560547,-18.070511949002743
15158,-53.093257904052734,-18.23134299224615
15159,-6.898991584777832,-18.24921521705389
15160,-4.635799884796143,-18.259007101476193
15161,-7.393808364868164,-18.29471985477209
15162,-6.356299877166748,-18.324557622373103
15163,-7.512541770935059,-18.342926858365537
15164,-5.163599967956543,-18.35836396497488
15165,-7.843541622161865,-18.33619634908438
15166,-6.979649543762207,-18.295716471612455
15167,-14.682690620422363,-18.27326905721426
15168,-14.06554126739502,-18.234563631951808
15169,-13.456665992736816,-18.10528830617666
15170,-7.652971267700195,-18.03074280446768
15171,-3.0522820949554443,-17.834736005723478
15172,-0.7440379858016968,-17.609495833814144
15173,-3.295224666595459,-17.58303019851446
15174,-6.818047523498535,-17.57008838790655
15175,-6.814351558685303,-17.5755651602149
15176,-59.03812789916992,-17.7924720377326
15177,-63.19771957397461,-18.01580598205328
15178,-39.02840805053711,-18.147178014218806
15179,-51.678218841552734,-18.331115323483942
15180,-45.46782302856445,-18.488234206616877
15181,-41.27566146850586,-18.60309819740057
15182,-9.07930850982666,-18.59805171149969
15183,-6.711575031280518,-18.577388917386532
15184,-6.488033294677734,-18.58696308082342
15185,-4.333441734313965,-18.59320541328192
15186,-7.157966613769531,-18.628499367654324
15187,-4.637424945831299,-18.650277899444102
15188,-3.4239683151245117,-18.649310535132884
15189,-5.390860557556152,-18.654403503119944
15190,-9.748964309692383,-18.635134700477124
15191,-13.921966552734375,-18.626928661048414
15192,-14.107586860656738,-18.58564098328352
15193,-12.343436241149902,-18.45331012314558
15194,-7.33487606048584,-18.251689956367017
15195,-5.32247257232666,-18.15006429642439
15196,-0.5223420262336731,-17.940473671853542
15197,-4.768981456756592,-17.921828799188138
15198,-7.006496429443359,-17.911916216790676
15199,-9.81047534942627,-17.92151311773062
15200,-10.050015449523926,-17.92932041448355
15201,-14.64773178100586,-17.955773806512354
15202,-40.2016487121582,-18.093093735635282
15203,-32.160606384277344,-18.190522561013697
15204,-39.48371124267578,-18.142666634500028
15205,-36.33870315551758,-18.057157555520533
15206,-10.278616905212402,-18.08897574323416
15207,-6.264483451843262,-18.081328022897242
15208,-6.224891662597656,-18.094146675050258
15209,-3.7815916538238525,-18.115195121705533
15210,-7.0017499923706055,-18.148111697614194
15211,-2.8852267265319824,-18.166626452386378
15212,-4.568850040435791,-18.162112126290797
15213,-5.7726263999938965,-18.134599043786526
15214,-9.924712181091309,-18.126510359704493
15215,-13.387253761291504,-18.108530558526517
15216,-5.904176235198975,-18.020843522012235
15217,-4.983965873718262,-17.85514863294363
15218,-2.7915239334106445,-17.63371650785208
15219,1.0344599485397339,-17.509778870999813
15220,1.0656360387802124,-17.31745077508688
15221,0.8387619853019714,-17.273568661868573
15222,-1.229357361793518,-17.249400325477122
15223,-11.17994213104248,-17.28199215000868
15224,-16.644832611083984,-17.32879328030348
15225,-18.741451263427734,-17.38248545140028
15226,-39.72684097290039,-17.5211877810359
15227,-37.82697296142578,-17.647637072265148
15228,-40.72016525268555,-17.780607794463634
15229,-42.29152297973633,-17.901655131042002
15230,-9.694700241088867,-17.90167180889845
15231,-8.28398323059082,-17.896682055175305
15232,-2.788883924484253,-17.883790958106516
15233,-3.302678108215332,-17.88835217732191
15234,-7.052124977111816,-17.911164066493512
15235,-4.808083534240723,-17.914312055766583
15236,-8.240216255187988,-17.930174562633038
15237,-8.25184154510498,-17.905930010020732
15238,-17.22854232788086,-17.906941057384014
15239,-7.340002536773682,-17.850620525538922
15240,-14.06036376953125,-17.854897766292094
15241,-7.977094650268555,-17.702264213740825
15242,-5.418819904327393,-17.511361154735088
15243,-0.06448332965373993,-17.285644265055655
15244,0.5247060060501099,-17.09674783360958
15245,-7.526940822601318,-17.088105196356775
15246,-9.047525405883789,-17.0937513641119
15247,-14.842364311218262,-17.123896587729455
15248,-18.518789291381836,-17.182578917860983
15249,-21.602285385131836,-17.238269259810448
15250,-46.372406005859375,-17.40202418458462
15251,-43.29105758666992,-17.555223901152612
15252,-45.02714920043945,-17.70220189797878
15253,-43.04412078857422,-17.815454713225364
15254,-8.384783744812012,-17.819208770155907
15255,-9.317049980163574,-17.82725149476528
15256,-5.32794189453125,-17.845293419718743
15257,-5.11062479019165,-17.870639054656028
15258,-2.8934779167175293,-17.868362171530723
15259,-4.766666889190674,-17.874248532652857
15260,-5.078774929046631,-17.877520766615866
15261,-8.543377876281738,-17.90504900634289
15262,-14.07070255279541,-17.899227690577508
15263,-17.10919952392578,-17.941173260569574
15264,-23.177276611328125,-17.940341626048088
15265,-21.811779022216797,-17.872927471995354
15266,-16.122982025146484,-17.737446957468986
15267,-19.421159744262695,-17.624611760020255
15268,-18.298336029052734,-17.522099690318107
15269,-3.5895347595214844,-17.49617492759228
15270,-18.273075103759766,-17.534152260661124
15271,-10.480085372924805,-17.56478608214855
15272,-16.978605270385742,-17.601158369898798
15273,-17.310300827026367,-17.642055006861685
15274,-40.03255844116211,-17.77363613975048
15275,-50.35575485229492,-17.957913086771963
15276,-25.11846160888672,-17.85621133506298
15277,-85.82833862304688,-17.968942398905753
15278,-8.936416625976562,-17.965463795542718
15279,-7.012308120727539,-17.769788143992425
15280,-4.982141494750977,-17.580440998911858
15281,-5.756941795349121,-17.600715051531793
15282,-5.10878324508667,-17.601997453570366
15283,-5.5037665367126465,-17.60419100177288
15284,-7.216683387756348,-17.63392315131426
15285,-7.812155723571777,-17.643162777245045
15286,-14.54443359375,-17.660188587486743
15287,-14.401900291442871,-17.654771160423756
15288,-14.837610244750977,-17.631855701744556
15289,-12.655706405639648,-17.52540552932024
15290,-7.289638042449951,-17.369768564522268
15291,0.3400479853153229,-17.149895738303663
15292,0.04561133310198784,-16.95146985425055
15293,-3.588698625564575,-16.930355013743043
15294,-12.421943664550781,-16.942799288645386
15295,-11.263460159301758,-16.972433737650512
15296,-18.682228088378906,-17.005649516001345
15297,-21.20283317565918,-17.059370682612062
15298,-39.9851188659668,-17.19477279175818
15299,-46.058082580566406,-17.36038612832129
15300,-50.88509750366211,-17.52925194634497
15301,-49.3591423034668,-17.659701317682863
15302,-6.098391532897949,-17.648795998468994
15303,-4.787226676940918,-17.62057297219336
15304,-7.553708553314209,-17.61575734604895
15305,-4.702750205993652,-17.613918223276734
15306,-7.305841445922852,-17.64805032528937
15307,-5.5636749267578125,-17.676942192927005
15308,-4.10192346572876,-17.690329025402665
15309,-51.592262268066406,-17.851927959576248
15310,-58.640018463134766,-18.053882686749102
15311,-16.639646530151367,-18.046529216900467
15312,-14.442452430725098,-18.01347383131087
15313,-4.399161338806152,-17.818461269512774
15314,1.4069340229034424,-17.60542092050612
15315,-0.25532400608062744,-17.376396546974778
15316,0.1307539939880371,-17.156600124016403
15317,0.16998399794101715,-17.10917368991673
15318,-5.769513130187988,-17.105648602560162
15319,-8.74110221862793,-16.938253010824322
15320,-18.35068130493164,-16.988592869833113
15321,-22.22016716003418,-17.037526040151715
15322,-45.13639450073242,-17.186718852117657
15323,-21.926504135131836,-17.241776000097396
15324,-45.46649169921875,-17.40008165843785
15325,-48.49375534057617,-17.542714654043316
15326,-8.69017505645752,-17.526601872518658
15327,-10.121858596801758,-17.519824864462016
15328,-5.078125,-17.51030205066502
15329,-4.8440165519714355,-17.508441332891582
15330,-6.692458152770996,-17.504766413763164
15331,-6.975316524505615,-17.486379433706404
15332,-5.196208477020264,-17.457365767553448
15333,-8.570241928100586,-17.43052886493504
15334,-13.265022277832031,-17.45624633319676
15335,-3.6111667156219482,-17.39561621673405
15336,-14.113638877868652,-17.36407227523625
15337,-15.257725715637207,-17.205272947385907
15338,-14.884461402893066,-17.024573045805095
15339,-6.5564494132995605,-16.927389137342573
15340,-2.1596601009368896,-16.567722846105696
15341,-10.074379920959473,-16.568968367651106
15342,-7.099538803100586,-16.557932089880108
15343,-9.906596183776855,-16.565611174657942
15344,-18.75678253173828,-16.618283110693095
15345,-18.236865997314453,-16.487724837377666
15346,-46.45663833618164,-16.472550749853255
15347,-43.294158935546875,-16.61936988551915
15348,-36.39653396606445,-16.741449284628033
15349,-47.28611755371094,-16.874890782430768
15350,-10.806416511535645,-16.85356088359654
15351,-6.751333236694336,-16.811071419790387
15352,-6.732758522033691,-16.763747777059674
15353,-4.185133457183838,-16.739292861059308
15354,-4.126308441162109,-16.72417843349278
15355,-2.7135183811187744,-16.678997911527752
15356,-4.977808475494385,-16.648052654340862
15357,-5.2664618492126465,-16.60752452285588
15358,-14.256760597229004,-16.60856110198796
15359,-13.664549827575684,-16.614334566190838
15360,-6.811756610870361,-16.56196878440678
15361,-4.2526679039001465,-16.215873926237226
15362,0.5052700042724609,-15.841910799100996
15363,1.1692440509796143,-15.605525815084576
15364,1.1052000522613525,-15.417343341901898
15365,0.2141273319721222,-15.367714932397009
15366,-5.314161777496338,-15.35839601226151
15367,-12.075397491455078,-15.38288853545487
15368,-16.295089721679688,-15.431088767006994
15369,-15.979366302490234,-15.463351864770054
15370,-30.45020294189453,-15.537235058739782
15371,-38.44099044799805,-15.68218370051682
15372,-47.69886016845703,-15.865603053048254
15373,-42.525604248046875,-16.0375306673795
15374,-7.606191635131836,-16.072333628728988
15375,-4.906406879425049,-16.068260260656476
15376,-7.026016712188721,-16.0728898306638
15377,-4.475033283233643,-16.05492557628453
15378,-7.005650043487549,-16.027899577215315
15379,-4.344058513641357,-15.973733040884138
15380,-4.536025047302246,-15.838405781820416
15381,-3.5614819526672363,-15.683028830602765
15382,-11.2662992477417,-15.536755953863263
15383,-8.93907642364502,-15.399434928014875
15384,-53.394866943359375,-15.57937819583714
15385,-0.5970226526260376,-15.554005652979017
15386,1.272096037864685,-15.519333368375898
15387,0.33353400230407715,-15.487666531637311
15388,1.0580580234527588,-15.453278400495648
15389,-4.724629878997803,-15.450950519636274
15390,-10.227624893188477,-15.478614843443037
15391,-14.733708381652832,-15.51515625961125
15392,-15.03531551361084,-15.519234109953047
15393,-18.754932403564453,-15.535363630369305
15394,-40.81610870361328,-15.670579998090863
15395,-44.06086730957031,-15.654711803510786
15396,-39.40080642700195,-15.637637416914105
15397,-45.53849792480469,-15.644820674970745
15398,-7.129308223724365,-15.6542936039716
15399,-5.369216442108154,-15.661659165456891
15400,-2.9313600063323975,-15.643873045042158
15401,-7.534424781799316,-15.641359754636884
15402,-5.022441864013672,-15.605258787229657
15403,-7.256225109100342,-15.564477039411663
15404,-5.53832483291626,-15.425230405882001
15405,-5.559567451477051,-15.273580934599043
15406,-5.331074237823486,-15.12812146385014
15407,-16.50509262084961,-14.843634052351117
15408,-17.400474548339844,-14.700862918928266
15409,-15.083552360534668,-14.733601162031293
15410,-57.91738510131836,-14.946727502897382
15411,-15.153307914733887,-14.977765501096844
15412,-17.745838165283203,-15.02332365424931
15413,-7.47157621383667,-15.023159792020916
15414,-12.209925651550293,-15.051345094755291
15415,-17.741191864013672,-15.090935695722699
15416,-15.645856857299805,-15.12560052497685
15417,-23.107532501220703,-15.159299892500043
15418,-44.96615219116211,-15.28290233619511
15419,-48.758426666259766,-15.424109378889202
15420,-25.519546508789062,-15.495575679853559
15421,-40.59869384765625,-15.645761326864362
15422,-10.227591514587402,-15.683695540979505
15423,-8.519283294677734,-15.704591775491833
15424,-4.876625061035156,-15.69682608564198
15425,-5.481016635894775,-15.691492745950818
15426,-7.707108497619629,-15.486168668344616
15427,-4.685850143432617,-15.252121190622448
15428,-5.416341781616211,-15.117672925546765
15429,-4.625712871551514,-14.92946290166676
15430,-15.73187255859375,-14.810519099786877
15431,-22.917417526245117,-14.737086124017834
15432,-16.276010513305664,-14.765872932031751
15433,-20.72538948059082,-14.821928189828991
15434,-18.096920013427734,-14.868363736703992
15435,-12.91451644897461,-14.902688035562635
15436,-13.407411575317383,-14.927685815408825
15437,-14.727009773254395,-14.968044154718518
15438,-11.878582954406738,-15.001862613275646
15439,-14.418399810791016,-15.037972770288587
15440,-21.264490127563477,-15.084034873560071
15441,-22.407766342163086,-15.117978072717786
15442,-36.80242919921875,-15.208757442072034
15443,-42.85747528076172,-15.330813598230481
15444,-43.55617141723633,-15.475698779657483
15445,-43.131011962890625,-15.626932937219738
15446,-9.74810791015625,-15.66383600075543
15447,-6.546908378601074,-15.670947708442807
15448,-6.963833332061768,-15.67077705605328
15449,-4.595933437347412,-15.649918888404965
15450,-5.735925197601318,-15.632662527397274
15451,-2.644857883453369,-15.584651031807065
15452,-7.282549858093262,-15.452974636390806
15453,-6.651267051696777,-15.350937279060483
15454,-15.850239753723145,-15.256403393104673
15455,-2.0418219566345215,-15.11921586830914
15456,-35.93083572387695,-15.221824743583799
15457,-7.439141750335693,-15.226523376777768
15458,-3.7108333110809326,-15.216467143371702
15459,-5.516409873962402,-15.223406416252255
15460,-4.66754150390625,-15.214069582298398
15461,-49.58076477050781,-15.400851734474301
15462,-5.298150062561035,-15.403768934562802
15463,-7.771349906921387,-15.411763828590512
15464,-7.790716648101807,-15.403227846458554
15465,-13.38040828704834,-15.403200464561582
15466,-17.506942749023438,-15.44961153061688
15467,-17.503345489501953,-15.499689049080015
15468,-1.0903639793395996,-15.49288440926373
15469,1.3553459644317627,-15.491600865200162
15470,1.2844799757003784,-15.490725489452482
15471,1.3115880489349365,-15.48883418519795
15472,0.6327099800109863,-15.481385915830732
15473,-4.902353286743164,-15.456275560453534
15474,-5.546415328979492,-15.411881891325116
15475,-10.786924362182617,-15.380063783720136
15476,-20.118404388427734,-15.301630037382244
15477,-39.979801177978516,-15.310241350248456
15478,-51.50044250488281,-15.353362459257244
15479,-37.19541931152344,-15.332978044584394
15480,-50.280391693115234,-15.4953208103925
15481,-8.462566375732422,-15.496035142973065
15482,-8.253758430480957,-15.517894640997053
15483,-7.302374839782715,-15.533893427923323
15484,-7.126441478729248,-15.53419069392979
15485,-5.668000221252441,-15.537630360677838
15486,-5.594550132751465,-15.527047696188092
15487,-2.7925965785980225,-15.505210716322065
15488,-51.502532958984375,-15.642306678846479
15489,-16.86182975769043,-15.680393987730145
15490,-10.740735054016113,-15.667115472868085
15491,-4.593393325805664,-15.653580667570234
15492,-3.825329303741455,-15.64720670516789
15493,1.3180500268936157,-15.6416765717417
15494,-43.9597053527832,-15.819614217177033
15495,-45.224849700927734,-15.97040585269034
15496,0.07189133018255234,-15.933928185746074
15497,-7.241581916809082,-15.903525056168437
15498,-10.891194343566895,-15.873014676377178
15499,-14.973613739013672,-15.846499989792704
15500,-16.17668342590332,-15.725717099472881
15501,-39.85211944580078,-15.711961346909403
15502,-29.823993682861328,-15.651148724839091
15503,-48.99738311767578,-15.674961774155497
15504,-53.60831069946289,-15.855855881974101
15505,-10.46126651763916,-15.860432748124003
15506,-5.303231716156006,-15.860333907410503
15507,-50.05927658081055,-16.040128514572977
15508,-5.377016544342041,-16.050062669083477
15509,-5.13944149017334,-16.051553767487405
15510,-7.055916786193848,-16.059462334915995
15511,-7.860508441925049,-16.056730857178568
15512,-6.344616413116455,-16.025826512619854
15513,-14.66549301147461,-16.016051686570048
15514,-13.422364234924316,-15.977032037064433
15515,-8.673643112182617,-15.924479493424297
15516,-11.663643836975098,-15.906642140671611
15517,-12.599100112915039,-15.879353902146221
15518,-8.866255760192871,-15.841625581070781
15519,-10.245382308959961,-15.868248971268535
15520,-15.761207580566406,-15.858201501175762
15521,-6.5062432289123535,-15.842306132599711
15522,-12.411846160888672,-15.824039096161723
15523,-18.471281051635742,-15.828683017060161
15524,-15.979424476623535,-15.732470481202006
15525,-35.92817687988281,-15.674760169312357
15526,-47.051151275634766,-15.76249092797935
15527,-51.377197265625,-15.624686362549662
15528,-32.773170471191406,-15.720033377930521
15529,-9.837374687194824,-15.731333644196392
15530,-9.07124137878418,-15.747690043732524
15531,-5.328591823577881,-15.74597664384544
15532,-4.928408145904541,-15.745255143448711
15533,-5.098275184631348,-15.743633178040385
15534,-7.652833461761475,-15.745377778336406
15535,-7.844150066375732,-15.745505755707622
15536,-5.352893829345703,-15.708739596650004
15537,-12.10136890411377,-15.699537471100689
15538,-10.708547592163086,-15.683021220490337
15539,-10.988348960876465,-15.676351790711283
15540,-12.649333000183105,-15.697790570542216
15541,-14.115599632263184,-15.75561316101253
15542,-13.424318313598633,-15.809492879599333
15543,-4.443698883056641,-15.812912880629302
15544,-16.582609176635742,-15.82955554267764
15545,-18.57072639465332,-15.858784607619047
15546,-14.01250171661377,-15.840105702131986
15547,-8.600234031677246,-15.789695305556059
15548,-22.269817352294922,-15.718834099501372
15549,-39.21150207519531,-15.691447777479887
15550,-41.528682708740234,-15.6540221183002
15551,-44.52396774291992,-15.634681420058012
15552,-51.69551086425781,-15.817069897383451
15553,-8.525725364685059,-15.832023892134428
15554,-6.739194869995117,-15.828765837401152
15555,-4.928191661834717,-15.829667603224516
15556,-7.579275131225586,-15.830761337965727
15557,-4.871853351593018,-15.827994051665067
15558,-4.912916660308838,-15.831238024443389
15559,-50.134456634521484,-15.825406801909208
15560,-5.935880184173584,-15.614590248793364
15561,-16.460994720458984,-15.613875641554595
15562,-6.495434761047363,-15.582087570875883
15563,-6.448048114776611,-15.590283117979764
15564,-4.977114677429199,-15.615819312781095
15565,0.11599399894475937,-15.614334040760994
15566,0.0497019998729229,-15.614658248737454
15567,0.5978080034255981,-15.612946952715516
15568,0.2579840123653412,-15.588836964145303
15569,1.3089599609375,-15.54863671542704
15570,-11.280801773071289,-15.5203571972996
15571,-10.163603782653809,-15.472130943790079
15572,-15.298446655273438,-15.352779152408242
15573,-14.41156005859375,-15.32271937610209
15574,-44.948238372802734,-15.320646362796426
15575,-49.14279556274414,-15.323242523685098
15576,-49.36003112792969,-15.485921947970986
15577,-8.40222454071045,-15.479043411746622
15578,-6.768449783325195,-15.485804710879922
15579,-6.796891689300537,-15.493616211429238
15580,-4.181666851043701,-15.483573046222329
15581,-4.601566791534424,-15.474078047290444
15582,-4.1855669021606445,-15.470035480991006
15583,-7.622933387756348,-15.466246246829629
15584,-7.1713714599609375,-15.441871643558144
15585,-10.145296096801758,-15.468008161082864
15586,-8.692702293395996,-15.446324414744973
15587,-4.6562418937683105,-15.403918479457497
15588,0.14699199795722961,-15.343792665854096
15589,0.18383799493312836,-15.316831516221166
15590,0.45763254165649414,-15.306362345650792
15591,1.1441160440444946,-15.261488361790777
15592,0.5672619938850403,-15.230821158602835
15593,1.120661973953247,-15.186712125971914
15594,-0.5318260192871094,-15.113812299922108
15595,-15.596528053283691,-15.103250948145986
15596,-5.428661346435547,-14.939139040187001
15597,-18.94189453125,-14.841729982569813
15598,-43.07090377807617,-14.868427461817861
15599,-39.1928825378418,-14.836054521754384
15600,-42.85499954223633,-14.964248853877187
15601,-6.059398174285889,-14.961481113627553
15602,-6.123541831970215,-14.959044246867299
15603,-4.675558567047119,-14.961005947306752
15604,-6.975858211517334,-14.972404146388174
15605,-6.765041828155518,-14.98861024017632
15606,-7.3042168617248535,-14.997915873721242
15607,-4.73633337020874,-14.995795359805227
15608,-3.613393783569336,-14.953221892550587
15609,-15.239481925964355,-14.959521620944143
15610,-4.1043219566345215,-14.948691882327198
15611,-3.77630877494812,-14.94678644581139
15612,1.278324007987976,-14.94369422979653
15613,0.30770599842071533,-14.947140382006765
15614,-0.3282099962234497,-14.952874022200703
15615,-1.9180799722671509,-14.961402851417661
15616,-0.17472399771213531,-14.940845100298525
15617,1.1899800300598145,-14.887783590212464
15618,-3.7064812183380127,-14.837429156199098
15619,-2.16264009475708,-14.782162251368165
15620,-20.460647583007812,-14.742204029932617
15621,-33.938053131103516,-14.72419228066504
15622,-14.246196746826172,-14.590381626978516
15623,-49.82952117919922,-14.619597294703127
15624,-43.3369026184082,-14.762520138636232
15625,-7.703583240509033,-14.773708844080568
15626,-8.886966705322266,-14.781152644053101
15627,-3.5111782550811768,-14.777297223940492
15628,-7.758458137512207,-14.78030845631659
15629,-4.689528465270996,-14.78169033612311
15630,-7.805258274078369,-14.794767269030213
15631,-5.484916687011719,-14.802461007967592
15632,-6.01116943359375,-14.781440488710999
15633,-15.759601593017578,-14.80872258938849
15634,-11.797079086303711,-14.642331437960268
15635,-7.139036655426025,-14.668499493971467
15636,-2.660069227218628,-14.6842281550318
15637,0.9218720197677612,-14.681874802961946
15638,1.4197139739990234,-14.68042817915976
15639,1.4869259595870972,-14.65558195580542
15640,1.4441399574279785,-14.608894896402955
15641,-3.3752400875091553,-14.563461023226381
15642,-6.365516185760498,-14.52878182591498
15643,-13.277849197387695,-14.506873493090271
15644,-6.444935321807861,-14.369388799563051
15645,-41.67111587524414,-14.359829793825746
15646,-48.5753288269043,-14.396527883425355
15647,-46.50832748413086,-14.40040720166266
15648,-31.124935150146484,-14.496389709368348
15649,-8.396050453186035,-14.50849704541266
15650,-8.5784330368042,-14.531085337534547
15651,-7.663883209228516,-14.531603171244264
15652,-6.891900062561035,-14.539081004038453
15653,-3.0781683921813965,-14.522368777170778
15654,-5.702883243560791,-14.523027010813355
15655,-51.18225860595703,-14.705517775431275
15656,-8.033289909362793,-14.716326638117433
15657,-11.15119743347168,-14.694911057367921
15658,-13.272865295410156,-14.678400620356202
15659,-7.628558158874512,-14.648580643549561
15660,-0.4403466582298279,-14.418672489777208
15661,1.4359140396118164,-14.352315601959825
15662,0.516543984413147,-14.27926607336104
15663,0.23884199559688568,-14.248424400523305
15664,0.641618013381958,-14.197018225863577
15665,-7.901663303375244,-14.157660111621022
15666,-13.180351257324219,-14.14779808922112
15667,-16.997039794921875,-14.123356118395925
15668,-18.782644271850586,-14.018622086718679
15669,-48.03357696533203,-14.015722687914968
15670,-44.309837341308594,-14.090883851245046
15671,-42.86412811279297,-14.099945588305593
15672,-41.25349807739258,-14.224049214556814
15673,-8.10181713104248,-14.222379349902273
15674,-9.1030912399292,-14.239285214617848
15675,-4.697983264923096,-14.236153081133962
15676,-2.669286012649536,-14.216001791194081
15677,-4.314374923706055,-14.214515890315175
15678,-3.0422780513763428,-14.205019635394216
15679,-6.870450019836426,-14.213998583987355
15680,-8.190980911254883,-14.183835017398
15681,-14.863067626953125,-14.151617617800833
15682,-18.134004592895508,-14.15904959411919
15683,-12.846691131591797,-14.127534800723195
15684,-11.537252426147461,-14.101296130374074
15685,-4.519651412963867,-14.06771667023003
15686,0.6994360089302063,-14.01128927989304
15687,0.6029919981956482,-13.949969272807241
15688,-5.593038558959961,-13.924827095225453
15689,-0.2471739947795868,-13.868142191961407
15690,-6.193439960479736,-13.807857991293073
15691,-20.357942581176758,-13.799658696249127
15692,-15.789239883422852,-13.715605938985943
15693,-38.909149169921875,-13.699812634542585
15694,-48.53276824951172,-13.719719021871686
15695,-45.19561767578125,-13.727977444723248
15696,-40.75252914428711,-13.851995129659771
15697,-10.635683059692383,-13.868350228384138
15698,-5.9847564697265625,-13.864433920934797
15699,-4.833075046539307,-13.865382487371564
15700,-7.198808193206787,-13.871234019353986
15701,-4.441770076751709,-13.87842166812718
15702,-5.032408237457275,-13.869421101644635
15703,-7.777633190155029,-13.873926566198469
15704,-5.887141227722168,-13.834074172094464
15705,-18.770591735839844,-13.900989251211286
15706,-16.262197494506836,-13.822314698293805
15707,-15.162543296813965,-13.853208304479718
15708,-12.463229179382324,-13.888217887952925
15709,-1.8763519525527954,-13.873657656267286
15710,-7.378874778747559,-13.88450298936665
15711,-5.094846725463867,-13.706559317186475
15712,-9.898475646972656,-13.724960619524122
15713,-9.259358406066895,-13.730912653520702
15714,-15.550390243530273,-13.761951347902418
15715,-15.529831886291504,-13.77054904229939
15716,-22.039812088012695,-13.788680519655347
15717,-38.910037994384766,-13.874307289674878
15718,-42.232818603515625,-14.038877108171583
15719,-44.39495849609375,-14.221878326013684
15720,-34.726497650146484,-14.365922236517072
15721,-8.6472749710083,-14.405757688596845
15722,-51.709190368652344,-14.615125289991498
15723,-7.95941686630249,-14.627353544309734
15724,-4.519553184509277,-14.623246095731854
15725,-50.51752471923828,-14.782168497160077
15726,-5.2917585372924805,-14.722861913755535
15727,-8.416583061218262,-14.596609041288495
15728,-6.278427600860596,-14.415720981672406
15729,-13.13456916809082,-14.319477581098676
15730,-11.904197692871094,-14.165972805097699
15731,-12.632322311401367,-14.182651828840376
15732,-2.8477160930633545,-14.161027659490705
15733,-2.5052733421325684,-14.141839253500104
15734,1.0369219779968262,-14.109185799673199
15735,0.4418039917945862,-14.084746582821012
15736,0.932889997959137,-14.058636822298169
15737,-6.911109447479248,-14.075110873773694
15738,-14.824589729309082,-13.928399100854993
15739,-2.9867680072784424,-13.872898853853345
15740,-15.29333782196045,-13.891109264925122
15741,-39.72311019897461,-14.031628132417797
15742,-53.088905334472656,-14.228682436540723
15743,-44.32269287109375,-14.411245408132672
15744,-48.75665283203125,-14.430433198049665
15745,-10.484774589538574,-14.291472897604107
15746,-6.538674831390381,-14.317915162250399
15747,-3.6600265502929688,-14.303588940784335
15748,-4.170616626739502,-14.276706629917026
15749,-5.9218831062316895,-14.240499707385897
15750,-6.563650131225586,-14.202047574207187
15751,-4.009633541107178,-14.058677630588413
15752,-4.9278059005737305,-13.959092879459261
15753,-11.831125259399414,-13.810427848026157
15754,-16.215206146240234,-13.660855429813266
15755,-7.828788757324219,-13.650325518772005
15756,-7.144965171813965,-13.657692452594638
15757,0.8519139885902405,-13.454047690317035
15758,1.1734379529953003,-13.427845872327685
15759,1.0205620527267456,-13.403205858156085
15760,-5.005189895629883,-13.39500295059383
15761,-7.027836799621582,-13.391672264024615
15762,-11.758095741271973,-13.413326181337238
15763,-14.855875968933105,-13.41408771316707
15764,-24.692502975463867,-13.459168268129229
15765,-12.521186828613281,-13.474558442994953
15766,-39.730201721191406,-13.586824674531817
15767,-46.95140075683594,-13.724233877107501
15768,-21.095043182373047,-13.773149026796222
15769,-7.4071831703186035,-13.761796230241655
15770,-50.889976501464844,-13.90231130592525
15771,-49.51988220214844,-14.074365861818194
15772,-7.462708473205566,-14.054569311067462
15773,-6.6597418785095215,-14.007323154374957
15774,-6.692458152770996,-13.970175289079547
15775,-4.612724781036377,-13.844913480684161
15776,-3.8668627738952637,-13.672176326677203
15777,-13.21289348602295,-13.519519111558795
15778,-13.261850357055664,-13.441473831102252
15779,-10.52905559539795,-13.444240554735064
15780,0.3379639983177185,-13.406603733226657
15781,0.6215680241584778,-13.382803093835712
15782,0.6692860126495361,-13.360412317201495
15783,-5.161335468292236,-13.360664558336138
15784,0.4038420021533966,-13.328437856480479
15785,-2.9854793548583984,-13.30900317363441
15786,-11.400548934936523,-13.333193794056774
15787,-11.148724555969238,-13.329383216664196
15788,-15.307255744934082,-13.347778049275279
15789,-33.48408126831055,-13.437760978505015
15790,-39.90399169921875,-13.546779613301158
15791,-43.89151382446289,-13.665883270069957
15792,-7.800918102264404,-13.64338966922462
15793,-2.3055052757263184,-13.6348368947953
15794,-3.0985593795776367,-13.580900695607067
15795,0.6933900117874146,-13.503844229981302
15796,-7.06741189956665,-13.476063870713114
15797,-10.858946800231934,-13.485098721787333
15798,-17.053817749023438,-13.464234723374247
15799,-7.560609817504883,-13.337631154343486
15800,-15.253373146057129,-13.232529916092753
15801,-49.312408447265625,-13.251683678910137
15802,-59.90293884277344,-13.284513390824198
15803,-49.283912658691406,-13.447546140000224
15804,-48.349491119384766,-13.613987324997783
15805,-54.189918518066406,-13.81103423242271
15806,-7.951666831970215,-13.812523799225689
15807,-7.112033367156982,-13.821484519287944
15808,-4.814761638641357,-13.821091899201274
15809,-8.03600788116455,-13.652698104187847
15810,-5.6616082191467285,-13.651601016327739
15811,-5.622386455535889,-13.608246583268047
15812,-6.446815013885498,-13.608052104279398
15813,-17.029077529907227,-13.650376221939922
15814,-13.331092834472656,-13.683792134568096
15815,-13.946684837341309,-13.74004284991324
15816,-4.838855266571045,-13.759597078979015
15817,-0.9933106899261475,-13.765961553752422
15818,-4.654641151428223,-13.785612054407597
15819,-3.7922580242156982,-13.80601692634821
15820,0.353628009557724,-13.759479207217693
15821,-8.107865333557129,-13.751256253421307
15822,-13.018834114074707,-13.742137803256512
15823,-23.48023223876953,-13.778412491977214
15824,-27.687976837158203,-13.709371445834636
15825,-49.38024139404297,-13.710321229159833
15826,-41.89455795288086,-13.680459336459636
15827,-51.67715072631836,-13.853559041202068
15828,-48.18944549560547,-14.019243024051189
15829,-55.01996612548828,-14.212135321795941
15830,-10.039199829101562,-14.235565453708173
15831,-5.196750164031982,-14.237946187198162
15832,-9.351175308227539,-14.25860862082243
15833,-5.131316661834717,-14.248642153918743
15834,-6.3535332679748535,-14.245370801150798
15835,-4.6314568519592285,-14.223315444171428
15836,-9.205430030822754,-14.225366355121135
15837,-12.673529624938965,-14.257435506045818
15838,-14.099270820617676,-14.314420557320117
15839,-14.888684272766113,-14.374710646390914
15840,-12.168587684631348,-14.425215527296066
15841,-2.714987277984619,-14.440651940584182
15842,-4.63287353515625,-14.461452482700349
15843,-7.872409343719482,-14.497424767971038
15844,-5.57094144821167,-14.517581229686737
15845,-11.992242813110352,-14.503164088726043
15846,-17.637775421142578,-14.552000545024871
15847,-23.726953506469727,-14.57114078092575
15848,-29.370250701904297,-14.516338168621063
15849,-34.25809097290039,-14.496599002361297
15850,-102.33940124511719,-14.734536609172821
15851,-59.44586181640625,-14.948082463741303
15852,-47.987728118896484,-15.115539208889007
15853,-9.701358795166016,-15.135642409801482
15854,-9.58116626739502,-15.146063642024995
15855,-4.938256740570068,-15.138756501674653
15856,-7.805366516113281,-15.140761100292206
15857,-5.171074867248535,-15.142500066280364
15858,-4.883769989013672,-15.147581571102142
15859,-7.970358371734619,-15.118505076885224
15860,-6.958946228027344,-15.129923573970794
15861,-12.013799667358398,-15.162873537540436
15862,-17.670543670654297,-15.238669008255005
15863,-16.014007568359375,-15.303955862522125
15864,-8.836779594421387,-15.337990140914917
15865,-5.498007774353027,-15.35230985212326
15866,-0.9558826684951782,-15.355434486806393
15867,0.33324599266052246,-15.35886142295599
15868,-5.820047378540039,-15.367315687596799
15869,-15.746464729309082,-15.421650986135006
15870,-12.812481880187988,-15.391058323323726
15871,-20.29810333251953,-15.336498524129391
15872,-23.23682975769043,-15.372461056172847
15873,-53.251869201660156,-15.386150448262692
15874,-54.59516906738281,-15.43118351405859
15875,-51.03254318237305,-15.604499353826046
15876,-46.70161819458008,-15.755757959783077
15877,-9.830816268920898,-15.781036511838437
15878,-7.795450210571289,-15.781184480130673
15879,-50.04140090942383,-15.962591969907283
15880,-49.95624923706055,-16.131195933759212
15881,-7.120049953460693,-16.137736466825007
15882,-5.497700214385986,-16.13568258994818
15883,-5.007275104522705,-16.0926732839942
15884,-5.2856764793396,-16.06662767356634
15885,-10.538511276245117,-16.080225572049617
15886,-12.445316314697266,-16.11936656039953
15887,-5.688296794891357,-16.145807235658168
15888,-1.2005887031555176,-16.156288446366787
15889,1.6726433038711548,-16.15554557698965
15890,0.4858500063419342,-16.159378736793993
15891,1.4912240505218506,-16.13991288024187
15892,-3.4487054347991943,-16.128245637238027
15893,-8.49592113494873,-16.10911792498827
15894,-1.9686379432678223,-16.09121273547411
15895,-15.550567626953125,-15.986730542480945
15896,-21.601964950561523,-15.878837086975574
15897,-50.51979064941406,-15.894882939636707
15898,-55.39867401123047,-15.991977895081043
15899,-55.58265686035156,-16.180724320709704
15900,-42.9616584777832,-16.318257222473623
15901,-8.157283782958984,-16.320230824768544
15902,-8.74114990234375,-16.327627824127674
15903,-3.3195300102233887,-16.328593270599843
15904,-50.067726135253906,-16.506052642166615
15905,-5.000124931335449,-16.32132410746813
15906,-4.858641624450684,-16.30862551432848
15907,-6.002641677856445,-16.28803129130602
15908,-7.728466510772705,-16.26585369616747
15909,-10.826842308044434,-16.27864683276415
15910,-13.287691116333008,-16.33003621059656
15911,-8.530889511108398,-16.369903424799443
15912,-1.0481820106506348,-16.376162328779696
15913,1.6932419538497925,-16.370344728946687
15914,1.0372240543365479,-16.368762304782866
15915,1.156864047050476,-16.332528195381165
15916,-2.4908392429351807,-16.28977014732361
15917,-8.153928756713867,-16.254397703170778
15918,-15.98679256439209,-16.24321429634094
15919,-16.14822006225586,-16.115672868728637
15920,-25.729352951049805,-16.041350931167603
15921,-51.77132034301758,-16.0769797000885
15922,-53.8501091003418,-16.127366144180296
15923,-24.958459854125977,-16.19479271507263
15924,-43.360660552978516,-16.331822992324827
15925,-8.537208557128906,-16.347179893493653
15926,-8.504441261291504,-16.37052051448822
15927,-7.4760332107543945,-16.383167147636414
15928,-8.815299987792969,-16.40625923538208
15929,-8.078149795532227,-16.411090034484864
15930,-8.317892074584961,-16.411597679138183
15931,-5.768424987792969,-16.375219108581543
15932,-8.63664436340332,-16.337229667663575
15933,-17.88107681274414,-16.357367210388183
15934,-13.094223022460938,-16.363595092773437
15935,-55.47095489501953,-16.56740030670166
15936,-8.92314624786377,-16.605890635728837
15937,-50.05694580078125,-16.808530386924744
15938,-4.985867977142334,-16.806101704597474
15939,-3.0765092372894287,-16.81741904556751
15940,-0.8395159840583801,-16.796003349661827
15941,-16.619150161743164,-16.781048179984094
15942,-17.246816635131836,-16.78687848699093
15943,-18.59615135192871,-16.705626495718956
15944,-25.37828826904297,-16.613008575797082
15945,-25.800350189208984,-16.53542750585079
15946,-61.684696197509766,-16.619156174063683
15947,-53.874752044677734,-16.792112450003625
15948,-25.665576934814453,-16.870835731863977
15949,-8.353866577148438,-16.884918897986413
15950,-52.45463180541992,-17.065942192435266
15951,-5.263266563415527,-17.06922817838192
15952,-5.0412917137146,-17.06926371228695
15953,-4.882800102233887,-17.057684379935264
15954,-7.758349895477295,-17.065169214606286
15955,-6.084108352661133,-17.01442328107357
15956,-9.314713478088379,-16.986633345007895
15957,-12.69040298461914,-16.976744783759116
15958,-15.098950386047363,-16.98728766858578
15959,-10.638638496398926,-17.02233681476116
15960,-6.865738868713379,-17.020284271121024
15961,1.686959981918335,-16.993157044291497
15962,1.2913700342178345,-16.948397661566734
15963,-4.212932586669922,-16.928211958289147
15964,-5.9957075119018555,-16.889993227362634
15965,-8.195687294006348,-16.86065664899349
15966,-18.704484939575195,-16.847315340399742
15967,-21.511131286621094,-16.777719713568686
15968,-22.04502296447754,-16.696968531012534
15969,-50.85077667236328,-16.722791803717612
15970,-49.577964782714844,-16.782197672247886
15971,-60.25095748901367,-16.98861240231991
15972,-24.568769454956055,-16.880050718665125
15973,-11.89180850982666,-16.89578028523922
15974,-7.10504150390625,-16.906122238516808
15975,-3.985445261001587,-16.719993920683862
15976,-7.865600109100342,-16.730289286971093
15977,-5.57765007019043,-16.71893355500698
15978,-6.178575038909912,-16.71853414475918
15979,-6.039474964141846,-16.690153767943382
15980,-9.25282096862793,-16.67954826104641
15981,-12.776030540466309,-16.68012309396267
15982,-17.70391082763672,-16.739547872900964
15983,-12.564374923706055,-16.779784279227258
15984,-0.004366000182926655,-16.783949431139977
15985,-4.414346218109131,-16.80337403197959
15986,0.8967440128326416,-16.803518615920098
15987,-1.0271660089492798,-16.77998284216598
15988,-2.6279993057250977,-16.73119648047164
15989,-54.460662841796875,-16.937092059809714
15990,-17.716230392456055,-16.946783630091698
15991,-14.434886932373047,-16.845630737025292
15992,-66.31878662109375,-16.898550262171774
15993,-49.83262252807617,-16.920589980799704
15994,-49.33147430419922,-16.922889266688376
15995,-59.12001419067383,-17.117430225092917
15996,-43.37662124633789,-17.264782010752707
15997,-9.184499740600586,-17.286879903513938
15998,-7.618433475494385,-17.30067117090896
15999,-4.807173252105713,-17.296212331492455
16000,-6.2489914894104,-17.294953696925194
16001,-5.208449840545654,-17.299748962122948
16002,-6.486350059509277,-17.305983138758688
16003,-8.67300796508789,-17.293350669581443
16004,-8.896748542785645,-17.264076839167625
16005,-15.951508522033691,-17.296567718226463
16006,-5.157214164733887,-17.28861671419814
16007,-10.221965789794922,-17.33291223331168
16008,-8.658706665039062,-17.372240811783822
16009,-4.019405364990234,-17.39240068145469
16010,1.6854660511016846,-17.365638057667763
16011,1.6345080137252808,-17.330988678414375
16012,-2.3585894107818604,-17.293390653092413
16013,-8.843616485595703,-17.269341615159064
16014,-10.524795532226562,-17.212670785386116
16015,-21.613521575927734,-17.249040124375373
16016,-25.229291915893555,-17.191036485154182
16017,-34.886539459228516,-17.142777039963754
16018,-55.40354919433594,-17.280011064011603
16019,-48.393821716308594,-17.443957618195565
16020,-54.101478576660156,-17.456803626496345
16021,-11.607649803161621,-17.3051546969004
16022,-7.66349983215332,-17.30595786233619
16023,-4.261710166931152,-17.296365735489875
16024,-5.619466781616211,-17.292073770005256
16025,-5.5453667640686035,-17.295804337937383
16026,-6.161133289337158,-17.30498141999915
16027,-7.046000003814697,-17.28031384607032
16028,-9.4116849899292,-17.264913184601813
16029,-14.067294120788574,-17.279066138703374
16030,-9.31954288482666,-17.317696166235955
16031,-7.28886079788208,-17.349337881524114
16032,-2.9864399433135986,-17.363960785347967
16033,0.013191333040595055,-17.343262678142636
16034,1.4614859819412231,-17.339032102223484
16035,1.380676031112671,-17.3215674806796
16036,1.2058546543121338,-17.27114186632261
16037,-8.35084342956543,-17.259950341816992
16038,-11.354345321655273,-17.244138700123877
16039,-20.023149490356445,-17.190294973012058
16040,-14.260001182556152,-17.08771901094541
16041,-46.59477615356445,-17.098532060261817
16042,-96.59203338623047,-17.45369652139768
16043,-94.9787368774414,-17.824389447804542
16044,-47.830345153808594,-18.003316590901463
16045,-10.189399719238281,-18.046847749825567
16046,-10.588558197021484,-18.060932335015387
16047,-7.15850830078125,-18.046130581017582
16048,-7.546341896057129,-18.008100677605718
16049,-3.963360071182251,-17.99371167862043
16050,-5.319383144378662,-17.953975718613712
16051,-5.460000038146973,-17.77856608497724
16052,-50.33369445800781,-17.740289107438176
16053,-14.720172882080078,-17.602034148331732
16054,-11.757266998291016,-17.455665251847357
16055,-0.9524486660957336,-17.242715372439473
16056,-4.99806547164917,-17.23090096699819
16057,1.7103780508041382,-17.195611321326346
16058,0.3929080069065094,-17.174780642744153
16059,0.3747760057449341,-17.141137507196515
16060,-4.789529323577881,-17.13764919161424
16061,-10.12145709991455,-17.155645474191754
16062,-14.349494934082031,-17.187256193872543
16063,-14.686188697814941,-17.17788463854417
16064,-18.938318252563477,-17.200313540216534
16065,-43.23342514038086,-17.317460501428695
16066,-24.006624221801758,-17.394131577249617
16067,-44.90346145629883,-17.569772180315105
16068,-45.174964904785156,-17.731853475328535
16069,-7.255450248718262,-17.745706244226547
16070,-6.362850189208984,-17.77257215702161
16071,-50.088199615478516,-17.940493494149298
16072,-52.8016242980957,-18.099624654885382
16073,-5.870908260345459,-18.029187358971686
16074,-50.15060043334961,-18.11903785335645
16075,-8.444100379943848,-17.955293289300055
16076,-5.356625080108643,-17.809141557808964
16077,-10.368042945861816,-17.64390512668714
16078,-53.26288604736328,-17.66419888889417
16079,-50.43223571777344,-17.64584796726331
16080,-47.1046142578125,-17.794109624978155
16081,1.6671420335769653,-17.76665405618772
16082,-43.537139892578125,-17.903397914525122
16083,1.0398999452590942,-17.878713048096746
16084,0.510097324848175,-17.851258525725456
16085,-2.1021785736083984,-17.84114141261205
16086,-14.714014053344727,-17.86317574870214
16087,-15.494256973266602,-17.87445865809545
16088,-21.017532348632812,-17.90213170420751
16089,-46.029266357421875,-18.026694032546132
16090,-27.710994720458984,-18.088863660689444
16091,-46.595664978027344,-18.264386371489614
16092,-40.63194274902344,-18.408382648345082
16093,-8.18815803527832,-18.40964564311132
16094,-6.891191482543945,-18.41492664324865
16095,-6.19742488861084,-18.39174737155065
16096,-7.904383182525635,-18.35281380259618
16097,-7.8069915771484375,-18.289133954878896
16098,-7.9721999168396,-18.203541751738637
16099,-6.334575176239014,-18.091847688551994
16100,-8.340367317199707,-17.715851552840324
16101,-13.3130464553833,-17.53132029139623
16102,-14.754056930541992,-17.39838560664281
16103,-9.955875396728516,-17.39940367304906
16104,-8.800294876098633,-17.396280187483878
16105,-5.45550537109375,-17.398349182005973
16106,-3.0364320278167725,-17.379273444052785
16107,1.7536859512329102,-17.35157440077886
16108,-14.086348533630371,-17.388384714957326
16109,-8.079484939575195,-17.38882122122869
16110,-14.311805725097656,-17.41823265921697
16111,-23.59709930419922,-17.464565857764335
16112,-24.087217330932617,-17.49023255240545
16113,-56.17999267578125,-17.650896492835134
16114,-52.88966751098633,-17.827108044501394
16115,-52.71854019165039,-18.015990174170582
16116,-93.15486907958984,-18.38478611981496
16117,-7.723391532897949,-18.417012669917195
16118,-7.41010856628418,-18.42337291466817
16119,-5.923558235168457,-18.38408128869161
16120,-7.620116710662842,-18.363311828013508
16121,-3.0468039512634277,-18.294306630488485
16122,-8.67788314819336,-18.236070844050495
16123,-5.996250152587891,-18.04704836785421
16124,-6.5580525398254395,-17.854899901743977
16125,-7.316413402557373,-17.680035382624716
16126,-11.267721176147461,-17.538299794550984
16127,-9.396757125854492,-17.53656355797872
16128,-11.156309127807617,-17.550006993647663
16129,-10.019417762756348,-17.389919061060993
16130,-43.793094635009766,-17.365266442652793
16131,-44.98920822143555,-17.51674307572469
16132,-41.361671447753906,-17.660198960658164
16133,-38.36783981323242,-17.793641219493
16134,-9.836833000183105,-17.811845845576375
16135,-4.329278469085693,-17.787008914347737
16136,-48.653648376464844,-17.931842242594808
16137,-6.734274864196777,-17.93602615487203
16138,-4.7006916999816895,-17.950026566859336
16139,-6.831124782562256,-17.984041639205067
16140,-4.550650119781494,-18.004187639709563
16141,-7.078774929046631,-18.038467635627836
16142,-7.7003960609436035,-18.055474398132414
16143,-13.857179641723633,-18.076919432159514
16144,-4.514793872833252,-18.087104055877774
16145,1.273427963256836,-18.019808073516934
16146,-43.79536819458008,-18.10858168649301
16147,-1.8511719703674316,-17.913907211776824
16148,1.1826720237731934,-17.68758182763681
16149,-0.04207399860024452,-17.465419496189803
16150,0.9328600168228149,-17.289841422211378
16151,-0.5271220207214355,-17.25932077516243
16152,-14.361722946166992,-17.281803067337723
16153,-10.274947166442871,-17.3096247359626
16154,-35.94679641723633,-17.253141017090527
16155,-84.64774322509766,-17.571731490265577
16156,-86.96903991699219,-17.900173083435742
16157,-47.24134063720703,-18.065127879273145
16158,-7.728499889373779,-18.06512801278755
16159,-6.190925121307373,-18.046584344040603
16160,-4.627133369445801,-18.011942113053053
16161,-6.777500152587891,-18.00492855561897
16162,-3.6982734203338623,-18.015528921257705
16163,-6.916708469390869,-18.049968722950666
16164,-5.390991687774658,-18.075681585919114
16165,-8.193416595458984,-18.11308270848915
16166,-18.760427474975586,-18.17816106141731
16167,-4.838092803955078,-18.164897717606276
16168,-10.323369979858398,-18.14224402726814
16169,-5.3446855545043945,-18.099029889237137
16170,0.6268240213394165,-17.99360518134758
16171,0.5983480215072632,-17.78412650788948
16172,-1.7777400016784668,-17.575837031494824
16173,1.1862720251083374,-17.47125810397789
16174,-3.8500993251800537,-17.313215859066695
16175,-0.794156014919281,-17.282243648897857
16176,-7.542788505554199,-17.278397037874907
16177,-20.160511016845703,-17.329134949099274
16178,-40.01633834838867,-17.453939102541657
16179,-38.04597854614258,-17.573810417544095
16180,-39.59587478637695,-17.698922348391264
16181,-35.73532485961914,-17.81878994787857
16182,-10.250450134277344,-17.825245170962067
16183,-9.008625030517578,-17.78975536383316
16184,-4.771758556365967,-17.75646550596878
16185,-4.959716796875,-17.5544205535762
16186,-4.822133541107178,-17.538016502749176
16187,-5.028941631317139,-17.35790448607132
16188,-2.422463893890381,-17.34765086973831
16189,-5.720324993133545,-17.358226132761686
16190,-16.70119285583496,-17.421672840248792
16191,-13.793647766113281,-17.410370830666274
16192,-9.43459415435791,-17.37912194074318
16193,-3.6588120460510254,-17.319372583519666
16194,-0.3904919922351837,-17.219421398412436
16195,1.1390939950942993,-17.111663621675223
16196,0.4616200029850006,-16.863078356873245
16197,1.1100599765777588,-16.643139108788223
16198,-3.9540646076202393,-16.556293059479444
16199,-4.2537841796875,-16.5398927298896
16200,-14.714171409606934,-16.388930888306348
16201,-5.057107925415039,-16.388106253754348
16202,-23.561580657958984,-16.462187409531325
16203,-45.433868408203125,-16.624391682755203
16204,-39.51961898803711,-16.75143675912544
16205,-35.92229080200195,-16.870789488922803
16206,-10.018941879272461,-16.873606402527543
16207,-7.930166721343994,-16.85456545747444
16208,-4.289241790771484,-16.811326623093336
16209,-4.169641494750977,-16.785450635086747
16210,-6.351641654968262,-16.783394246231765
16211,-3.2923433780670166,-16.803311459671708
16212,-4.06130838394165,-16.824722173344345
16213,-5.321441650390625,-16.829156209599226
16214,-56.54851150512695,-17.031367425572128
16215,-14.521350860595703,-17.056670079838483
16216,-7.593897819519043,-17.01222773135826
16217,-3.9443247318267822,-16.941960505139082
16218,-0.1294093281030655,-16.854298050593584
16219,0.04503000155091286,-16.65071482389793
16220,0.02075199969112873,-16.452319956768303
16221,0.4087899923324585,-16.20968096684292
16222,0.9219599962234497,-16.1077180490382
16223,-8.843572616577148,-16.095525105465203
16224,-10.696155548095703,-16.10988956164196
16225,-7.460484981536865,-16.1237897205241
16226,-35.90796661376953,-16.23595918654278
16227,-42.85234069824219,-16.385057949054985
16228,-36.75233459472656,-16.507352987278253
16229,-32.98887634277344,-16.61515059279278
16230,-9.330158233642578,-16.615459941852837
16231,-7.864083290100098,-16.595812152851373
16232,-6.895366668701172,-16.55257797621563
16233,-4.134974956512451,-16.518860376346858
16234,-6.603841781616211,-16.545258279472588
16235,-4.662991523742676,-16.546252860695123
16236,-3.5030667781829834,-16.563852103859187
16237,-3.0670158863067627,-16.572011503368618
16238,-8.176470756530762,-16.59420538917184
16239,-8.621231079101562,-16.410847662121057
16240,-49.49744415283203,-16.53797251716256
16241,1.1816999912261963,-16.475506169468165
16242,1.057446002960205,-16.20600123897195
16243,1.025081992149353,-16.002570420891047
16244,-2.5111300945281982,-15.815289044052362
16245,-0.43082401156425476,-15.580532283335923
16246,0.41203001141548157,-15.40537767830491
16247,-0.21421800553798676,-15.36949655136466
16248,-11.373491287231445,-15.384516782611609
16249,-13.742183685302734,-15.420256824344397
16250,-38.451812744140625,-15.549068109363317
16251,-39.25735092163086,-15.68526371368766
16252,-35.822662353515625,-15.802608962863683
16253,-40.75581741333008,-15.930940200656652
16254,-8.901049613952637,-15.93095740494132
16255,-7.511674880981445,-15.897198070377112
16256,-7.239866733551025,-15.90552868065238
16257,-7.386008262634277,-15.894184850543738
16258,-5.288175106048584,-15.880702724307776
16259,-4.504608154296875,-15.882643535465002
16260,-2.724342107772827,-15.9002827681005
16261,-5.379075050354004,-15.928337100356817
16262,-13.814963340759277,-15.974162596076727
16263,-12.922883033752441,-15.990479662269355
16264,-0.41479000449180603,-15.950039640158415
16265,-5.158428192138672,-15.884219266623258
16266,0.5619879961013794,-15.78105414697528
16267,-0.8277980089187622,-15.64481918117404
16268,0.6064839959144592,-15.420779048413038
16269,-0.5079140067100525,-15.229235417574644
16270,0.911512017250061,-15.009183455199004
16271,-5.1948933601379395,-14.983532429426909
16272,-2.186798095703125,-14.961625622481108
16273,-20.40237045288086,-15.026188263624906
16274,-34.13134765625,-15.140235787123443
16275,-44.08258819580078,-15.29438467285037
16276,-43.110618591308594,-15.442182614058256
16277,-42.210838317871094,-15.582841967314481
16278,-10.50784969329834,-15.587226626127958
16279,-7.29473352432251,-15.560136383742094
16280,-2.60561203956604,-15.53328066036105
16281,-2.917409896850586,-15.515794856756926
16282,-4.033899784088135,-15.519984696120023
16283,-2.7147748470306396,-15.530896560840308
16284,-6.937183380126953,-15.564491238288582
16285,-5.876541614532471,-15.593520108871163
16286,-17.17041015625,-15.66702516811341
16287,-13.977082252502441,-15.68953012340516
16288,-8.52405071258545,-15.67820894496888
16289,-2.6774373054504395,-15.608826096229254
16290,0.9309859871864319,-15.548062147550285
16291,1.1059919595718384,-15.35725907509774
16292,-0.5979440212249756,-14.973282717637717
16293,1.1779919862747192,-14.588655802182853
16294,0.28983065485954285,-14.39617509894818
16295,-8.95026969909668,-14.391218578867614
16296,-8.976920127868652,-14.384772026591003
16297,-16.062973022460938,-14.420389885477721
16298,-35.368690490722656,-14.531679279856384
16299,-17.046289443969727,-14.584010997347534
16300,-41.24418640136719,-14.727710210375488
16301,-45.434757232666016,-14.887609239153564
16302,-5.657150745391846,-14.708903064303101
16303,-8.512350082397461,-14.68407177310437
16304,-6.3945417404174805,-14.662620872072875
16305,-6.973366737365723,-14.686704544357955
16306,-6.897208213806152,-14.694301115326583
16307,-2.75465989112854,-14.712161267094315
16308,-5.357191562652588,-14.73516166537255
16309,-8.171424865722656,-14.769346468858421
16310,-14.305988311767578,-14.80741230481118
16311,-7.972134590148926,-14.798815014772117
16312,-6.369612693786621,-14.766895485810936
16313,-46.67689895629883,-14.89485832684487
16314,0.1292559951543808,-14.818588029854
16315,-1.0192079544067383,-14.649731161110104
16316,0.5521060228347778,-14.551496240131558
16317,0.18988800048828125,-14.371122842304409
16318,-2.999246597290039,-14.202419969074429
16319,-7.2786641120910645,-14.202512824527918
16320,-13.267778396606445,-14.230132537357509
16321,-16.3914794921875,-14.095345656864344
16322,-36.89774703979492,-14.031730147831142
16323,-46.203495025634766,-14.193060494892299
16324,-48.15283203125,-14.1850694212839
16325,-45.835086822509766,-14.334633367054165
16326,-9.824158668518066,-14.352503501407803
16327,-6.6550798416137695,-14.33765164899081
16328,-4.809241771697998,-14.143837071888148
16329,-49.543392181396484,-14.14028169774264
16330,-5.39662504196167,-13.973449740879238
16331,-4.6489081382751465,-13.998713941566646
16332,-50.01420974731445,-14.024622220985592
16333,-51.26860046386719,-14.233856222622096
16334,-56.78651809692383,-14.463042684309185
16335,-10.67855453491211,-14.4973481881544
16336,-5.321259498596191,-14.459777169935405
16337,-45.55492401123047,-14.58001983808726
16338,-43.8226203918457,-14.671240190260113
16339,-43.83259201049805,-14.662453492872418
16340,-43.817291259765625,-14.726878679029644
16341,1.2072240114212036,-14.53566712307185
16342,0.28123199939727783,-14.372014424078166
16343,-0.07078800350427628,-14.33954494395107
16344,-10.038080215454102,-14.35213249888271
16345,-15.47331428527832,-14.38923605646938
16346,-34.74225997924805,-14.49658756365627
16347,-17.333126068115234,-14.534692101620138
16348,-20.515466690063477,-14.584865168713034
16349,-35.11909484863281,-14.70000324740261
16350,-9.970624923706055,-14.706524277828633
16351,-8.077608108520508,-14.685582524441182
16352,-3.742690086364746,-14.641537057064474
16353,-4.328458309173584,-14.619027388714255
16354,-7.243008136749268,-14.612798241756856
16355,-7.034900188446045,-14.619115821026266
16356,-7.278649806976318,-14.636084692142903
16357,-5.489574909210205,-14.665057735584677
16358,-7.201553821563721,-14.63751855673641
16359,-13.727110862731934,-14.660109060429036
16360,-4.176551818847656,-14.619568044804037
16361,1.1834419965744019,-14.520445879600942
16362,-0.4483639895915985,-14.425890466235579
16363,0.6142780184745789,-14.198713383458555
16364,0.07388599961996078,-13.98685916941613
16365,-3.4585158824920654,-13.789819072179496
16366,-3.114089250564575,-13.429655952863396
16367,-0.3535040020942688,-13.40017640274018
16368,-12.901864051818848,-13.42214342468232
16369,-15.349929809570312,-13.459848910979927
16370,-21.244943618774414,-13.514348218612373
16371,-39.286869049072266,-13.659308479003608
16372,-46.94829559326172,-13.812390128783882
16373,-38.52965545654297,-13.942523749999703
16374,-7.739224910736084,-13.947248439483344
16375,-8.348008155822754,-13.951374818496406
16376,-5.973991870880127,-13.930199901275337
16377,-2.949143409729004,-13.904409446410835
16378,-4.579466819763184,-13.878102077178657
16379,-3.845508337020874,-13.853406439475716
16380,-6.5386247634887695,-13.704388559989631
16381,-5.18179988861084,-13.545158926658333
16382,-8.797079086303711,-13.414900557212531
16383,-8.774979591369629,-13.29652911632508
16384,-48.078155517578125,-13.44949440639466
16385,1.1243159770965576,-13.427680028609931
16386,-0.3036400079727173,-13.234279995135964
16387,1.0060739517211914,-13.203318599872292
16388,-1.2306220531463623,-13.18943832128495
16389,-0.48404601216316223,-13.164050006203354
16390,1.047959327697754,-13.141655568413437
16391,-8.152325630187988,-13.145949771218001
16392,-1.6386419534683228,-13.121702754788101
16393,-17.2957820892334,-13.13545716457814
16394,-13.453487396240234,-13.171211938671767
16395,-79.18898010253906,-13.493061570934952
16396,-36.86316680908203,-13.46533276539296
16397,-75.68797302246094,-13.760679969601334
16398,-8.727391242980957,-13.80032022266835
16399,-5.57949161529541,-13.82246989313513
16400,-3.325178384780884,-13.839502046741545
16401,-49.0046501159668,-14.033412159122527
16402,-5.867499828338623,-13.999435266651213
16403,-6.754641532897949,-13.985354044117033
16404,-2.889131784439087,-13.853123385585844
16405,-5.513083457946777,-13.53658474651724
16406,-15.060359001159668,-13.248950022853911
16407,-10.01306438446045,-13.100036917842925
16408,-6.799424648284912,-13.09632061687857
16409,-0.6294673085212708,-13.074074785627424
16410,1.0527299642562866,-13.051355332292616
16411,-1.1551419496536255,-13.028865899480879
16412,-0.9946320056915283,-13.01805133382231
16413,-0.6329299807548523,-12.992916219867766
16414,1.0359899997711182,-12.967208293117583
16415,-6.569284439086914,-12.960711764492094
16416,-12.295902252197266,-12.93485366360098
16417,-18.272592544555664,-12.988591662563383
16418,-37.674739837646484,-13.097997141994536
16419,-33.928741455078125,-13.21233336559683
16420,-82.813232421875,-13.546093591369688
16421,-34.284297943115234,-13.68562417522818
16422,-3.817108392715454,-13.693781648792326
16423,-7.569524765014648,-13.728804835952818
16424,-2.8794660568237305,-13.724922302879394
16425,-7.261316776275635,-13.750790945924818
16426,-6.442749977111816,-13.746390791811049
16427,-4.444375038146973,-13.683526247896253
16428,-7.559124946594238,-13.553697394289076
16429,-7.415800094604492,-13.431176680482924
16430,-14.159891128540039,-13.329432745851577
16431,-15.849817276000977,-13.249890715517104
16432,-10.812397003173828,-13.25213850299269
16433,0.7807440161705017,-13.212981026805938
16434,1.2453839778900146,-13.188912456668913
16435,0.6114519834518433,-13.166627781547605
16436,1.1628719568252563,-13.142687759555876
16437,-0.4158119857311249,-13.124235240973531
16438,0.43539199233055115,-13.112803817428649
16439,0.01235399954020977,-13.089873101457954
16440,-15.68205738067627,-13.085796559557318
16441,-18.71574592590332,-13.105484952196479
16442,-30.6480770111084,-13.19033888362348
16443,-44.87172317504883,-13.355190528139472
16444,-41.12892150878906,-13.518144246205688
16445,-43.194129943847656,-13.695477141961454
16446,-8.248825073242188,-13.730318922266363
16447,-51.23306655883789,-13.939691428408027
16448,-4.894824981689453,-13.943454469904303
16449,-4.751824855804443,-13.945446632608771
16450,-4.88670015335083,-13.906136747583746
16451,-4.754858493804932,-13.904927749857306
16452,-50.1820182800293,-14.011409500345588
16453,-50.324256896972656,-14.030971054300666
16454,-60.07791519165039,-14.113204239115118
16455,-53.39838409423828,-14.183108612284064
16456,-5.817724704742432,-14.166303743585944
16457,-44.30052185058594,-14.311785164102911
16458,-43.74235916137695,-14.469597633585334
16459,0.467056006193161,-14.451050843581557
16460,1.0584900379180908,-14.421410316810013
16461,0.6056740283966064,-14.405818247184158
16462,-0.8117413520812988,-14.392819979056716
16463,-8.482481002807617,-14.405464136466383
16464,1.2675960063934326,-14.174199706420302
16465,1.2779099941253662,-14.111002663001418
16466,-2.570735216140747,-14.090910012587905
16467,-4.8733134269714355,-14.094625967368483
16468,-7.806217193603516,-14.125333198830486
16469,-16.490888595581055,-14.191476873219013
16470,-6.870178699493408,-14.219040596015752
16471,-40.63327407836914,-14.383208852298559
16472,-52.71251678466797,-14.597746759422124
16473,-31.10047721862793,-14.686774377830327
16474,-41.98677062988281,-14.811936838157475
16475,-53.7179069519043,-14.996966526038944
16476,-51.79596710205078,-15.06051852799207
16477,-49.6795654296875,-15.087827426917851
16478,-4.92591667175293,-14.960521755225956
16479,-7.555224895477295,-14.858787149436772
16480,-7.637016773223877,-14.852014583595096
16481,-3.7509233951568604,-14.835561944015325
16482,-5.815182209014893,-14.831241206176578
16483,-10.9787015914917,-14.858616112716495
16484,-12.336241722106934,-14.88154571247846
16485,-6.296520709991455,-14.888079829223454
16486,1.3240059614181519,-14.86877153826505
16487,1.4224859476089478,-14.850813530929386
16488,1.420956015586853,-14.812423823840916
16489,1.424340009689331,-14.772241539485753
16490,1.417248010635376,-14.568582770831883
16491,0.43490999937057495,-14.571569930799306
16492,-7.807546138763428,-14.6070298993662
16493,-10.815213203430176,-14.654391080148518
16494,-17.4265193939209,-14.71405263734609
16495,-37.64299011230469,-14.862901301749051
16496,-41.04468536376953,-15.028728163249792
16497,-39.452903747558594,-15.185682906217874
16498,-48.108943939208984,-15.332624716825784
16499,-11.038900375366211,-15.321811583586037
16500,-5.073673248291016,-15.188299025602639
16501,-49.53678512573242,-15.229416762419046
16502,-5.130233287811279,-15.106647046156228
16503,-5.148541450500488,-14.96421794230491
16504,-3.2314751148223877,-14.941539644308389
16505,-5.577974796295166,-14.933804843969643
16506,-5.577885150909424,-14.927156917639076
16507,-12.391786575317383,-14.94718003088981
16508,-11.55322265625,-14.972240221090615
16509,-8.60672378540039,-14.988648683615029
16510,-3.8478946685791016,-14.993142893858254
16511,0.929062008857727,-14.967910345621407
16512,1.210752010345459,-14.907807484216988
16513,0.622107982635498,-14.853627520151436
16514,0.568198025226593,-14.849695568032562
16515,-3.6149532794952393,-14.843521668381989
16516,-8.491931915283203,-14.879737348027527
16517,-12.659948348999023,-14.927065949387849
16518,-17.163414001464844,-14.998145541377365
16519,-32.70204162597656,-15.126922051854432
16520,-14.452346801757812,-15.188377487130463
16521,-37.70505905151367,-15.318418149895965
16522,-39.330055236816406,-15.46699117846042
16523,-7.313258171081543,-15.414634729333223
16524,-6.14769983291626,-15.302700138039887
16525,-3.971174955368042,-15.142254485078157
16526,-4.090775012969971,-14.986175110764801
16527,-4.317733287811279,-14.834602690644562
16528,-6.387825012207031,-14.818122591920197
16529,-5.0616583824157715,-14.80919029135257
16530,-4.818961143493652,-14.81804368776828
16531,-9.666251182556152,-14.845039052911103
16532,-6.005757808685303,-14.852926485009492
16533,-6.684711933135986,-14.868806233353913
16534,1.3187880516052246,-14.835782347626985
16535,0.7615180015563965,-14.809230109162629
16536,-1.4204939603805542,-14.746230444379151
16537,1.2876659631729126,-14.68517145151645
16538,0.8417199850082397,-14.647708368726075
16539,-1.184139370918274,-14.641735176987947
16540,-4.75708532333374,-14.664487462230026
16541,-9.681448936462402,-14.707637225814164
16542,-17.163684844970703,-14.773900189109147
16543,-13.208353042602539,-14.831445569224655
16544,-38.003421783447266,-14.984618578977884
16545,-38.0841064453125,-15.101153925962747
16546,-42.6492919921875,-15.235843413420021
16547,-9.503600120544434,-15.209605921812356
16548,-6.343999862670898,-15.093507159300149
16549,-7.2794084548950195,-15.054439635343849
16550,-4.879549980163574,-14.908981089659035
16551,-7.532800197601318,-14.757373261518776
16552,-5.093508243560791,-14.755118691511452
16553,-5.417425155639648,-14.742738991804421
16554,-8.613212585449219,-14.751613675184547
16555,-14.839621543884277,-14.783078694410623
16556,-12.340500831604004,-14.804851864881813
16557,-8.33484172821045,-14.827172592230141
16558,-2.9544007778167725,-14.817561429090798
16559,-4.735779762268066,-14.803818848676979
16560,0.811214029788971,-14.743350039310753
16561,0.24538415670394897,-14.710479964323342
16562,-1.4512053728103638,-14.690806335039436
16563,-2.9973647594451904,-14.516088198252023
16564,-5.9249114990234375,-14.540304868228734
16565,-11.420742988586426,-14.581911008365452
16566,-7.922224521636963,-14.61580833054334
16567,-36.17555618286133,-14.761270107276738
16568,-23.97957992553711,-14.845191440589726
16569,-42.988258361816406,-14.988029817588627
16570,-42.33168411254883,-15.104285440452397
16571,-8.337224960327148,-15.072068422324955
16572,-6.631733417510986,-14.95100436783582
16573,-5.268683433532715,-14.787265121467412
16574,-7.5417914390563965,-14.624820959098637
16575,-7.295766830444336,-14.470663679130375
16576,-7.2113752365112305,-14.460212545402348
16577,-5.416991710662842,-14.455260192878544
16578,-4.077498435974121,-14.45233321953565
16579,-16.89482879638672,-14.32173896599561
16580,-16.28571319580078,-14.365295318610967
16581,-9.280174255371094,-14.38382038307935
16582,-7.246578693389893,-14.212749858863651
16583,1.1917439699172974,-14.002908481128514
16584,0.8492580056190491,-13.772365376718342
16585,1.2374459505081177,-13.72470137477666
16586,-3.944406747817993,-13.719193963773549
16587,-6.003281116485596,-13.56098739219457
16588,-10.491460800170898,-13.42766275382787
16589,-13.794218063354492,-13.307509258039296
16590,-17.638967514038086,-13.202795963056385
16591,-44.97280502319336,-13.387516079194844
16592,-44.009700775146484,-13.564679810293018
16593,-50.54505920410156,-13.766576895095408
16594,-17.20766258239746,-13.795255224563181
16595,-10.6983003616333,-13.776155168868602
16596,-7.445425033569336,-13.666967829085886
16597,-6.854958534240723,-13.625055158950389
16598,-4.954083442687988,-13.562809625960886
16599,-7.176925182342529,-13.451040947295725
16600,-3.721182107925415,-13.426043176032604
16601,-5.034249782562256,-13.41386974272877
16602,-5.949418067932129,-13.42269665465504
16603,-14.472999572753906,-13.46327481970936
16604,-59.98681640625,-13.674250052787363
16605,-17.105857849121094,-13.714533883430065
16606,-14.570450782775879,-13.743701087333262
16607,-5.363480091094971,-13.7431967080608
16608,-3.37825608253479,-13.727903517104686
16609,-10.53684139251709,-13.715142439223825
16610,-1.6081312894821167,-13.704868757106365
16611,-1.2866640090942383,-13.714749181129038
16612,-14.107744216918945,-13.769386702038348
16613,-14.435446739196777,-13.829585601069033
16614,-12.97066879272461,-13.881763820238412
16615,-44.2519416809082,-14.044937523432075
16616,-43.81019973754883,-14.207721965380014
16617,-42.479190826416016,-14.3762247126773
16618,-86.9504165649414,-14.67241892272979
16619,-8.25879192352295,-14.6440543711856
16620,-8.861183166503906,-14.594519329376519
16621,-5.296633243560791,-14.458558386154472
16622,-7.320620059967041,-14.300047684021294
16623,-7.526949882507324,-14.176036861725152
16624,-7.193391799926758,-14.173853529281914
16625,-7.722708225250244,-14.171352329559625
16626,-6.164695739746094,-14.172115145035088
16627,-12.755257606506348,-14.211339601822198
16628,-17.1500244140625,-14.261621832199395
16629,-10.559027671813965,-14.288475909538567
16630,-9.337015151977539,-14.299669471092523
16631,-3.5907373428344727,-14.293305220909417
16632,1.0892692804336548,-14.253759827442467
16633,-6.071066856384277,-14.242944176502526
16634,-9.427204132080078,-14.088340370960534
16635,-10.304705619812012,-14.134056457348168
16636,-9.043824195861816,-14.169017194099725
16637,-18.3714542388916,-14.246527306862175
16638,-17.76827049255371,-14.312677900619805
16639,-38.85417556762695,-14.46615841884166
16640,-47.36164855957031,-14.659796850390732
16641,-46.77166748046875,-14.814274217791855
16642,-85.38722229003906,-15.149268539138138
16643,-5.656175136566162,-15.10271011132747
16644,-9.118907928466797,-15.085371793456376
16645,-2.8748159408569336,-14.780115136809647
16646,-5.597149848937988,-14.65505106896907
16647,-5.308333396911621,-14.373532510466873
16648,-5.301400184631348,-14.359828546233475
16649,-7.638641834259033,-14.36806514710933
16650,-6.1431403160095215,-14.379336994834244
16651,-12.912887573242188,-14.234969944663346
16652,-12.125141143798828,-14.260000509925186
16653,-12.38924789428711,-14.282538935370743
16654,-16.12398910522461,-14.335478364653886
16655,-12.723187446594238,-14.364318780608475
16656,-9.95287036895752,-14.343888826079667
16657,-9.960468292236328,-14.34367844171077
16658,-1.6423100233078003,-14.323049983210861
16659,-1.4674420356750488,-14.326401882119477
16660,-8.311068534851074,-14.363857076115906
16661,-16.75657081604004,-14.426262791581452
16662,-17.971532821655273,-14.494170394845307
16663,-48.15859603881836,-14.684273059077562
16664,-44.85868453979492,-14.867851757235824
16665,-42.345428466796875,-15.010956333346664
16666,-48.746456146240234,-15.156758548922836
16667,-10.955483436584473,-15.127490112490952
16668,-7.512808322906494,-15.006842386431993
16669,-6.516849994659424,-14.897194820590316
16670,-6.735899925231934,-14.592885490603745
16671,-4.6430583000183105,-14.474320532031358
16672,-6.518691539764404,-14.485126864619554
16673,-6.676424980163574,-14.48155446548015
16674,-7.6248579025268555,-14.50053603286296
16675,-13.85306167602539,-14.526903012461961
16676,-2.2112839221954346,-14.509977148242294
16677,-1.6782820224761963,-14.498912776179612
16678,-7.255847454071045,-14.497699666209519
16679,-0.899590015411377,-14.471634825892746
16680,1.1793060302734375,-14.410278037257493
16681,0.15613199770450592,-14.34625424016267
16682,-3.152208089828491,-14.315613484509289
16683,-4.239679336547852,-14.335695177920163
16684,-5.648514747619629,-14.3632707728222
16685,-14.0149564743042,-14.421776406653226
16686,-19.01065444946289,-14.502470512278379
16687,-39.69491958618164,-14.65958694268018
16688,-13.230520248413086,-14.714250591643154
16689,-18.91139030456543,-14.789945568859578
16690,-35.43563461303711,-14.86895987778902
16691,-9.483882904052734,-14.832032425701618
16692,-5.599966526031494,-14.731839983761311
16693,-4.407216548919678,-14.569981957256793
16694,-5.912458419799805,-14.429116104900837
16695,-6.715208530426025,-14.28320041924715
16696,-3.508359909057617,-14.264238558590412
16697,-49.37255096435547,-14.256796496212482
16698,-5.106876850128174,-14.257644703686237
16699,-9.255935668945312,-14.2756611469388
16700,-5.822441101074219,-14.279404110729695
16701,-4.661517143249512,-14.279030745327473
16702,-2.583979368209839,-14.088638589680194
16703,-0.21915799379348755,-13.888218194067479
16704,1.2050820589065552,-13.64308620506525
16705,0.736303985118866,-13.426547452747823
16706,-3.7695999145507812,-13.418354953587055
16707,-2.4710934162139893,-13.251037239849568
16708,-2.2212541103363037,-13.084952819645405
16709,-9.62062931060791,-13.12530356091261
16710,-60.438289642333984,-13.371290679633617
16711,-34.27099609375,-13.510797360122204
16712,-45.61519241333008,-13.6900111643672
16713,-39.916404724121094,-13.815746859252453
16714,-43.316951751708984,-13.994085050284863
16715,-6.624573230743408,-14.025694983184337
16716,-5.745999813079834,-14.038396041572094
16717,-8.005241394042969,-14.05092375344038
16718,-7.394458293914795,-14.049276717841625
16719,-4.0177483558654785,-13.999384156882764
16720,-7.099358558654785,-14.00030087631941
16721,-4.802195072174072,-13.856976560294628
16722,-8.358203887939453,-13.679559308707715
16723,-12.4630765914917,-13.60500970619917
16724,-10.126143455505371,-13.47756719750166
16725,-10.522370338439941,-13.304785051047801
16726,-4.545469284057617,-13.11578305977583
16727,1.033951997756958,-12.912928990066051
16728,1.1438239812850952,-12.888650027453899
16729,-0.15474599599838257,-12.859048111855984
16730,1.1328320503234863,-12.823968716561794
16731,-6.32134485244751,-12.834250402390957
16732,-4.962716579437256,-12.830840539872646
16733,-13.469261169433594,-12.840802778184415
16734,-21.071935653686523,-12.875745553910733
16735,-37.95775604248047,-13.002390495240688
16736,-27.116304397583008,-13.116151736676693
16737,-45.98208999633789,-13.30577004045248
16738,-41.801456451416016,-13.478659690320491
16739,-11.01604175567627,-13.528421217381954
16740,-6.791091442108154,-13.561254575192928
16741,-7.437250137329102,-13.592743215739727
16742,-4.798299789428711,-13.580706230342388
16743,-5.344624996185303,-13.558823877513408
16744,-4.961666584014893,-13.508964466273785
16745,-4.982466697692871,-13.378322372615337
16746,-7.266958236694336,-13.243211464107036
16747,-16.65843391418457,-13.152033584773541
16748,-12.970091819763184,-13.011478176295757
16749,-8.749534606933594,-13.002320713222026
16750,-1.8667806386947632,-12.989493142783642
16751,-2.2570912837982178,-12.800374367415905
16752,1.2439260482788086,-12.774877730071545
16753,1.0619606971740723,-12.750035721480847
16754,-3.4339513778686523,-12.750845626533032
16755,-2.739219903945923,-12.739490606963635
16756,-11.444196701049805,-12.762955853164197
16757,-7.969043254852295,-12.745264879882336
16758,-61.79244613647461,-12.946221773803234
16759,-42.780521392822266,-13.082916964232922
16760,-43.649269104003906,-13.24212246197462
16761,-44.65031814575195,-13.424439982593059
16762,-42.00051498413086,-13.597285050570965
16763,-7.645516872406006,-13.630355549991132
16764,-6.508016586303711,-13.658660408437251
16765,-7.9823832511901855,-13.676130128324031
16766,-5.255033493041992,-13.663182534635068
16767,-4.954733371734619,-13.63236167472601
16768,-7.0382585525512695,-13.591861052930355
16769,-4.259759902954102,-13.478091926038266
16770,-6.528774261474609,-13.446397635877132
16771,-15.858372688293457,-13.359010890424251
16772,-11.793161392211914,-13.248863315045833
16773,-14.458587646484375,-13.277444632947445
16774,-5.403011322021484,-13.274465878903866
16775,-3.397952079772949,-13.272172987401486
16776,-2.3597867488861084,-13.26524903434515
16777,-3.742032766342163,-13.262946232259274
16778,-2.455254077911377,-13.247215948522092
16779,-6.098692893981934,-13.251364086568355
16780,-14.082752227783203,-13.288419250905514
16781,-17.103498458862305,-13.318168240010738
16782,-16.915132522583008,-13.361805738866328
16783,-37.73298645019531,-13.485998836934566
16784,-52.20268249511719,-13.700084719121456
16785,-43.21968078613281,-13.876009514272212
16786,-23.425683975219727,-13.96403027433157
16787,-8.583575248718262,-14.003515239179134
16788,-8.531524658203125,-14.04100821775198
16789,-4.515003204345703,-14.05433167308569
16790,-49.28447341918945,-14.232441225469113
16791,-5.132291793823242,-14.214244596898556
16792,-50.152767181396484,-14.34620092624426
16793,-7.661499977111816,-14.324013513982296
16794,-7.79597806930542,-14.203183739125729
16795,-12.023259162902832,-14.09894034999609
16796,-8.717281341552734,-13.963212307393551
16797,-8.458066940307617,-13.959030174672604
16798,1.3413352966308594,-13.928288834035397
16799,0.7238439917564392,-13.896275824248791
16800,-4.965885162353516,-13.896621164977551
16801,-14.270525932312012,-13.923572067916393
16802,-9.032608032226562,-13.939328467071057
16803,-7.902768611907959,-13.949269840896129
16804,-6.991288661956787,-13.94278214520216
16805,0.10671799629926682,-13.882996787041426
16806,1.2287700176239014,-13.828719703644515
16807,-4.712355136871338,-13.814229757279158
16808,-6.499363422393799,-13.828409607857466
16809,-12.334687232971191,-13.858805237740278
16810,-10.342055320739746,-13.903418315142392
16811,-4.073930740356445,-13.920695574730635
16812,-15.288171768188477,-13.976043440312147
16813,-39.235626220703125,-14.120996486157178
16814,-47.66960144042969,-14.287975245922803
16815,-42.274234771728516,-14.411389213055372
16816,-34.56891632080078,-14.517975980252027
16817,-8.769858360290527,-14.408353188961744
16818,-5.07390022277832,-14.33273047015071
16819,-5.711391448974609,-14.183623002499342
16820,-4.553575038909912,-14.032510566204786
16821,-3.875624895095825,-14.014664165943861
16822,-4.799978256225586,-14.007337145298719
16823,-4.99037504196167,-14.006223911732436
16824,-50.31574249267578,-14.177319715946913
16825,-57.262451171875,-14.377186453312635
16826,-3.309096097946167,-14.361577336758375
16827,-2.931826114654541,-14.351636674374342
16828,-11.56800365447998,-14.381598695248366
16829,-6.408565521240234,-14.339653642147779
16830,-5.032655239105225,-14.294641410320997
16831,-5.651143550872803,-14.280125287503004
16832,-4.464880466461182,-14.268998494595289
16833,-11.189863204956055,-14.318524923294783
16834,-13.105015754699707,-14.374342018336058
16835,-17.734426498413086,-14.450229508131743
16836,-14.370452880859375,-14.491933692663908
16837,-36.09682846069336,-14.612307882040739
16838,-43.92254638671875,-14.74603222438693
16839,-14.764452934265137,-14.749913163870573
16840,-35.20997619628906,-14.820197198599576
16841,-9.670000076293945,-14.67898597881198
16842,-5.744375228881836,-14.525924676626921
16843,-6.941408157348633,-14.35151007243991
16844,-4.868175029754639,-14.302152122229337
16845,-3.45784068107605,-14.273190283507109
16846,-4.668191432952881,-14.262081349104642
16847,-50.62293243408203,-14.437153244704009
16848,-7.780855655670166,-14.448460333555937
16849,-14.09084415435791,-14.476116009443999
16850,-16.86878204345703,-14.528706409186125
16851,-14.155400276184082,-14.565191011160612
16852,-13.224178314208984,-14.59429005214572
16853,-7.792568206787109,-14.567568326681853
16854,-11.907095909118652,-14.375249444693328
16855,-54.779518127441406,-14.525944085806609
16856,-55.98407745361328,-14.691598592489958
16857,-57.86833953857422,-14.901618030279876
16858,-16.38882827758789,-14.953660319060088
16859,-18.91449737548828,-14.987170942991972
16860,-21.008270263671875,-15.064771498888732
16861,-37.18901824951172,-15.208380915850402
16862,-44.776222229003906,-15.331054827898742
16863,-45.05641174316406,-15.45353868791461
16864,-26.31456756591797,-15.506914283007383
16865,-7.845933437347412,-15.36129025003314
16866,-51.52524185180664,-15.392150418490171
16867,-5.066641807556152,-15.242500222414732
16868,-6.412633419036865,-14.920349089831113
16869,-4.249370098114014,-14.904311402529478
16870,-7.208883285522461,-14.897702203005553
16871,-7.107266902923584,-14.904944737643003
16872,-5.514026165008545,-14.89771836206317
16873,-16.369550704956055,-14.933088765352965
16874,-14.809630393981934,-14.963553719729186
16875,-9.15169906616211,-14.969269683092833
16876,-6.5838727951049805,-14.970946391314268
16877,-7.58320951461792,-14.950258198946715
16878,-5.036570072174072,-14.901804381579161
16879,-10.79973030090332,-14.902767192095519
16880,-10.415645599365234,-14.907081713885068
16881,-8.518495559692383,-14.9267927467525
16882,-11.827712059020996,-14.97846067211032
16883,-15.691776275634766,-15.016943509787321
16884,-7.904947280883789,-15.010854482382536
16885,-47.27813720703125,-15.158748208731414
16886,-52.44385528564453,-15.332348333090543
16887,-41.30137634277344,-15.424068021506072
16888,-48.81340026855469,-15.548248540610075
16889,-6.195555210113525,-15.417614059180021
16890,-9.108724594116211,-15.264602363318206
16891,-7.4364914894104,-15.107261659353972
16892,-4.179381847381592,-14.78243029758334
16893,-7.622716903686523,-14.790296464651822
16894,-4.337228298187256,-14.771169746130704
16895,-49.93783187866211,-14.959421809881926
16896,-6.270390510559082,-14.96211477252841
16897,-11.500936508178711,-14.986885184973477
16898,-16.7581844329834,-15.032712321966887
16899,-9.242984771728516,-15.039129693716765
16900,-4.679236888885498,-15.033274080008269
16901,-0.8266800045967102,-14.984929249733687
16902,-43.65153121948242,-15.11103481003642
16903,-43.65678787231445,-15.23610496994853
16904,-3.003140687942505,-15.183621576279402
16905,-4.980666160583496,-15.152651491135359
16906,-13.486576080322266,-15.166786313980818
16907,-13.768345832824707,-15.182017824143172
16908,-16.369550704956055,-15.240926786869764
16909,-45.02112579345703,-15.415141521900892
16910,-38.966339111328125,-15.5377626042068
16911,-43.609371185302734,-15.645173805683852
16912,-40.01526641845703,-15.733348740071058
16913,-7.6942667961120605,-15.571491423100234
16914,-6.348658561706543,-15.41745131918788
16915,-7.685116767883301,-15.278810072392226
16916,-7.243766784667969,-15.112799314945937
16917,-3.5713016986846924,-15.083262587994337
16918,-49.76049041748047,-15.252253316372633
16919,-7.059816837310791,-15.254425183743239
16920,-5.744845390319824,-15.25046096560359
16921,-10.831480026245117,-15.275214652508497
16922,-10.307292938232422,-15.29036905810237
16923,-6.245716571807861,-15.288646224468946
16924,-54.20134735107422,-15.474952182263136
16925,-11.589369773864746,-15.465897414654494
16926,-6.900062084197998,-15.484652527302504
16927,0.29447200894355774,-15.476761511176825
16928,-5.08626651763916,-15.468083187431096
16929,-10.694287300109863,-15.507261976569891
16930,-7.56191873550415,-15.542226875633002
16931,-18.89733123779297,-15.618440728574992
16932,-22.52627944946289,-15.695937014013529
16933,-39.1507682800293,-15.835581369787455
16934,-49.79804229736328,-16.01217947998643
16935,-43.22411346435547,-16.129016107946633
16936,-45.670166015625,-16.235654154211282
16937,-8.189350128173828,-16.10963187637925
16938,-9.279891967773438,-16.093829363256692
16939,-2.8210620880126953,-16.02946805039048
16940,-5.210183143615723,-15.908566244512796
16941,-4.571991443634033,-15.888918678671121
16942,-5.256983280181885,-15.887546745687724
16943,-5.015941619873047,-15.889981645971536
16944,-5.860907554626465,-15.889775442510842
16945,-16.819053649902344,-15.930190822988749
16946,-11.733407974243164,-15.963091015249491
16947,-10.012113571166992,-15.805649265676736
16948,-10.163215637207031,-15.825874620825052
16949,-5.682187557220459,-15.811579628378153
16950,-7.754367828369141,-15.819307335287332
16951,-8.089667320251465,-15.83301993599534
16952,-3.1280126571655273,-15.835196069151163
16953,-56.582733154296875,-16.060650369793176
16954,-58.42478561401367,-16.299169840484858
16955,-14.698419570922852,-16.360908734709025
16956,-17.01390838623047,-16.413885968595743
16957,-38.79432678222656,-16.559178902059795
16958,-48.50262451171875,-16.744304383665323
16959,-44.82587814331055,-16.885125378996133
16960,-38.9920539855957,-16.79934043636918
16961,-8.870224952697754,-16.69773735180497
16962,-6.61234188079834,-16.541725949674845
16963,-3.74897837638855,-16.397056244283913
16964,-6.358033180236816,-16.249220569998027
16965,-7.320141792297363,-16.25200284424424
16966,-3.937591552734375,-16.24476921120286
16967,-6.61478328704834,-16.239207378774882
16968,-7.671140193939209,-16.240314106374978
16969,-11.395055770874023,-16.269823336035014
16970,-14.142098426818848,-16.29799429550767
16971,-9.056711196899414,-16.31501236000657
16972,-9.662670135498047,-16.320230224996806
16973,0.4914020001888275,-16.268412310630083
16974,0.812558650970459,-16.22465750220418
16975,1.165719985961914,-16.17790514090657
16976,0.3122299909591675,-16.158474343806507
16977,-8.127846717834473,-16.19512153866887
16978,-11.271849632263184,-16.244784233123063
16979,-9.91445255279541,-16.28382305935025
16980,-18.715560913085938,-16.36321663120389
16981,-33.80416488647461,-16.47314791134
16982,-46.75810623168945,-16.640329469949005
16983,-47.528621673583984,-16.77656691196561
16984,-12.90821647644043,-16.743912035256624
16985,-4.8483381271362305,-16.611474363595246
16986,-5.4204583168029785,-16.524690979272126
16987,-4.076475143432617,-16.357068519860505
16988,-4.756916522979736,-16.20889036014676
16989,-4.490200042724609,-16.182786993294954
16990,-4.622908115386963,-16.17411425998807
16991,-49.96372604370117,-16.344220163613556
16992,-4.722893238067627,-16.343918537408115
16993,-9.620078086853027,-16.361020349770783
16994,-12.60822582244873,-16.39160658672452
16995,-9.192306518554688,-16.408445946007966
16996,-0.25945600867271423,-16.38041593709588
16997,0.898854672908783,-16.310186782747508
16998,1.4287680387496948,-16.252591343313455
16999,0.4899359941482544,-16.215633460909128
17000,-5.096660137176514,-16.228552978903057
17001,-5.772046089172363,-16.24261279812455
17002,-4.830798149108887,-16.266911694914103
17003,-11.778778076171875,-16.318274650007485
17004,-16.095062255859375,-16.368919093519448
17005,-79.1845474243164,-16.67470040360093
17006,-83.96678161621094,-16.964790743261577
17007,-38.014060974121094,-17.08497081413865
17008,-41.58174514770508,-17.00412801018357
17009,-6.5107197761535645,-16.8590488037169
17010,-7.975666522979736,-16.716354393392802
17011,-4.324661731719971,-16.555051767736675
17012,-49.62897491455078,-16.585565607458353
17013,-4.839791774749756,-16.57434270706773
17014,-50.05342483520508,-16.748524340063334
17015,-7.677533149719238,-16.74730493965745
17016,-5.1954545974731445,-16.747066624075174
17017,-15.113602638244629,-16.787702101141214
17018,-8.793917655944824,-16.794724737554787
17019,-12.516393661499023,-16.82775127258897
17020,-3.281447410583496,-16.814761965185404
17021,-5.008124828338623,-16.771360973745583
17022,-5.107872486114502,-16.744619818121194
17023,-0.3811199963092804,-16.688309947520494
17024,-3.538285255432129,-16.680851043254137
17025,-14.179644584655762,-16.723977813273667
17026,-10.515037536621094,-16.756598816424606
17027,-18.014236450195312,-16.813687631160022
17028,-21.71268653869629,-16.890717361003162
17029,-39.66104507446289,-17.024966769725083
17030,-41.14798355102539,-17.133227695018054
17031,-52.40040969848633,-17.27441533997655
17032,-40.54726791381836,-17.36894388154149
17033,-6.809060096740723,-17.24524817612767
17034,-8.353533744812012,-17.06985158112645
17035,-7.138033390045166,-16.9255249915421
17036,-4.530933380126953,-16.84994598916173
17037,-4.762549877166748,-16.834661887675523
17038,-7.334766864776611,-16.829874856501817
17039,-7.426633358001709,-16.841521377116443
17040,-8.256916046142578,-16.677411147624255
17041,-11.403196334838867,-16.702494765788316
17042,-11.905362129211426,-16.549505145579577
17043,-5.520970821380615,-16.54094302895665
17044,-6.246445178985596,-16.534744897395374
17045,-6.191467761993408,-16.511417731791735
17046,-5.304266452789307,-16.49776567223668
17047,-1.2381386756896973,-16.46888595917821
17048,-4.323150634765625,-16.491543902903796
17049,-8.344413757324219,-16.52781693390012
17050,-12.749654769897461,-16.558952012330295
17051,-17.161474227905273,-16.570515805512667
17052,-17.417591094970703,-16.604055737763645
17053,-38.13642120361328,-16.724990348130465
17054,-49.227195739746094,-16.893933976441623
17055,-45.98652267456055,-17.07830693912506
17056,-86.52082824707031,-17.429305332183837
17057,-53.250343322753906,-17.62345728492737
17058,-6.957383155822754,-17.625289363861086
17059,-4.729400157928467,-17.594868215560915
17060,-2.527616024017334,-17.563610458374022
17061,-2.7112600803375244,-17.558159775733948
17062,-4.94801664352417,-17.51679915523529
17063,-5.027750015258789,-17.379967650413512
17064,-8.200177192687988,-17.222089953422547
17065,-15.790104866027832,-17.116153433799745
17066,-11.0289945602417,-17.021993746757506
17067,-9.089690208435059,-17.023273074150087
17068,1.1297980546951294,-16.998458281040193
17069,0.9380620121955872,-16.971860467195512
17070,1.4597580432891846,-16.947807134866714
17071,-3.870107889175415,-16.947785066843032
17072,-8.039389610290527,-16.960742712259293
17073,-3.3244612216949463,-16.954079056978227
17074,-10.116717338562012,-16.79328295636177
17075,-11.361771583557129,-16.6096802380085
17076,-16.095516204833984,-16.66082591843605
17077,-18.584213256835938,-16.723435467004776
17078,-41.37363815307617,-16.842658004999162
17079,-43.528682708740234,-16.99113847374916
17080,-38.861270904541016,-17.126452936410903
17081,-7.626124858856201,-17.13435286164284
17082,-8.869850158691406,-17.151972740411757
17083,-7.040208339691162,-17.135374120950697
17084,-3.9672749042510986,-17.098823157548903
17085,-2.5108139514923096,-17.03792870736122
17086,-7.333033561706543,-17.00977903008461
17087,-7.451983451843262,-16.89519965004921
17088,-5.594030380249023,-16.74188558602333
17089,-4.678709506988525,-16.701542612314224
17090,-10.275575637817383,-16.601805010080337
17091,-9.287249565124512,-16.600274008035658
17092,-7.14193868637085,-16.605864261865616
17093,-1.5112019777297974,-16.58414343714714
17094,-46.17152404785156,-16.74935683321953
17095,0.8006366491317749,-16.732322923898696
17096,-2.461306095123291,-16.72349538254738
17097,-9.90106201171875,-16.560607900857924
17098,-8.107476234436035,-16.56191438317299
17099,-13.96732234954834,-16.561420295953752
17100,-18.41537094116211,-16.567606651544573
17101,-45.63425827026367,-16.69352208352089
17102,-51.432613372802734,-16.846355823755264
17103,-43.517601013183594,-16.98925595498085
17104,-24.200754165649414,-17.038430588006975
17105,-10.493658065795898,-16.86128714776039
17106,-8.334792137145996,-16.67069000649452
17107,-4.769808292388916,-16.45829588150978
17108,-3.914949893951416,-16.408400367975236
17109,-4.728208541870117,-16.35165521264076
17110,-7.451116561889648,-16.297426597833635
17111,-7.66724157333374,-16.17933949112892
17112,-5.61147928237915,-16.022680519342423
17113,-12.039496421813965,-15.890612858057022
17114,-14.221668243408203,-15.842241260766983
17115,-1.6768640279769897,-15.817564983129502
17116,-11.017721176147461,-15.655534900426865
17117,-9.148153305053711,-15.671860946416855
17118,-2.6881000995635986,-15.656962813138962
17119,0.7451779842376709,-15.636984620809555
17120,-7.929624557495117,-15.639867585897445
17121,-7.308652877807617,-15.640673129796982
17122,-9.081846237182617,-15.654944410085678
17123,-8.814018249511719,-15.624722280263901
17124,-62.827064514160156,-15.816792016744614
17125,-38.227745056152344,-15.933096200704574
17126,-50.552154541015625,-16.108969327688218
17127,-39.257041931152344,-16.235664657354356
17128,-44.01786422729492,-16.391589833974837
17129,-8.445883750915527,-16.382174447774887
17130,-8.404558181762695,-16.374130098104477
17131,-7.539949893951416,-16.370215915441513
17132,-2.466843366622925,-16.33277244067192
17133,-5.727641582489014,-16.292915901899338
17134,-4.471778392791748,-16.27918322634697
17135,-4.521833419799805,-16.108158011198043
17136,-3.8889501094818115,-15.913938390493392
17137,-6.916600227355957,-15.776399286031722
17138,-3.6332833766937256,-15.595678818464279
17139,-4.850949764251709,-15.590300396680831
17140,-10.682433128356934,-15.596595230817794
17141,-1.7163159847259521,-15.573714528799057
17142,-0.8394500017166138,-15.560354801416397
17143,0.24922999739646912,-15.528867013812064
17144,0.6043059825897217,-15.509100876688958
17145,-1.6612420082092285,-15.315994517207146
17146,1.193850040435791,-15.286137555003167
17147,1.099835991859436,-15.235734465003013
17148,0.5133879780769348,-15.166648175358771
17149,-5.87544059753418,-15.153177998661995
17150,-10.30221176147461,-15.175669898152352
17151,-13.15287971496582,-15.224974696993828
17152,-36.7675895690918,-15.197438930392265
17153,-33.81569290161133,-15.158074550509452
17154,-40.185062408447266,-15.306802237391471
17155,-10.58470630645752,-15.329218397974968
17156,-6.97189998626709,-15.303159693598747
17157,-5.213974952697754,-15.26894221007824
17158,-8.39015007019043,-15.237024607539176
17159,-6.329050064086914,-15.082256304621696
17160,-3.6026320457458496,-14.940801476359367
17161,-8.390691757202148,-14.799926758646965
17162,-6.0794501304626465,-14.664183493494987
17163,-8.96583366394043,-14.669269760966301
17164,-21.31502914428711,-14.729135243296623
17165,-13.242005348205566,-14.751362797617912
17166,-1.0362639427185059,-14.726532786250115
17167,-12.236669540405273,-14.761194257616996
17168,1.5550140142440796,-14.5559322398901
17169,1.71138596534729,-14.520847428679467
17170,-4.495662212371826,-14.515850695967675
17171,1.7280720472335815,-14.46561248767376
17172,-5.973479270935059,-14.44827723300457
17173,-10.73906135559082,-14.466250612139701
17174,-12.749316215515137,-14.300442487597465
17175,-23.101669311523438,-14.3464916857481
17176,-51.02607727050781,-14.52299574649334
17177,-27.989086151123047,-14.636129979133607
17178,-46.981895446777344,-14.803712494850158
17179,-48.28432083129883,-14.954072628974915
17180,-11.41546630859375,-14.969486819267273
17181,-10.407966613769531,-14.935529360771179
17182,-4.956998348236084,-14.865252236366272
17183,-6.747216701507568,-14.735638030052185
17184,-8.320924758911133,-14.569729559898377
17185,-5.793991565704346,-14.420009072303772
17186,-6.399683475494385,-14.26292714214325
17187,-6.498370170593262,-14.256163222312928
17188,-61.79328155517578,-14.466216780662537
17189,-16.700254440307617,-14.521733550071716
17190,-6.911388874053955,-14.52853837299347
17191,-0.04331866651773453,-14.510423681885005
17192,1.7901686429977417,-14.482235074192285
17193,1.7855639457702637,-14.455029051929712
17194,1.6870319843292236,-14.424837293773889
17195,-3.347156047821045,-14.370949703365564
17196,-2.1154887676239014,-14.332478026539087
17197,-8.774765968322754,-14.32752863612771
17198,-13.529154777526855,-14.340992392688989
17199,-23.503131866455078,-14.412276169925928
17200,-41.800445556640625,-14.548460480839013
17201,-95.45443725585938,-14.897919560581446
17202,-52.65824508666992,-15.096040490299464
17203,-91.73265075683594,-15.23664016070962
17204,-11.85551643371582,-15.050363083988428
17205,-10.075599670410156,-15.031871804386377
17206,-5.871883392333984,-14.987303704410792
17207,-5.407556533813477,-14.853756623417139
17208,-7.4255499839782715,-14.689448325306177
17209,-7.832170009613037,-14.541473492771386
17210,-6.240108489990234,-14.410465710788966
17211,-6.4017415046691895,-14.400591776996851
17212,-16.12639617919922,-14.438647994190454
17213,-15.788003921508789,-14.486804096370935
17214,-7.441623210906982,-14.491138456493616
17215,-4.2429728507995605,-14.478829780727624
17216,1.6333866119384766,-14.456545868068934
17217,1.7309520244598389,-14.4231629268229
17218,1.7023500204086304,-14.38566896596551
17219,1.4159239530563354,-14.334425047069788
17220,-3.6582186222076416,-14.292489527851343
17221,-8.134775161743164,-14.288801783710719
17222,-10.46247673034668,-14.292001010090113
17223,-22.097654342651367,-14.382357235461473
17224,-51.34261703491211,-14.590977938205004
17225,-49.54560470581055,-14.793823236972093
17226,-55.755558013916016,-15.018094388991594
17227,-48.38008117675781,-15.179103326827288
17228,-9.653691291809082,-15.172630693465472
17229,-8.163241386413574,-15.165625848799944
17230,-8.357542037963867,-15.124193773299456
17231,-8.028316497802734,-15.021090379744768
17232,-6.2979583740234375,-14.859249788314104
17233,-8.22266674041748,-14.702025968581438
17234,-3.579632043838501,-14.66471163085103
17235,-9.197991371154785,-14.682110243827104
17236,-16.826549530029297,-14.72773460868001
17237,-11.314897537231445,-14.756688298255206
17238,-11.28870964050293,-14.782815470725298
17239,0.5110620260238647,-14.762810422450304
17240,0.6177539825439453,-14.74184777405858
17241,1.4556059837341309,-14.536170445948839
17242,1.0773099660873413,-14.512969633132219
17243,1.6277220249176025,-14.467978432685136
17244,0.41029465198516846,-14.415904350787402
17245,-2.5752716064453125,-14.389436211138964
17246,-56.815250396728516,-14.615659388691187
17247,-65.31512451171875,-14.880515305429697
17248,-50.71131134033203,-15.089075622946025
17249,-57.90394973754883,-15.322651165872813
17250,-58.46565246582031,-15.536127135187387
17251,-53.082698822021484,-15.725369746118783
17252,-9.445258140563965,-15.743827586084604
17253,-7.964125156402588,-15.728568974405528
17254,-3.982530117034912,-15.68011884585023
17255,-8.509099960327148,-15.397417055994271
17256,-5.9588751792907715,-15.08538543024659
17257,-6.217791557312012,-14.958200352579356
17258,-6.640291690826416,-14.818434538751841
17259,-6.994216442108154,-14.82036852541566
17260,-18.85603904724121,-14.863890015512705
17261,-8.679926872253418,-14.881311076074839
17262,-6.092949390411377,-14.70716697397828
17263,-1.6113566160202026,-14.694253233343362
17264,1.6000419855117798,-14.487639366060495
17265,-0.2903139889240265,-14.458090489417314
17266,-0.01816999912261963,-14.437381351023912
17267,1.6487820148468018,-14.370331812411546
17268,-1.7499173879623413,-14.342155811339616
17269,-6.246336460113525,-14.317075582534075
17270,-16.403383255004883,-14.369563325911761
17271,-8.881338119506836,-14.385056179076432
17272,-44.933162689208984,-14.544357339888812
17273,-49.382015228271484,-14.74036092081666
17274,-56.787635803222656,-14.953358323007823
17275,-53.50830078125,-15.1106729477942
17276,-9.116998672485352,-15.105080792337656
17277,-52.50999069213867,-15.24306380930543
17278,-4.861241817474365,-15.175658030420541
17279,-50.753910064697266,-15.22002949038148
17280,-7.619791507720947,-15.085916722208262
17281,-7.927241802215576,-14.908024050623178
17282,-5.800924777984619,-14.769038678079843
17283,-6.269575119018555,-14.766880738168954
17284,-16.919883728027344,-14.801146138101815
17285,-9.892841339111328,-14.81216536989808
17286,-8.813307762145996,-14.829294867426157
17287,-0.495169997215271,-14.81222534790635
17288,1.5366239547729492,-14.776739784628154
17289,1.6289819478988647,-14.74051732340455
17290,0.8998839855194092,-14.703890123277903
17291,1.5137460231781006,-14.652222353845834
17292,0.5604733228683472,-14.602359012037516
17293,-5.922070026397705,-14.603963408857584
17294,-6.012518882751465,-14.603027703672648
17295,-61.618900299072266,-14.824737433820962
17296,-40.18107223510742,-14.964244656950235
17297,-43.89354705810547,-15.134866290479899
17298,-44.31471252441406,-15.294832538038492
17299,-47.01834487915039,-15.449528262525797
17300,-10.954400062561035,-15.442347243696451
17301,-6.889675140380859,-15.401260047346353
17302,-4.642733097076416,-15.350160615354776
17303,-7.860291481018066,-15.229056096464396
17304,-7.408975124359131,-15.061783214002848
17305,-8.276941299438477,-14.910944888502359
17306,-7.376583099365234,-14.59436790791154
17307,-8.474541664123535,-14.415264701277017
17308,-16.448631286621094,-14.45322969380021
17309,-11.830167770385742,-14.48163276425004
17310,-3.5116961002349854,-14.48556908455491
17311,1.0397119522094727,-14.470565196424722
17312,0.3324120044708252,-14.449443481832743
17313,1.4754600524902344,-14.423430641561747
17314,1.4078340530395508,-14.384998596578836
17315,0.09919655323028564,-14.321441390901803
17316,-44.09480667114258,-14.453704639345407
17317,-4.544777870178223,-14.43552498999238
17318,-56.03574752807617,-14.664187172323466
17319,-59.99138641357422,-14.907904966026544
17320,-83.73890686035156,-15.248699625641107
17321,-45.2709846496582,-15.414303132683038
17322,-48.11186218261719,-15.574593022972346
17323,-39.46021270751953,-15.719136028915644
17324,-5.678599834442139,-15.701383558899165
17325,-6.692833423614502,-15.682707806259394
17326,-3.4253759384155273,-15.63202724519372
17327,-5.536375045776367,-15.579835892349482
17328,-6.695866584777832,-15.441124806076289
17329,-6.1679582595825195,-15.291681908279658
17330,-8.632166862487793,-15.170765492111444
17331,-10.003666877746582,-15.180275660187005
17332,-19.511377334594727,-15.22284176889062
17333,-12.460307121276855,-15.244522164016962
17334,-10.632023811340332,-15.27118115964532
17335,-4.299793243408203,-15.278337076812983
17336,1.122305989265442,-15.244515718609094
17337,1.8467819690704346,-15.20732065692544
17338,1.120743989944458,-15.180461559444666
17339,1.1104120016098022,-15.157305073410273
17340,0.9994140267372131,-15.112205114752054
17341,-11.172375679016113,-15.11974561920762
17342,-6.54286003112793,-15.117349304586648
17343,-21.718366622924805,-15.19817796316743
17344,-49.595882415771484,-15.211875396639108
17345,-44.32200241088867,-15.39236595287919
17346,-55.15510177612305,-15.60314113560319
17347,-47.68981170654297,-15.754296134382486
17348,-11.856383323669434,-15.76929176273942
17349,-9.611499786376953,-15.751868472486734
17350,-5.9596333503723145,-15.702045522123575
17351,-8.320383071899414,-15.552790021330118
17352,-4.8061933517456055,-15.36628434124589
17353,-6.49263334274292,-15.218184470564127
17354,-8.597716331481934,-15.155772319227458
17355,-7.327125072479248,-15.14310618725419
17356,-18.854076385498047,-15.185183324247598
17357,-16.780200958251953,-15.23322489491105
17358,-12.093002319335938,-15.265937104612588
17359,-3.9589574337005615,-15.26286010017991
17360,1.3773759603500366,-15.227546130090952
17361,1.6733700037002563,-15.190183683782816
17362,1.0290180444717407,-15.163621694475413
17363,0.7142860293388367,-15.1126065646708
17364,-4.240428447723389,-15.072681605488063
17365,-10.41562557220459,-15.107636651664972
17366,-2.8095080852508545,-15.074803799301385
17367,-12.863012313842773,-15.089663235336543
17368,-43.60183334350586,-15.253318168312312
17369,-51.6642951965332,-15.462956061035396
17370,-51.98393630981445,-15.639173308044672
17371,-55.75334167480469,-15.83295206323266
17372,-12.180299758911133,-15.845345877319575
17373,-7.770424842834473,-15.841171503692866
17374,-8.240650177001953,-15.622825846344233
17375,-6.275533199310303,-15.495016998916864
17376,-6.5105085372924805,-15.318850414901972
17377,-6.101224899291992,-15.186227146774531
17378,-5.794208526611328,-15.033332523971795
17379,-8.748408317565918,-15.034542622238398
17380,-15.366386413574219,-15.062389935165644
17381,-14.801878929138184,-15.091437651306391
17382,-14.652532577514648,-15.140180408149957
17383,-7.991316795349121,-15.149235109001397
17384,0.19726599752902985,-15.130558931440115
17385,1.6468919515609741,-15.105884029954671
17386,0.9815719723701477,-15.086401941627264
17387,1.6613279581069946,-15.052090228885412
17388,-5.158298015594482,-15.058190287441015
17389,-1.2035919427871704,-15.043600856155157
17390,-17.768022537231445,-15.071943213790655
17391,-23.815324783325195,-15.160339248985052
17392,-46.033958435058594,-15.34111728271842
17393,-57.53376770019531,-15.572249273508787
17394,-58.171722412109375,-15.807353387087584
17395,-56.15703201293945,-16.025336547106505
17396,-11.780982971191406,-16.07723587915301
17397,-7.245116710662842,-16.1106156899631
17398,-5.675583362579346,-16.135371575325728
17399,-5.693241596221924,-16.13464277932048
17400,-5.818366527557373,-16.11670739838481
17401,-5.787600040435791,-16.08724627968669
17402,-6.244008541107178,-15.96515195557475
17403,-7.374899864196777,-15.859388783425093
17404,-6.899464130401611,-15.72624639031291
17405,-11.407682418823242,-15.729538294762373
17406,-7.502763271331787,-15.731661747902631
17407,-4.977573394775391,-15.730716141670943
17408,1.7099039554595947,-15.690315925568342
17409,1.6937819719314575,-15.658224597424269
17410,0.2965080142021179,-15.642628037184476
17411,1.7670060396194458,-15.60199724599719
17412,-6.175008773803711,-15.602379480570555
17413,-7.300814628601074,-15.595719404429197
17414,-3.0549581050872803,-15.522679120272398
17415,-23.34463119506836,-15.563089623659849
17416,-43.82128143310547,-15.734229693621398
17417,-55.53832244873047,-15.907436305254699
17418,-50.451332092285156,-16.115461689680814
17419,-55.03425216674805,-16.342444242209197
17420,-9.739166259765625,-16.36341825839877
17421,-8.235933303833008,-16.40327427980304
17422,-3.6812584400177,-16.394105396479368
17423,-8.423192024230957,-16.384841919153928
17424,-8.126033782958984,-16.366348789423704
17425,-6.545825004577637,-16.30012541219592
17426,-6.595441818237305,-16.12240287038684
17427,-10.386841773986816,-16.051993892878293
17428,-15.862191200256348,-15.92751507589221
17429,-13.026925086975098,-15.786485492914915
17430,-7.362632751464844,-15.7702741586864
17431,-0.06560666859149933,-15.728904718905687
17432,1.0509580373764038,-15.704872893363238
17433,1.6379640102386475,-15.671332170516253
17434,0.02252200059592724,-15.637958383478225
17435,1.7256779670715332,-15.60787970534712
17436,0.9736419916152954,-15.578386403478682
17437,-5.549581527709961,-15.574591248907149
17438,-3.3940818309783936,-15.34099445001036
17439,-21.857797622680664,-15.361624622739852
17440,-46.76102828979492,-15.521023180402816
17441,-44.53670120239258,-15.698996710546314
17442,-52.688392639160156,-15.916910955674947
17443,-92.30366516113281,-16.293267872102557
17444,-54.62140655517578,-16.51850162626058
17445,-7.60456657409668,-16.53553126836568
17446,-4.641433238983154,-16.545635046251117
17447,-4.6613664627075195,-16.52918144822866
17448,-50.75737380981445,-16.678094324357808
17449,-50.30974197387695,-16.785320764787496
17450,-6.02506685256958,-16.642219249971212
17451,-9.048166275024414,-16.29659416604787
17452,-12.373920440673828,-16.135456867463887
17453,-7.678726673126221,-15.799241171129047
17454,-4.363768100738525,-15.769274177797138
17455,1.563912034034729,-15.722716130979359
17456,1.5507179498672485,-15.693025725610553
17457,-43.463104248046875,-15.845247916467487
17458,-0.8354179859161377,-15.81888738847524
17459,0.129940003156662,-15.787038948424161
17460,-2.590744733810425,-15.772441493399441
17461,-0.9217439889907837,-15.750521503336728
17462,-13.333868980407715,-15.739351394541561
17463,-11.513426780700684,-15.722253085978329
17464,-44.767982482910156,-15.871558523066343
17465,-42.6823616027832,-16.025316078074276
17466,-50.89352035522461,-16.235423705942928
17467,-48.718082427978516,-16.437219843752683
17468,-10.980400085449219,-16.487950844176115
17469,-6.910691738128662,-16.521257306940853
17470,-7.725958347320557,-16.537528265841306
17471,-5.653049945831299,-16.52760136497766
17472,-50.25246047973633,-16.686761299975217
17473,-49.65244674682617,-16.796980469591915
17474,-53.251426696777344,-16.804615708239375
17475,-46.42010498046875,-16.79211370933801
17476,-12.10782527923584,-16.617522778399287
17477,-7.982325077056885,-16.455931754000485
17478,-7.781099796295166,-16.44844138801843
17479,-6.517549991607666,-16.441858622439206
17480,-5.868850231170654,-16.43190385521203
17481,-3.2634940147399902,-16.41284456527978
17482,-8.934633255004883,-16.42339126480371
17483,-7.0907416343688965,-16.418863564379514
17484,-20.058340072631836,-16.484778396494686
17485,-15.84789752960205,-16.511378021128476
17486,-13.086338996887207,-16.49641717899591
17487,-1.0970540046691895,-16.455545804865658
17488,-2.1197080612182617,-16.41886979854852
17489,-3.1390199661254883,-16.43347012651712
17490,-3.0462393760681152,-16.448126099951565
17491,-6.51849889755249,-16.480022519476712
17492,-10.886746406555176,-16.527878744967282
17493,-2.091062068939209,-16.54275388134271
17494,-17.298261642456055,-16.613588106520474
17495,-10.755372047424316,-16.64630850828439
17496,-45.34103012084961,-16.600411627180875
17497,-53.798240661621094,-16.554344091780482
17498,-49.12177658081055,-16.547985952742398
17499,-42.784202575683594,-16.487506964094937
17500,-9.591400146484375,-16.292009954817594
17501,-7.841383457183838,-16.11104469335824
17502,-4.813033103942871,-16.092515793211756
17503,-7.662041664123535,-16.091307459242643
17504,-4.286419868469238,-16.09252301824838
17505,-5.463900089263916,-16.080342218764127
17506,-5.552083492279053,-16.07871505201608
17507,-8.600533485412598,-16.08824601972848
17508,-18.746021270751953,-16.136668938048185
17509,-8.346155166625977,-16.142076692946254
17510,-53.394649505615234,-16.28023113477975
17511,-5.696774482727051,-16.268298525221645
17512,0.731115996837616,-16.241002263672648
17513,1.3836779594421387,-16.2290221253708
17514,1.3654799461364746,-16.2299603735283
17515,1.2422959804534912,-16.22382993365079
17516,-44.689002990722656,-16.40251326561719
17517,-10.488943099975586,-16.45106416607648
17518,-12.0523042678833,-16.492273713596166
17519,-16.08159065246582,-16.531614730365575
17520,-38.19493865966797,-16.618780951984228
17521,-40.05060958862305,-16.74345803786069
17522,-89.20211029052734,-16.920533828265967
17523,-85.16511535644531,-17.06366622877866
17524,-10.511750221252441,-16.87856268645078
17525,-7.165925025939941,-16.69319318342954
17526,-7.682950019836426,-16.687456988818944
17527,-9.326366424560547,-16.514722491748632
17528,-7.543525218963623,-16.525451625354588
17529,-7.449491500854492,-16.352233951099215
17530,-2.8792800903320312,-16.333271905429662
17531,-5.473736763000488,-16.323457885272802
17532,-12.297198295593262,-16.349442979343234
17533,-11.404088973999023,-16.369981034763157
17534,-10.840723991394043,-16.345664395816623
17535,-6.077295303344727,-16.330402211673558
17536,-4.230432510375977,-16.31207071066648
17537,-4.416416168212891,-16.32775569535047
17538,-1.040228009223938,-16.338063103206455
17539,-4.415634632110596,-16.362241569526493
17540,-9.648872375488281,-16.404436594970523
17541,-9.485533714294434,-16.448433713920416
17542,-12.666698455810547,-16.50134240103513
17543,-21.457929611206055,-16.563485839374362
17544,-37.79505157470703,-16.690615970142186
17545,-42.83797073364258,-16.615492251880468
17546,-45.05286407470703,-16.634979419238867
17547,-45.54425811767578,-16.641582263477147
17548,-9.931300163269043,-16.504048614032566
17549,-7.191925048828125,-16.344742934711277
17550,-5.488924980163574,-16.322881034381687
17551,-3.982208251953125,-16.311251166827976
17552,-5.231935024261475,-16.313607974536716
17553,-8.09364128112793,-16.314541373737157
17554,-7.182933330535889,-16.313637206561864
17555,-6.853811740875244,-16.30794468832761
17556,-16.113826751708984,-16.342893662936987
17557,-18.358800888061523,-16.38243069983274
17558,-19.073389053344727,-16.39292973089963
17559,-16.407901763916016,-16.411240666873752
17560,-3.9870166778564453,-16.41314194918424
17561,-10.98037052154541,-16.46122227907926
17562,-4.078000068664551,-16.4788639273718
17563,-10.772794723510742,-16.527856946475804
17564,-7.294290542602539,-16.56266544485837
17565,-12.741610527038574,-16.614028673179448
17566,-15.51616096496582,-16.49971409035474
17567,-63.51457595825195,-16.735593282707036
17568,-44.32490921020508,-16.688749929435552
17569,-92.90704345703125,-16.82041255760938
17570,-59.48487854003906,-16.72339644432813
17571,-42.430423736572266,-16.712034200675784
17572,-11.927557945251465,-16.567296983726322
17573,-11.05406665802002,-16.453672399528326
17574,-8.056591987609863,-16.463184368140997
17575,-8.037850379943848,-16.468564435966314
17576,-9.215158462524414,-16.49172356606275
17577,-7.6967082023620605,-16.500364898689092
17578,-9.126925468444824,-16.510089134223758
17579,-7.506199836730957,-16.515442100532354
17580,-6.415924549102783,-16.506577131278814
17581,-9.540030479431152,-16.504722585685553
17582,-7.965966701507568,-16.458540943153203
17583,-5.105162620544434,-16.429120365150272
17584,1.8071320056915283,-16.379363741882145
17585,1.7900099754333496,-16.35500452900678
17586,1.119088053703308,-16.355017400749027
17587,1.4041659832000732,-16.35678786469251
17588,-4.321844577789307,-16.378558218963445
17589,-8.494290351867676,-16.416977028377353
17590,-16.155242919921875,-16.48559565616399
17591,-19.777679443359375,-16.520016871221365
17592,-40.2844123840332,-16.654983080632984
17593,-48.917842864990234,-16.763780985601247
17594,-59.65024185180664,-16.803998423345387
17595,-47.949161529541016,-16.818507059819996
17596,-10.118658065795898,-16.63836128497869
17597,-10.075491905212402,-16.487904005773366
17598,-7.9574666023254395,-16.472308338887988
17599,-6.015966892242432,-16.457926207311452
17600,-8.675932884216309,-16.468791405446826
17601,-8.735191345214844,-16.47045063854009
17602,-3.8858916759490967,-16.4667694318369
17603,-6.43554162979126,-16.466541064985098
17604,-19.862802505493164,-16.51160140968114
17605,-15.14282512664795,-16.542864209897814
17606,-12.515884399414062,-16.51751144195348
17607,-4.1260175704956055,-16.466894708402457
17608,1.166733980178833,-16.413855763204396
17609,1.368630051612854,-16.392545413263143
17610,-2.0667812824249268,-16.40632204223424
17611,1.1545460224151611,-16.408397338159382
17612,-7.764594554901123,-16.443571788556874
17613,-10.544425010681152,-16.488606632716955
17614,-15.179428100585938,-16.532362631328404
17615,-18.97749900817871,-16.5666101250723
17616,-50.83100891113281,-16.758696128375828
17617,-50.37818145751953,-16.908756804950535
17618,-53.41191482543945,-16.94799713087827
17619,-26.6160831451416,-16.847804282672705
17620,-8.45931625366211,-16.673705802448094
17621,-9.580842018127441,-16.489015803821385
17622,-5.567358493804932,-16.46256403876096
17623,-7.53713321685791,-16.461630872257054
17624,-4.336366653442383,-16.446013738162815
17625,-7.81760835647583,-16.452182038791477
17626,-6.102633476257324,-16.450550538547336
17627,-8.861291885375977,-16.461590806491674
17628,-18.022279739379883,-16.51050309134275
17629,-19.846935272216797,-16.55489719916135
17630,-8.092191696166992,-16.525800420291723
17631,0.3886739909648895,-16.46503820861131
17632,-3.181415319442749,-16.419153739579023
17633,1.7489160299301147,-16.380192808277904
17634,0.7203119993209839,-16.378100624270736
17635,1.5128580331802368,-16.37863675994426
17636,-6.535391807556152,-16.408704615063964
17637,-9.584614753723145,-16.453688385911285
17638,-17.66515350341797,-16.50371580786258
17639,-23.725460052490234,-16.59380328030139
17640,-44.32978820800781,-16.700050342984497
17641,-58.905147552490234,-16.840409634061157
17642,-51.7928581237793,-16.86344523281604
17643,-23.497676849365234,-16.72730086941272
17644,-9.766358375549316,-16.53367941326648
17645,-10.221199989318848,-16.349936085171997
17646,-5.492175102233887,-16.32478085369617
17647,-5.266408443450928,-16.31686602062732
17648,-3.4273600578308105,-16.307873127408325
17649,-7.610963344573975,-16.315544014401734
17650,-5.563350200653076,-16.314523949094117
17651,-6.910150051116943,-16.31901414913684
17652,-59.75986099243164,-16.53307755894214
17653,-56.940616607666016,-16.731340425916017
17654,-8.723711013793945,-16.738637413449585
17655,-8.579263687133789,-16.727323738522827
17656,-2.681795358657837,-16.70803986687213
17657,1.813662052154541,-16.680874925084414
17658,1.7623800039291382,-16.680665020890533
17659,-2.5532705783843994,-16.6976532310918
17660,-6.473956108093262,-16.724735087580978
17661,-10.908000946044922,-16.775435115523635
17662,-13.392093658447266,-16.80430345506221
17663,-18.884119033813477,-16.85063667268306
17664,-52.63759231567383,-17.048967209525408
17665,-29.185644149780273,-17.072331261344253
17666,-49.51146697998047,-17.095092003531754
17667,-46.78142166137695,-17.06006440038234
17668,-11.50700855255127,-16.904287106223403
17669,-7.462325096130371,-16.713999397940935
17670,-6.877058506011963,-16.70255096692592
17671,-3.964651584625244,-16.685465840049087
17672,-4.925808429718018,-16.69044404000789
17673,-7.357083320617676,-16.686179605193438
17674,-7.595524787902832,-16.684057569213213
17675,-5.495208263397217,-16.67985510224849
17676,-12.92298698425293,-16.705165282912553
17677,-10.208818435668945,-16.70445318955928
17678,-6.124353885650635,-16.66550184030086
17679,1.4233640432357788,-16.607700683780013
17680,0.06632799655199051,-16.57798484078795
17681,1.5656399726867676,-16.571459854222834
17682,1.6224299669265747,-16.569173966504632
17683,1.5839639902114868,-16.56938996658474
17684,-4.736690044403076,-16.588426814764738
17685,-8.545619010925293,-16.629512002676726
17686,-11.54508113861084,-16.67958689519763
17687,-5.236507892608643,-16.678334600657223
17688,-38.23204803466797,-16.817686465471983
17689,-46.59806442260742,-16.91664753267169
17690,-47.11259078979492,-16.91805378267169
17691,-43.50740432739258,-16.91393659517169
17692,-8.324983596801758,-16.736482959002256
17693,-8.305108070373535,-16.400488730639218
17694,-7.222750186920166,-16.210894105166197
17695,-5.585883140563965,-16.202819371432067
17696,-7.37333345413208,-16.21374697229266
17697,-7.7244415283203125,-16.225999272555114
17698,-7.326533317565918,-16.05227591058612
17699,-7.8145751953125,-15.88229524347186
17700,-16.840063095092773,-15.925555228441954
17701,-9.582042694091797,-15.927690734118222
17702,-1.68585205078125,-15.884938460558653
17703,-7.316403388977051,-15.883489167422056
17704,-2.687631368637085,-15.87678462049365
17705,0.8948619961738586,-15.879460820645093
17706,-0.08954200148582458,-15.886021860450507
17707,1.5117446184158325,-15.706122464984656
17708,-0.7457886934280396,-15.705763947814702
17709,-7.2554240226745605,-15.735305403918028
17710,-16.862031936645508,-15.792390552729369
17711,-7.39243745803833,-15.818273326605558
17712,-43.943824768066406,-15.940713149756194
17713,-49.72400665283203,-16.09355546924472
17714,-23.6871337890625,-16.009232074469328
17715,-42.350303649902344,-16.007903842657804
17716,-8.493550300598145,-15.838303962439298
17717,-8.870499610900879,-15.678913631170989
17718,-5.262074947357178,-15.65604033061862
17719,-6.345516681671143,-15.65377963039279
17720,-5.128499984741211,-15.643389796942472
17721,-7.395975112915039,-15.650361497610808
17722,-8.195366859436035,-15.482133123129607
17723,-8.849591255187988,-15.318921701163054
17724,-16.13018226623535,-15.170436723440886
17725,-17.272491455078125,-15.053846269339322
17726,-1.9370360374450684,-15.01316311237216
17727,-5.3285441398620605,-15.00254798862338
17728,-0.13970200717449188,-14.971982397466897
17729,0.32646334171295166,-14.944606344133616
17730,1.4921993017196655,-14.915162146002054
17731,-4.34125280380249,-14.919473181158304
17732,-2.4967219829559326,-14.893721536070109
17733,-12.507479667663574,-14.915388488203288
17734,-19.59009552001953,-14.913515509992838
17735,-24.87803077697754,-14.94963604298234
17736,-45.117591857910156,-15.077761054426432
17737,-56.375335693359375,-15.298874181181192
17738,-35.17179870605469,-15.431082543760539
17739,-93.4106674194336,-15.79216913357377
17740,-12.26176643371582,-15.829031241804362
17741,-10.053933143615723,-15.843172978788614
17742,-5.4812331199646,-15.821550925642253
17743,-7.125466823577881,-15.841688544660807
17744,-8.518199920654297,-15.8065682977736
17745,-8.433050155639648,-15.797279010206461
17746,-8.46988296508789,-15.649794421583413
17747,-8.748733520507812,-15.46959639301896
17748,-16.074443817138672,-15.337407061964273
17749,-13.639008522033691,-15.220826285749673
17750,-15.790107727050781,-15.24562111607194
17751,-7.6983819007873535,-15.245049109846354
17752,-2.5477633476257324,-15.235988030821085
17753,-4.3148298263549805,-15.222599183470011
17754,1.02851402759552,-15.201339447885752
17755,-1.337820053100586,-15.1848351277411
17756,-0.620989978313446,-15.165110753685235
17757,-12.370129585266113,-15.18018913808465
17758,-16.142404556274414,-15.16977467122674
17759,-25.167123794555664,-15.237058545738458
17760,-44.34042739868164,-15.200841657310724
17761,-24.95757293701172,-15.277884851127864
17762,-59.58418273925781,-15.519146046072244
17763,-53.45997619628906,-15.73852066269517
17764,-7.917274475097656,-15.775651680380106
17765,-7.952750205993652,-15.812431865125895
17766,-6.164816856384277,-15.658335120588541
17767,-5.791500091552734,-15.639545348554849
17768,-8.277482986450195,-15.624446063429117
17769,-8.244549751281738,-15.59309789982438
17770,-8.16795825958252,-15.472989978224039
17771,-8.347033500671387,-15.346175673872233
17772,-15.318198204040527,-15.050640025526285
17773,-14.464868545532227,-14.767839038282633
17774,-4.103673458099365,-14.74220673123002
17775,-10.179404258728027,-14.754260648161173
17776,-7.231448173522949,-14.75245464077592
17777,1.0381059646606445,-14.710996751219033
17778,1.139248013496399,-14.676265658289195
17779,-3.881230592727661,-14.661992614656686
17780,-10.26318645477295,-14.691528240114451
17781,-17.80729866027832,-14.740862487703561
17782,-18.389606475830078,-14.765232120424509
17783,-14.549469947814941,-14.777813644319773
17784,-89.89591979980469,-15.094034427553416
17785,-59.67329406738281,-15.308418422609568
17786,-48.483253479003906,-15.48542970648408
17787,-47.06825637817383,-15.656037067323924
17788,-10.495116233825684,-15.69385662022233
17789,-7.565674781799316,-15.706456780821085
17790,-5.698225021362305,-15.690654191404581
17791,-5.191549777984619,-15.673478255659342
17792,-4.970658302307129,-15.642694095045329
17793,-7.849891662597656,-15.588261943250895
17794,-5.981083393096924,-15.461006070524455
17795,-6.295136451721191,-15.314834733396768
17796,-17.70735740661621,-15.205452706724405
17797,-17.2469425201416,-15.092263444334268
17798,-11.445331573486328,-15.098319569975137
17799,-10.54201602935791,-15.111719933897257
17800,-9.944914817810059,-15.129543893247844
17801,-7.514780521392822,-15.1436741823256
17802,0.3893760144710541,-15.121188938170672
17803,-6.270909786224365,-15.113898012191058
17804,-9.572212219238281,-15.123455127745867
17805,-9.162629127502441,-15.132690397292375
17806,-64.06529235839844,-15.324496259719133
17807,-25.291332244873047,-15.352226385146379
17808,-17.248376846313477,-15.344926336318254
17809,-8.627609252929688,-15.313805166274308
17810,-40.173091888427734,-15.458549467116594
17811,-45.184532165527344,-15.595366113692522
17812,-45.86416244506836,-15.762510763198136
17813,-49.479286193847656,-15.917336729079485
17814,-10.82699966430664,-15.931467565566301
17815,-8.434675216674805,-15.914239824324847
17816,-6.998608112335205,-15.880169612914324
17817,-2.8734519481658936,-15.63760511687398
17818,-5.132400035858154,-15.480835080176591
17819,-7.637991428375244,-15.139758872061968
17820,-5.143341541290283,-14.922392724066972
17821,-9.015382766723633,-14.788732560187578
17822,-5.862287998199463,-14.76447148039937
17823,-12.139615058898926,-14.768813674002885
17824,-2.8841280937194824,-14.748123818427324
17825,-3.3709845542907715,-14.729456355124713
17826,0.8190460205078125,-14.689319537192583
17827,1.3716540336608887,-14.653046088248491
17828,-0.14153265953063965,-14.617104517012834
17829,-2.322932004928589,-14.596371445685625
17830,-55.41499710083008,-14.792367735892535
17831,-13.487598419189453,-14.808158007651567
17832,-16.13321876525879,-14.840827015906573
17833,-17.519906997680664,-14.890485993415117
17834,-45.734004974365234,-15.080650541335345
17835,-37.34006881713867,-15.237170856505632
17836,-49.467315673828125,-15.439516471415757
17837,-37.40391159057617,-15.594748781710862
17838,-10.599066734313965,-15.619857670336962
17839,-6.517983436584473,-15.611952442675829
17840,-6.767208099365234,-15.574400303393602
17841,-4.586725234985352,-15.513636486560106
17842,-3.2352566719055176,-15.365439863711595
17843,-6.668300151824951,-15.196441692858935
17844,-4.384461879730225,-14.975378572970628
17845,-4.895950794219971,-14.803165730029345
17846,-13.086272239685059,-14.815036186724901
17847,-4.560500144958496,-14.792976219683885
17848,-46.37184143066406,-14.94663371899724
17849,-43.69219207763672,-15.097338619738817
17850,1.187891960144043,-15.057883320361375
17851,1.1057939529418945,-15.01851937916875
17852,1.1447099447250366,-14.998396972686052
17853,0.7141486406326294,-14.969798211604356
17854,-2.9416205883026123,-14.902113483935594
17855,-50.932899475097656,-15.045273781329394
17856,-16.03835678100586,-15.059363670855761
17857,-15.182295799255371,-15.1035887837708
17858,-34.40045166015625,-15.24585752633214
17859,-33.49326705932617,-15.385305114775896
17860,-88.05298614501953,-15.729249934226274
17861,-34.77772521972656,-15.872979019194842
17862,-9.785592079162598,-15.881063009291887
17863,-5.729316711425781,-15.861802576094865
17864,-4.732108116149902,-15.820013296157121
17865,-6.88236665725708,-15.771632766753434
17866,-5.032625198364258,-15.588439231902361
17867,-6.613100051879883,-15.413378906279803
17868,-4.555416584014893,-15.217952913314104
17869,-6.367672920227051,-15.136959272414446
17870,-14.660916328430176,-15.161765672713518
17871,-1.803704023361206,-15.130657120734453
17872,-4.117722034454346,-15.12485857489705
17873,-44.342864990234375,-15.272081501990558
17874,-43.72831726074219,-15.429649304419756
17875,-43.820369720458984,-15.573660349875688
17876,-0.4690819978713989,-15.551126143962145
17877,0.5656419992446899,-15.513418408423663
17878,-4.285948753356934,-15.45847308447957
17879,-11.82071590423584,-15.426368207007647
17880,-7.800610065460205,-15.425201880484819
17881,-61.49657440185547,-15.672742874056102
17882,-34.53123474121094,-15.798142151743173
17883,-45.08673858642578,-15.985484770208597
17884,-45.740657806396484,-16.171328649431466
17885,-42.56639099121094,-16.34764564552903
17886,-8.848833084106445,-16.356899410635233
17887,-8.835399627685547,-16.35390255013108
17888,-7.759216785430908,-16.314278803259135
17889,-4.477416515350342,-16.237286629110574
17890,-7.764091491699219,-16.09102384224534
17891,-7.507124900817871,-15.88543175163865
17892,-7.670599937438965,-15.70894271889329
17893,-6.202141761779785,-15.639760578542948
17894,-14.878616333007812,-15.660209610372782
17895,-10.711854934692383,-15.662172230154276
17896,-1.215425968170166,-15.645065233618022
17897,-3.193157911300659,-15.63677223148942
17898,0.8285220265388489,-15.619748703151942
17899,1.3458060026168823,-15.583921625763178
17900,1.3627439737319946,-15.556217249065638
17901,-3.0534512996673584,-15.54079045405984
17902,-10.736030578613281,-15.344695132404565
17903,-13.137237548828125,-15.169481616169215
17904,-17.35265350341797,-15.20399738612771
17905,-22.272052764892578,-15.258768542438746
17906,-42.31926727294922,-15.41731843009591
17907,-46.915748596191406,-15.612236072689296
17908,-90.8442153930664,-15.982662454277277
17909,-87.3910903930664,-16.322013733536004
17910,-8.600257873535156,-16.330518940597774
17911,-6.39751672744751,-16.312477003723384
17912,-4.715099811553955,-16.27776902833581
17913,-2.8570220470428467,-16.213660640388728
17914,-5.493366718292236,-16.0250837379992
17915,-3.0293819904327393,-15.92045868936181
17916,-5.362933158874512,-15.743864554077387
17917,-6.496070861816406,-15.582723150879145
17918,-10.232571601867676,-15.57762540307641
17919,-7.446086883544922,-15.577560450226068
17920,-2.4407033920288086,-15.559815029770135
17921,-0.9686859846115112,-15.54783116737008
17922,1.411613941192627,-15.522481477886439
17923,1.3880159854888916,-15.487501080662012
17924,1.29544198513031,-15.45193721356988
17925,0.7577366828918457,-15.426925433784723
17926,-7.018065452575684,-15.403305747658015
17927,-13.01771068572998,-15.414541316658259
17928,-18.16944122314453,-15.462721666008234
17929,-18.049121856689453,-15.540611609607934
17930,-41.46452331542969,-15.706735014855862
17931,-41.18522262573242,-15.87773846524954
17932,-45.1011848449707,-16.06463292449713
17933,-41.770423889160156,-16.238050476014614
17934,-8.430500030517578,-16.252825715959073
17935,-3.9497082233428955,-16.234442072808744
17936,-4.704600811004639,-16.207080151498317
17937,-5.6114501953125,-16.208579920709134
17938,-5.0419416427612305,-16.075819495141506
17939,-8.333491325378418,-15.92276120275259
17940,-5.628891468048096,-15.756826405465603
17941,-5.870662689208984,-15.606279438912868
17942,-12.421950340270996,-15.622667305886745
17943,-6.6680779457092285,-15.616119185388088
17944,-8.409345626831055,-15.620865567147732
17945,1.4261399507522583,-15.592817474782468
17946,0.6608620285987854,-15.560680692851543
17947,1.3320720195770264,-15.524454638659954
17948,-0.24509599804878235,-15.496128889381886
17949,1.121093988418579,-15.460386212646961
17950,-2.4680652618408203,-15.402898221313954
17951,-12.428903579711914,-15.414285664856434
17952,-16.410245895385742,-15.473183240234851
17953,-17.965930938720703,-15.515781350433826
17954,-40.774696350097656,-15.668129610359669
17955,-50.16911315917969,-15.872385510981083
17956,-21.947988510131836,-15.959819297015667
17957,-47.21385192871094,-16.154721683204173
17958,-8.633516311645508,-16.186272593677042
17959,-6.988686561584473,-16.185205643832685
17960,-4.3317084312438965,-16.135084349811077
17961,-5.273125171661377,-16.12660710066557
17962,-7.097408294677734,-15.979221434772015
17963,-5.467366695404053,-15.802194874942304
17964,-7.989858150482178,-15.73940577238798
17965,-5.962843418121338,-15.593855931460858
17966,-9.512105941772461,-15.597930154025555
17967,-11.856406211853027,-15.609873780429364
17968,-52.10664367675781,-15.797252055346966
17969,-2.016129970550537,-15.779934508502484
17970,0.8550019860267639,-15.756000500619411
17971,0.22437399625778198,-15.72551910418272
17972,1.2697199583053589,-15.687658756911755
17973,0.5288599729537964,-15.650144951999188
17974,-8.208724975585938,-15.61845912283659
17975,-13.6340913772583,-15.603905522525311
17976,-18.382091522216797,-15.669685744464397
17977,-18.194204330444336,-15.721148385226726
17978,-37.58845901489258,-15.8709434132576
17979,-42.90446853637695,-16.043867140769958
17980,-50.03567123413086,-16.24997862291336
17981,-53.77899169921875,-16.447729578495025
17982,-8.317183494567871,-16.471011424541473
17983,-9.229408264160156,-16.45789913892746
17984,-4.731566429138184,-16.398465022563933
17985,-5.067941665649414,-16.31922466611862
17986,-7.088091850280762,-16.167106666088106
17987,-5.340508460998535,-15.96296735715866
17988,-2.7937819957733154,-15.833455290317536
17989,-8.36351490020752,-15.49326668024063
17990,-16.580411911010742,-15.510541262149811
17991,-15.548934936523438,-15.532521269321443
17992,-1.3060519695281982,-15.515820544719697
17993,-2.9574828147888184,-15.49914860868454
17994,1.1385020017623901,-15.460521800994872
17995,1.0134320259094238,-15.422735872268676
17996,-2.836487293243408,-15.4002022895813
17997,-1.961016058921814,-15.373051419734955
17998,-3.3016090393066406,-15.321960080623628
17999,-56.22861862182617,-15.492318521022797
18000,-14.787473678588867,-15.48830798482895
18001,-22.04960060119629,-15.545712859630585
18002,-44.083919525146484,-15.711857484340667
18003,-42.29178237915039,-15.863765294551849
18004,-37.31911087036133,-16.017155794143676
18005,-48.96280288696289,-16.207655725479125
18006,-8.523882865905762,-16.239267297029496
18007,-7.483666896820068,-16.21972144627571
18008,-6.472108364105225,-16.181040261507036
18009,-6.852791786193848,-16.107782933473587
18010,-2.372701644897461,-15.93991203045845
18011,-4.710875034332275,-15.858925238847732
18012,-7.643191814422607,-15.651161275148391
18013,-7.140944004058838,-15.46588514637947
18014,-11.142884254455566,-15.478787585496903
18015,-13.01084041595459,-15.499019946336746
18016,-3.3320000171661377,-15.487688678979874
18017,1.2257606983184814,-15.459619635820388
18018,-3.54952335357666,-15.440707797288894
18019,-0.4222800135612488,-15.409418718338014
18020,1.130795955657959,-15.37222370147705
18021,0.9696959853172302,-15.334956783533096
18022,0.004288000054657459,-15.273666838716716
18023,-7.735256671905518,-15.246748391222209
18024,-11.169717788696289,-15.275012568544597
18025,-6.915733814239502,-15.261957886766643
18026,-35.38731002807617,-15.374581334184855
18027,-38.125335693359375,-15.531235100816936
18028,-41.49644470214844,-15.701777871679514
18029,-36.85740280151367,-15.833682560514658
18030,-52.3867073059082,-16.0021766439192
18031,-5.877516746520996,-15.95445751626417
18032,-49.500492095947266,-16.078901058744638
18033,-4.73936653137207,-16.039660645078868
18034,-49.68389892578125,-15.878812561582773
18035,-6.660608291625977,-15.666761818479747
18036,-7.500949859619141,-15.502832604002208
18037,-4.452420234680176,-15.332369259428233
18038,-10.45576286315918,-15.332211845945567
18039,-52.38801193237305,-15.511501194547861
18040,-49.36163330078125,-15.686154827665538
18041,-2.7142293453216553,-15.676245545934886
18042,0.6277959942817688,-15.65385172874853
18043,0.9014260172843933,-15.618846458029003
18044,1.1606040000915527,-15.590279708456247
18045,1.1682720184326172,-15.560426074575632
18046,-5.518015384674072,-15.511668706487864
18047,-7.606157302856445,-15.473105565618724
18048,-11.752321243286133,-15.474333524297922
18049,-16.626632690429688,-15.49867199094221
18050,-32.249839782714844,-15.587891690801829
18051,-37.09990692138672,-15.706232196401805
18052,-44.424400329589844,-15.88548730177805
18053,-28.04399871826172,-15.972579657506198
18054,-7.147508144378662,-15.96288084120676
18055,-5.590216636657715,-15.94859119124338
18056,-49.04094314575195,-15.888493794392794
18057,-4.553466796875,-15.805542332600803
18058,-5.148216724395752,-15.757141692113132
18059,-5.222099781036377,-15.743519654225558
18060,-5.002725124359131,-15.602838187169283
18061,-5.553656101226807,-15.444314682912081
18062,-12.871397018432617,-15.312343621205539
18063,-10.798700332641602,-15.157621277760715
18064,-5.398378849029541,-15.135906794499606
18065,-0.23351599276065826,-15.10310215760395
18066,1.4972219467163086,-15.069118837367743
18067,0.2421019971370697,-15.056656621586532
18068,1.2825000286102295,-15.030997021328657
18069,0.37955600023269653,-14.998926831614225
18070,-7.151278018951416,-15.006958577524872
18071,-6.880405426025391,-14.998418668162078
18072,-12.338006973266602,-15.024321544062346
18073,-16.857633590698242,-15.043193618189543
18074,-37.88505172729492,-15.183197312723845
18075,-39.707149505615234,-15.328541972529143
18076,-41.90298080444336,-15.499430079828947
18077,-39.291748046875,-15.66208368815109
18078,-6.004867076873779,-15.685537025820464
18079,-9.146533012390137,-15.71283142985031
18080,-4.72463321685791,-15.51006997431442
18081,-7.260233402252197,-15.485160514246672
18082,-5.009766578674316,-15.440666705500334
18083,-4.834591865539551,-15.38992544497177
18084,-5.51817512512207,-15.229062125574798
18085,-8.106879234313965,-15.112129367243499
18086,-14.297770500183105,-14.971451186548919
18087,-9.54761028289795,-14.860025981318206
18088,0.14570599794387817,-14.817046890389173
18089,0.6439539790153503,-14.788399140726774
18090,-0.3066360056400299,-14.762556852351874
18091,1.3297499418258667,-14.73889095164463
18092,1.2257280349731445,-14.721047012817115
18093,1.3449959754943848,-14.688993828307837
18094,0.5296220183372498,-14.669337492715567
18095,-1.4907079935073853,-14.655716521512717
18096,-17.684471130371094,-14.67410931707546
18097,-20.90603256225586,-14.739491446744651
18098,-45.28712844848633,-14.73515259481594
18099,-41.71944046020508,-14.727261588346213
18100,-42.4593620300293,-14.901850604306906
18101,-47.58403778076172,-15.096609931241721
18102,-5.816941738128662,-15.124456537973135
18103,-6.795100212097168,-15.154493533384056
18104,-4.356389045715332,-15.160152607213705
18105,-6.402774810791016,-14.98203210855648
18106,-5.477875232696533,-14.939790182363241
18107,-4.23496675491333,-14.896000866185874
18108,-7.673741817474365,-14.789094026815146
18109,-6.53735876083374,-14.681270393621176
18110,-7.465630054473877,-14.358920969258994
18111,-7.6911845207214355,-14.250574806462973
18112,-3.095449924468994,-14.223814237844199
18113,-43.48780059814453,-14.374848173391074
18114,0.44282200932502747,-14.354148452889174
18115,-0.7711259722709656,-14.32970349014923
18116,-0.7122660279273987,-14.312422053467483
18117,0.6667119860649109,-14.283302805315703
18118,-3.0226073265075684,-14.277171568285674
18119,-7.2673540115356445,-14.280770292650908
18120,-17.362478256225586,-14.29157654036209
18121,-18.553499221801758,-14.358575721155852
18122,-45.57795333862305,-14.524416646372527
18123,-44.36613845825195,-14.524509740244596
18124,-46.57305145263672,-14.535888677012176
18125,-41.21847152709961,-14.525481084238738
18126,-10.343074798583984,-14.564977055441588
18127,-8.970383644104004,-14.603121158014982
18128,-4.769158363342285,-14.605053996454924
18129,-8.169366836547852,-14.590448600184173
18130,-2.7513740062713623,-14.570251655947416
18131,-7.542550086975098,-14.354435558687895
18132,-4.767641544342041,-14.23538118590042
18133,-5.944515705108643,-14.078812294375151
18134,-16.227962493896484,-13.960761513125151
18135,-15.767483711242676,-13.853565884005278
18136,-12.99608039855957,-13.870154873263091
18137,-1.005653977394104,-13.838835890661924
18138,-0.3814699947834015,-13.809324903499334
18139,-2.1920366287231445,-13.800183383952826
18140,-4.2104411125183105,-13.785968782436102
18141,-0.0289900004863739,-13.756056242834777
18142,-1.6041699647903442,-13.731790522944182
18143,-11.878182411193848,-13.754494685541838
18144,-4.511620044708252,-13.71302670038864
18145,1.2481919527053833,-13.66518651283905
18146,0.4839400053024292,-13.658389048945159
18147,0.2957093417644501,-13.644433579932898
18148,-1.2534946203231812,-13.652761646520347
18149,-8.592199325561523,-13.69251366783306
18150,-2.2021000385284424,-13.706773043882102
18151,-13.381868362426758,-13.748086712133139
18152,-19.30769920349121,-13.782373386632651
18153,-19.347902297973633,-13.807216045629232
18154,-81.53997802734375,-14.063965343724936
18155,-86.4458999633789,-14.320660732518881
18156,-45.10713195800781,-14.331812191259116
18157,-7.783203125,-14.17528200937435
18158,-7.807425022125244,-13.843134847890585
18159,-6.463983535766602,-13.519426420461386
18160,-4.722141742706299,-13.50391395593807
18161,-3.065931558609009,-13.490587615262717
18162,-7.109324932098389,-13.500164515744896
18163,-5.225566864013672,-13.509638695012779
18164,-5.069458484649658,-13.507943062078208
18165,-11.604048728942871,-13.542241729032249
18166,-12.354105949401855,-13.570206420194358
18167,-18.340824127197266,-13.617585433255881
18168,-8.479372024536133,-13.610572634946555
18169,-0.8816346526145935,-13.584314826022833
18170,1.054386019706726,-13.570334468375892
18171,0.4060260057449341,-13.564835620414465
18172,0.6762959957122803,-13.567776892196386
18173,-0.8082713484764099,-13.576562041532249
18174,-51.50761413574219,-13.787774266015738
18175,-11.790050506591797,-13.837965414773674
18176,-17.731969833374023,-13.880821032296867
18177,-32.69139862060547,-13.959515784036368
18178,-48.27430725097656,-14.079935248147697
18179,-46.97666931152344,-14.195645437967032
18180,-37.705501556396484,-14.180609350930899
18181,-7.539783477783203,-14.046027594339103
18182,-8.549833297729492,-13.899822188150138
18183,-4.318708419799805,-13.750015326272695
18184,-7.309091567993164,-13.745529692422599
18185,-7.368133544921875,-13.759203393708914
18186,-4.394433498382568,-13.757962724458427
18187,-5.230875015258789,-13.756440423738212
18188,-7.67276668548584,-13.76696372390911
18189,-3.342698097229004,-13.747000550996512
18190,-11.46081829071045,-13.770328258287162
18191,-5.199895858764648,-13.767645190965384
18192,-5.079319953918457,-13.738274669419974
18193,1.2630599737167358,-13.706550117742271
18194,0.5001580119132996,-13.670912103187293
18195,0.5046579837799072,-13.674598031055183
18196,0.9653639793395996,-13.67338002325222
18197,-46.22975158691406,-13.863627317678183
18198,-6.862471103668213,-13.89009681810066
18199,-11.55381965637207,-13.940796472679823
18200,-19.90851402282715,-14.010558267723768
18201,-37.58668518066406,-14.111189394127578
18202,-47.046714782714844,-14.233735269676894
18203,-38.9556999206543,-14.317694345604629
18204,-43.58162307739258,-14.328922052513809
18205,-9.993049621582031,-14.168217798363417
18206,-6.458616733551025,-14.106260311257094
18207,-2.476155996322632,-13.927309527527541
18208,-4.158916473388672,-13.909411128174513
18209,-4.647500038146973,-13.900046382080763
18210,-4.960691452026367,-13.902562314163893
18211,-4.8245158195495605,-13.900767876755447
18212,-5.1814751625061035,-13.89310414422676
18213,-59.34258270263672,-14.10860500825569
18214,-14.231505393981934,-14.13357159722969
18215,-6.321402072906494,-14.13500583184883
18216,-3.541825294494629,-14.111124709259718
18217,0.6091740131378174,-14.061262388359756
18218,1.1684160232543945,-13.848162149559707
18219,1.1213279962539673,-13.835612317692489
18220,-0.03783600032329559,-13.839183669637888
18221,0.2340420037508011,-13.839144997607917
18222,-7.038949489593506,-13.872379675399513
18223,-13.130393981933594,-13.927016691219062
18224,-20.32330894470215,-13.975475027095527
18225,-42.041038513183594,-14.089102815639228
18226,-39.99443054199219,-14.17555217171833
18227,-34.30904006958008,-14.240011514674872
18228,-43.48054504394531,-14.263579858791083
18229,-9.53024959564209,-14.130082983028144
18230,-6.099383354187012,-13.954337831508369
18231,-6.135950088500977,-13.763765665065497
18232,-3.0482683181762695,-13.74269000435993
18233,-3.646608352661133,-13.720358804713936
18234,-6.277975082397461,-13.726544439326972
18235,-6.7562665939331055,-13.733297739040106
18236,-7.663883209228516,-13.735600904475898
18237,-11.92814826965332,-13.761951463710517
18238,-14.411223411560059,-13.808421229373664
18239,-9.269330978393555,-13.812044493686408
18240,1.1881439685821533,-13.740970270168036
18241,1.1400480270385742,-13.674214338313789
18242,-0.607312023639679,-13.671419378530235
18243,0.18871000409126282,-13.658834607254715
18244,0.6725886464118958,-13.660698260676115
18245,-2.5351052284240723,-13.67489240969345
18246,-8.433544158935547,-13.697280637156219
18247,-2.7537600994110107,-13.700451613318176
18248,-15.540111541748047,-13.749405623327942
18249,-32.45199966430664,-13.654299147497863
18250,-41.463375091552734,-13.761002753149718
18251,-42.91352081298828,-13.844458433996886
18252,-40.073970794677734,-13.82841863907501
18253,-8.675066947937012,-13.693951777350158
18254,-7.559124946594238,-13.57491183365509
18255,-6.424441814422607,-13.404758389364927
18256,-6.1895751953125,-13.395421158682556
18257,-5.327168941497803,-13.386795166861265
18258,-4.313291549682617,-13.378159899603576
18259,-49.70654296875,-13.5495749043338
18260,-3.0283899307250977,-13.55219765747711
18261,-3.2155261039733887,-13.546216261755674
18262,-12.502939224243164,-13.565655251394958
18263,-11.266845703125,-13.582158858191223
18264,-3.8285861015319824,-13.552901665579528
18265,-6.73795223236084,-13.527810112845152
18266,-7.702179431915283,-13.545290830504149
18267,-3.5258266925811768,-13.564297180067747
18268,-6.94047737121582,-13.577860996138304
18269,-6.01666784286499,-13.60023854745552
18270,-15.714646339416504,-13.667620316635817
18271,-12.824219703674316,-13.722795979391783
18272,-4.180120468139648,-13.73953361326456
18273,-36.798622131347656,-13.855787075102329
18274,-35.423221588134766,-13.952801090300083
18275,-37.40669250488281,-14.074764925062656
18276,-33.917659759521484,-14.068886323988437
18277,-8.702692031860352,-13.95119574934244
18278,-7.8792500495910645,-13.816726970732212
18279,-2.864535093307495,-13.680755499899387
18280,-5.100008487701416,-13.491608704626561
18281,-4.770783424377441,-13.487181771337985
18282,-6.796350002288818,-13.316365202963352
18283,-5.296741485595703,-13.318594702780247
18284,-5.229245185852051,-13.14077608782053
18285,-19.185264587402344,-13.190874713003636
18286,-13.58901596069336,-13.215226977407932
18287,-15.011377334594727,-13.25746280580759
18288,-11.63521957397461,-13.262180632650852
18289,-4.228226184844971,-13.06954148966074
18290,-5.705435276031494,-12.89491669756174
18291,-3.7584993839263916,-12.89909377771616
18292,-0.047986000776290894,-12.901796905696392
18293,-7.184878826141357,-12.934142125070094
18294,-7.985695838928223,-12.970727324426175
18295,-10.0397310256958,-13.015559336602688
18296,-9.959905624389648,-13.03332689756155
18297,-34.327301025390625,-13.140211472451687
18298,-47.502464294433594,-13.283212044656278
18299,-50.42137145996094,-13.418390999734402
18300,-29.164880752563477,-13.406051163613796
18301,-7.895008563995361,-13.289231570184231
18302,-6.267516613006592,-13.136604035317898
18303,-49.85127639770508,-13.223833146035672
18304,-7.005216598510742,-13.223263979852199
18305,-6.816391468048096,-13.228168679177761
18306,-3.4483482837677,-13.045798299729825
18307,-7.897883415222168,-13.059175966203213
18308,-5.767341613769531,-13.061652465760709
18309,-14.25222110748291,-13.097772951066494
18310,-14.025876998901367,-13.133865558564663
18311,-16.491863250732422,-13.177618387162685
18312,-7.58588981628418,-13.156476358354091
18313,-7.935227394104004,-13.145022466599942
18314,-1.6527040004730225,-13.130039767205716
18315,-4.926263809204102,-13.14881075847149
18316,-7.546629905700684,-13.184986165881156
18317,-7.268956661224365,-13.215030400514603
18318,-10.877224922180176,-13.263669300317764
18319,-15.082474708557129,-13.325517423152924
18320,-5.774374008178711,-13.320009807109832
18321,-22.670957565307617,-13.383172015666961
18322,-35.67015838623047,-13.476500621318817
18323,-40.40673065185547,-13.570697009563446
18324,-39.11884689331055,-13.575632190227509
18325,-10.01276683807373,-13.456854659557342
18326,-6.157016754150391,-13.31387080335617
18327,-4.03606653213501,-13.17284807729721
18328,-7.3532915115356445,-13.178241775035858
18329,-7.185699939727783,-13.170398442745208
18330,-7.0609002113342285,-13.179743510723114
18331,-6.443183422088623,-13.17647531080246
18332,-5.394241809844971,-13.178013211727142
18333,-13.388303756713867,-13.21222805929184
18334,-2.638767957687378,-13.2007104306221
18335,-11.50058364868164,-13.214285248279571
18336,-3.877418041229248,-13.172603838443756
18337,1.2439980506896973,-13.129437405109405
18338,1.1895300149917603,-13.125262109041214
18339,0.45791199803352356,-13.12600627696514
18340,0.4421980082988739,-13.123010940909385
18341,0.22528666257858276,-13.127428794026375
18342,-5.33181619644165,-13.153658970952034
18343,-15.243337631225586,-13.220012305378914
18344,-20.135713577270508,-13.302673647761345
18345,-34.984764099121094,-13.4366498721838
18346,-40.2054557800293,-13.526733810782433
18347,-41.79924011230469,-13.610306640982628
18348,-26.596784591674805,-13.535545265555381
18349,-53.689090728759766,-13.5834238666296
18350,-8.153657913208008,-13.446201050162315
18351,-5.844799995422363,-13.279244099020959
18352,-6.44545841217041,-13.281758165717125
18353,-4.854091644287109,-13.273994131445885
18354,-6.627999782562256,-13.283080574393272
18355,-5.151575088500977,-13.278075775504112
18356,-5.973391532897949,-13.280057840704918
18357,-16.64637565612793,-13.329703476309776
18358,-10.386054992675781,-13.340552729010582
18359,-4.323022842407227,-13.331695385336875
18360,1.235592007637024,-13.296890497088432
18361,1.2737339735031128,-13.261030823111534
18362,-1.1522979736328125,-13.25325821530819
18363,-1.0559159517288208,-13.083530676722527
18364,-0.21634800732135773,-13.086167356789112
18365,-2.988848924636841,-13.095038248598575
18366,-4.274257183074951,-13.109286213219166
18367,-11.419755935668945,-13.157632084906101
18368,-62.211727142333984,-13.394388564169407
18369,-83.64315032958984,-13.699891749441624
18370,-87.0479507446289,-13.978633639395238
18371,-86.46674346923828,-14.250286616384983
18372,-16.12238311767578,-14.132464335501194
18373,-4.851150035858154,-13.974404381811619
18374,-6.044783115386963,-13.812291308462619
18375,-7.201408386230469,-13.676223055899143
18376,-6.794400215148926,-13.662028357565402
18377,-4.823975086212158,-13.645442723333836
18378,-4.393674850463867,-13.643940789282322
18379,-4.2097601890563965,-13.628102362692356
18380,-5.460866451263428,-13.638940332472325
18381,-64.96785736083984,-13.868641561567783
18382,-18.114791870117188,-13.922030162870884
18383,-8.069910049438477,-13.930531740248203
18384,0.4940933287143707,-13.86364351695776
18385,-0.7430179715156555,-13.803545653998851
18386,1.0505520105361938,-13.747359124362468
18387,0.44518598914146423,-13.741555764496326
18388,0.5732020139694214,-13.737737076461315
18389,0.9965959787368774,-13.724982546031475
18390,-3.804506778717041,-13.72335880869627
18391,-10.375310897827148,-13.764744092285634
18392,-20.442399978637695,-13.840097012341023
18393,-43.57320022583008,-13.966877083599567
18394,-39.57902526855469,-14.107146704494953
18395,-48.185638427734375,-14.304882026016712
18396,-17.650680541992188,-14.37742050820589
18397,-53.46689987182617,-14.592470945060253
18398,-50.73115921020508,-14.79038160341978
18399,-3.7480082511901855,-14.771004839122295
18400,-3.847675085067749,-14.777587139308453
18401,-6.703616619110107,-14.750874132335186
18402,-6.411116600036621,-14.699287801921368
18403,-6.809675216674805,-14.649134893596173
18404,-7.235099792480469,-14.351915380656719
18405,-11.419866561889648,-14.051811247050763
18406,-8.839813232421875,-13.906741972148419
18407,-5.591982841491699,-13.897977091014384
18408,1.1398320198059082,-13.862188062846661
18409,-0.9326440095901489,-13.840062704741955
18410,-1.997514009475708,-13.829164193809033
18411,-0.6651910543441772,-13.819561231791972
18412,0.9943199753761292,-13.787146652162075
18413,-43.92710876464844,-13.941952819764614
18414,-48.09393310546875,-14.11405071824789
18415,-2.1994900703430176,-14.076432483613491
18416,-17.579814910888672,-14.097335319459438
18417,-11.324186325073242,-14.069268768250943
18418,-38.60476303100586,-14.18977033227682
18419,-17.545698165893555,-14.256426586329937
18420,-39.52689743041992,-14.418751720130443
18421,-8.798566818237305,-14.455570091426372
18422,-5.683816432952881,-14.481010541141034
18423,-3.0130650997161865,-14.489829716145993
18424,-4.182966709136963,-14.300531126439571
18425,-49.181884765625,-14.450098463475705
18426,-49.20615005493164,-14.575995184361934
18427,-3.941816568374634,-14.460996856153011
18428,-4.995683193206787,-14.287882359921932
18429,-54.99542236328125,-14.319957372128963
18430,-52.46216583251953,-14.378984029233456
18431,-3.19842791557312,-14.361618606984615
18432,1.0744099617004395,-14.323121633946895
18433,1.0889064073562622,-14.30149117463827
18434,-2.137363910675049,-14.280804264009
18435,0.9148319959640503,-14.247672401845454
18436,0.3894219994544983,-14.228536979854107
18437,0.48368799686431885,-14.205678727805614
18438,-4.19088888168335,-14.191751216590404
18439,-5.529849052429199,-14.200499820411205
18440,-14.049985885620117,-14.210856490790844
18441,-77.37264251708984,-14.499547477424144
18442,-36.40697479248047,-14.624858096778393
18443,-43.420249938964844,-14.803591336429118
18444,-32.64662170410156,-14.93617845529318
18445,-9.271550178527832,-14.975283287942409
18446,-8.106858253479004,-15.011572176873685
18447,-2.7144932746887207,-14.837511143624782
18448,-7.41254997253418,-14.839711459100247
18449,-7.307250022888184,-14.82272518056631
18450,-6.689316749572754,-14.769848391473293
18451,-7.519691467285156,-14.649580416619777
18452,-3.7214467525482178,-14.476279344499112
18453,-13.641359329223633,-14.375021982133388
18454,-11.424575805664062,-14.246393793046474
18455,-9.380093574523926,-14.243941968858241
18456,-4.90078067779541,-14.23771062463522
18457,0.44801199436187744,-14.226013952672481
18458,-0.7696319818496704,-14.212456814706325
18459,0.5457339882850647,-14.191683878600598
18460,0.513189971446991,-14.169788352906703
18461,-2.90378999710083,-14.16210544961691
18462,-1.2126460075378418,-14.146230132997037
18463,-15.925390243530273,-13.97256136316061
18464,-15.639739990234375,-13.97819430154562
18465,-36.95360565185547,-14.100723115861415
18466,-46.7009162902832,-14.27335947984457
18467,-38.3935546875,-14.42937039464712
18468,-24.531274795532227,-14.532169157922269
18469,-52.34965896606445,-14.74605310577154
18470,-5.5468831062316895,-14.768089294195175
18471,-49.7227897644043,-14.967916621267795
18472,-4.619008541107178,-14.95823685747385
18473,-7.468883514404297,-14.935590815603733
18474,-7.064041614532471,-14.882553746283055
18475,-5.252108097076416,-14.735398024618625
18476,-7.995708465576172,-14.607403136312962
18477,-14.038485527038574,-14.526320918142796
18478,-14.185498237609863,-14.409140730917454
18479,-11.541472434997559,-14.417185622274875
18480,-7.033375263214111,-14.420921589910984
18481,-9.54033374786377,-14.434539124548435
18482,-6.09699010848999,-14.44673401170969
18483,-21.277170181274414,-14.517256259024144
18484,-36.86582946777344,-14.639607676565648
18485,-47.76384735107422,-14.803637999594212
18486,-47.599369049072266,-14.963379942953587
18487,-51.64541244506836,-15.122248999655246
18488,-10.247308731079102,-15.105593340933323
18489,-8.725767135620117,-15.10341908556223
18490,-7.735491752624512,-15.139113628447056
18491,-5.529333114624023,-15.165791153013707
18492,-5.458374977111816,-15.185195404827594
18493,-4.861891746520996,-15.205397811830045
18494,-6.028966903686523,-15.232204034030438
18495,-9.251792907714844,-15.2590707847476
18496,-13.810513496398926,-15.280578662097454
18497,-18.22873306274414,-15.342478553950787
18498,-2.11979603767395,-15.28879729193449
18499,-5.227926731109619,-15.179901000201703
18500,-47.19462585449219,-15.20282600325346
18501,-3.4085259437561035,-15.04480602377653
18502,-4.0789666175842285,-14.900826007068158
18503,-12.199048042297363,-14.9149219314456
18504,-10.095601081848145,-14.925067835986614
18505,-61.39511489868164,-15.144950528323651
18506,-23.72256851196289,-15.215082501590253
18507,-21.156404495239258,-15.278399443805217
18508,-55.594627380371094,-15.48352478712797
18509,-55.769561767578125,-15.507776862323285
18510,-52.091224670410156,-15.704028201282025
18511,-47.779361724853516,-15.882283543765546
18512,-9.876533508300781,-15.871777920901776
18513,-7.953508377075195,-15.858524571597576
18514,-5.516441822052002,-15.865275994479656
18515,-7.010741710662842,-15.866367152392865
18516,-5.963316440582275,-15.859411700427533
18517,-7.307466506958008,-15.874538259685039
18518,-5.18200159072876,-15.86750435656309
18519,-9.134160995483398,-15.879974329173566
18520,-15.269255638122559,-15.87819276636839
18521,-13.190861701965332,-15.879659334361554
18522,-9.328022003173828,-15.90025094050169
18523,-7.698460578918457,-15.783850294291973
18524,-3.0921220779418945,-15.6545258962512
18525,-4.516915321350098,-15.52296678751707
18526,-8.417555809020996,-15.42096637171507
18527,-22.830739974975586,-15.47747856348753
18528,-21.681446075439453,-15.532687347590924
18529,-26.096891403198242,-15.625616772830487
18530,-25.959461212158203,-15.709054583728314
18531,-28.18988800048828,-15.802731002032758
18532,-54.1848258972168,-15.992284905612468
18533,-49.38555908203125,-16.16864017599821
18534,-52.908287048339844,-16.359356343448162
18535,-49.14616012573242,-16.47919992560148
18536,-11.394233703613281,-16.470420796573162
18537,-4.766866683959961,-16.429442753970623
18538,-5.215274810791016,-16.40376297491789
18539,-4.666759967803955,-16.405517110049725
18540,-5.905141830444336,-16.406315936267376
18541,-50.994407653808594,-16.595259569346904
18542,-53.58888244628906,-16.809423155128957
18543,-8.949287414550781,-16.816480789482593
18544,-18.40446662902832,-16.858155872642993
18545,-13.46827507019043,-16.871870048820973
18546,-14.514184951782227,-16.89008716613054
18547,-2.5448319911956787,-16.762957289993764
18548,-8.214131355285645,-16.60580395823717
18549,-5.357961177825928,-16.42555031710863
18550,-3.3870506286621094,-16.322438996613027
18551,-11.636305809020996,-16.33740418559313
18552,-14.481222152709961,-16.37025900775194
18553,-7.5370893478393555,-16.201002259552478
18554,-20.12974739074707,-16.253500382721423
18555,-70.80747985839844,-16.509464736282826
18556,-52.2614631652832,-16.704717195808886
18557,-61.767601013183594,-16.920196066200734
18558,-53.25541687011719,-17.110148367226124
18559,-46.8443717956543,-17.24051696997881
18560,-9.867433547973633,-17.223883196175098
18561,-9.385950088500977,-17.195459543526173
18562,-7.647200107574463,-17.195704784691333
18563,-7.763008117675781,-17.19501590758562
18564,-6.209666728973389,-17.213243758499623
18565,-5.564541816711426,-17.21579687052965
18566,-2.981421709060669,-17.19753603774309
18567,-9.119550704956055,-17.20493841391802
18568,-17.703432083129883,-17.232243242561818
18569,-15.227006912231445,-17.232821371376513
18570,-15.876930236816406,-17.273231596291065
18571,-9.47037410736084,-17.220429262459277
18572,-2.090958595275879,-17.08611246329546
18573,-1.9944859743118286,-16.932463484585284
18574,1.0842519998550415,-16.77165108901262
18575,-4.425556659698486,-16.749302248299124
18576,-14.192383766174316,-16.78144371634722
18577,-21.032644271850586,-16.84943002730608
18578,-10.719303131103516,-16.86289407378435
18579,-23.070289611816406,-16.926432432472705
18580,-45.87834930419922,-17.081702228844165
18581,-53.06186294555664,-17.268176946938038
18582,-58.562744140625,-17.480850956261158
18583,-31.465595245361328,-17.553160122215747
18584,-11.861149787902832,-17.59004964953661
18585,-6.803003311157227,-17.57125932818651
18586,-7.434000015258789,-17.58548565608263
18587,-5.57028341293335,-17.612742781937122
18588,-5.776333332061768,-17.640606235325336
18589,-5.754449844360352,-17.665455682694912
18590,-6.527191638946533,-17.693333241283895
18591,-6.2858147621154785,-17.71937764698267
18592,-19.141613006591797,-17.77461683422327
18593,-16.216754913330078,-17.77851050335169
18594,-13.005709648132324,-17.749990487635134
18595,-4.610313415527344,-17.62849268490076
18596,-2.2355546951293945,-17.47661308056116
18597,0.2566779851913452,-17.308389408171177
18598,-1.161223292350769,-17.20664716297388
18599,-7.259114742279053,-17.020927259027957
18600,-8.008055686950684,-17.020344850122928
18601,-12.186488151550293,-17.045711602747442
18602,-9.468321800231934,-17.057803056299687
18603,-24.409740447998047,-17.13602565151453
18604,-43.93788146972656,-17.285265178263188
18605,-57.91725158691406,-17.49632788425684
18606,-53.292213439941406,-17.685603171885013
18607,-51.82274627685547,-17.826308654367924
18608,-9.162291526794434,-17.8214136005044
18609,-10.110917091369629,-17.844565177500247
18610,-6.367350101470947,-17.87497694593668
18611,-6.668516635894775,-17.906745948374272
18612,-7.363583564758301,-17.931591090738774
18613,-8.151599884033203,-17.95997382646799
18614,-7.637883186340332,-17.989659967184068
18615,-6.128764629364014,-18.002219630002976
18616,-16.224525451660156,-18.050020703077315
18617,-9.710466384887695,-18.043183544874193
18618,-7.570621490478516,-17.82461912226677
18619,0.28142133355140686,-17.488920835614206
18620,1.7855279445648193,-17.13358692085743
18621,-43.47475051879883,-16.961618949055673
18622,-43.308738708496094,-17.070364371418954
18623,0.9652780294418335,-17.047098659157754
18624,-6.482945442199707,-17.048851308465004
18625,-1.4947459697723389,-17.026024658799173
18626,-17.184612274169922,-17.067585507035254
18627,-22.353424072265625,-17.13770330297947
18628,-19.11444091796875,-17.196586367249488
18629,-51.90919494628906,-17.387384106278418
18630,-22.726276397705078,-17.456445746064187
18631,-47.4833984375,-17.386507910370828
18632,-10.748241424560547,-17.3570417085886
18633,-8.589158058166504,-17.35911870062351
18634,-7.51200008392334,-17.391143074274062
18635,-3.3099312782287598,-17.401410727500917
18636,-6.1576666831970215,-17.430243602275848
18637,-5.143233299255371,-17.452597279429437
18638,-5.369758129119873,-17.47636912000179
18639,-6.366199493408203,-17.505820301890374
18640,-11.787654876708984,-17.53775289428234
18641,-6.888810157775879,-17.523806891322135
18642,-48.79612731933594,-17.63722180068493
18643,-0.5797933340072632,-17.465248173117637
18644,0.749180018901825,-17.303935351967812
18645,1.6640100479125977,-17.104536758065223
18646,1.6944119930267334,-17.02715638792515
18647,-2.296354055404663,-16.82247420465946
18648,-1.732000708580017,-16.626477570652963
18649,-10.016844749450684,-16.651552916646004
18650,-6.762520790100098,-16.66321229946613
18651,-22.514986038208008,-16.726457777142524
18652,-39.541786193847656,-16.85898045551777
18653,-44.561649322509766,-17.009988351941107
18654,-49.48017501831055,-17.17896865284443
18655,-40.00418472290039,-17.293305925488472
18656,-7.978208541870117,-17.289859506726266
18657,-8.71157455444336,-17.30233787357807
18658,-4.4277849197387695,-17.32460834133625
18659,-5.797458171844482,-17.34406759798527
18660,-7.871775150299072,-17.36756464254856
18661,-5.544283390045166,-17.387081011891365
18662,-8.121700286865234,-17.42354509294033
18663,-9.05392074584961,-17.284052340865134
18664,-17.058080673217773,-17.15990893113613
18665,-2.079453229904175,-17.159428783774377
18666,-8.562478065490723,-17.123359436392786
18667,-2.6557846069335938,-17.088685829520227
18668,-3.734915256500244,-16.949206438422202
18669,-1.8674119710922241,-16.886493293643
18670,1.8983440399169922,-16.72079232776165
18671,0.6020799875259399,-16.683189740538598
18672,-8.62137508392334,-16.69493997514248
18673,-11.214961051940918,-16.72774755895138
18674,-17.148603439331055,-16.779610105872155
18675,-22.732223510742188,-16.673811460852622
18676,-53.20505905151367,-16.68980709683895
18677,-40.765811920166016,-16.837103078246116
18678,-58.7830810546875,-17.052252669692038
18679,-48.83626937866211,-17.027616057753562
18680,-11.658782958984375,-16.864402526259422
18681,-7.830224990844727,-16.882929714560508
18682,-7.47148323059082,-16.917113287329673
18683,-5.855958461761475,-16.944892746806143
18684,-5.400199890136719,-16.95794409072399
18685,-6.259825229644775,-16.986642719626428
18686,-7.009166717529297,-17.016237074494363
18687,-9.016295433044434,-17.054237008213995
18688,-14.870992660522461,-17.096957423329354
18689,-9.779271125793457,-17.11395511162281
18690,-9.189334869384766,-17.09451250755787
18691,-4.3596086502075195,-16.80246037209034
18692,-3.569822072982788,-16.671111761212348
18693,1.7732126712799072,-16.49033791077137
18694,1.513317346572876,-16.353698154568672
18695,-1.660470724105835,-16.323253836750983
18696,-9.564214706420898,-16.32908326256275
18697,-2.3558199405670166,-16.327648569226266
18698,-20.578908920288086,-16.38031400501728
18699,-26.670564651489258,-16.457767263531686
18700,-27.517757415771484,-16.54108102619648
18701,-54.97883605957031,-16.73091760456562
18702,-53.83573913574219,-16.931374774098398
18703,-47.03411865234375,-17.064945811390878
18704,-11.964824676513672,-17.067106806874275
18705,-7.653966903686523,-17.060202300190927
18706,-7.737116813659668,-17.071547644734384
18707,-5.884125232696533,-17.096876193642615
18708,-6.5690083503723145,-17.120073699116706
18709,-6.361983299255371,-17.147704568266867
18710,-5.769941806793213,-17.17283709537983
18711,-9.186999320983887,-17.197969932675363
18712,-6.586893558502197,-17.21946692287922
18713,-53.99515151977539,-17.3717459679842
18714,-5.752729415893555,-17.332197925686835
18715,-8.984780311584473,-17.220322624325753
18716,-3.497910737991333,-17.047510602116585
18717,1.5787220001220703,-16.887621495366098
18718,1.9213919639587402,-16.781810828328133
18719,-1.5825586318969727,-16.57874242699146
18720,-4.882079124450684,-16.57608321106434
18721,-11.703916549682617,-16.424007718205452
18722,-21.155475616455078,-16.490153586506842
18723,-23.0228328704834,-16.55236938393116
18724,-33.249393463134766,-16.657110791325568
18725,-95.70713806152344,-17.018930911183357
18726,-59.089866638183594,-17.223307543873787
18727,-41.10042190551758,-17.3315552893877
18728,-8.78464126586914,-17.30995186150074
18729,-10.088491439819336,-17.304139937520027
18730,-5.941975116729736,-17.29977433693409
18731,-8.34172534942627,-17.29497990334034
18732,-6.1753249168396,-17.295293242573738
18733,-6.024633407592773,-17.23428309547901
18734,-6.715366840362549,-17.113681244969367
18735,-6.975676536560059,-16.950528561711312
18736,-8.660473823547363,-16.794772980809213
18737,-12.998525619506836,-16.640185433506964
18738,-12.583232879638672,-16.649529130101204
18739,-5.5725812911987305,-16.63691638672352
18740,-3.3704559803009033,-16.619456243634225
18741,1.823706030845642,-16.590044087052345
18742,1.893496036529541,-16.56063660299778
18743,-4.535165309906006,-16.55932969725132
18744,-3.905886650085449,-16.550837376236917
18745,-2.288583993911743,-16.522984540581703
18746,-16.704998016357422,-16.534562478661538
18747,-24.824602127075195,-16.56094595491886
18748,-43.60757064819336,-16.72689705336094
18749,-59.91535186767578,-16.945646753907205
18750,-60.12992477416992,-16.997387949585914
18751,-53.53578567504883,-17.197896988511086
18752,-9.417091369628906,-17.219249487519264
18753,-8.146666526794434,-17.203039961457254
18754,-4.795251846313477,-17.181838564515115
18755,-8.53195858001709,-16.970385939240455
18756,-5.566708564758301,-16.897762499451638
18757,-5.597145080566406,-16.835525461792948
18758,-6.48829984664917,-16.63910015165806
18759,-8.476604461669922,-16.449928322434424
18760,-17.357044219970703,-16.31099160063267
18761,-12.543120384216309,-16.17004663527012
18762,-12.34177303314209,-16.179907593369485
18763,-9.36611557006836,-16.185558022141457
18764,-3.0630080699920654,-16.175744287133217
18765,1.3034226894378662,-16.142487629532813
18766,0.20172066986560822,-16.117827481091023
18767,-1.7681753635406494,-16.095670316517353
18768,-6.164902687072754,-16.099601920902728
18769,-17.073617935180664,-16.131359748661517
18770,-19.252229690551758,-16.147291644871235
18771,-22.653167724609375,-16.18514086896181
18772,-56.67192840576172,-16.374516494572163
18773,-30.09536361694336,-16.464104106724264
18774,-52.925132751464844,-16.663436149418352
18775,-44.12055587768555,-16.821850711643695
18776,-12.036649703979492,-16.83632708722353
18777,-9.812458038330078,-16.78425395947695
18778,-7.6820831298828125,-16.72825650769472
18779,-7.408758163452148,-16.653503974735738
18780,-3.314546585083008,-16.562924316227438
18781,-7.204008102416992,-16.478980796635152
18782,-6.335549831390381,-16.287583692371847
18783,-6.198840618133545,-16.114836818516256
18784,-15.153822898864746,-15.963818961918355
18785,-10.944546699523926,-15.811012508213521
18786,-4.8668599128723145,-15.784903013050556
18787,-7.960375785827637,-15.797677049458027
18788,-2.9688546657562256,-15.788691368877888
18789,1.6004159450531006,-15.76362266522646
18790,1.7897579669952393,-15.7328430660367
18791,1.708956003189087,-15.52202961140871
18792,-7.9420061111450195,-15.339442106068134
18793,-1.4899519681930542,-15.309604764282703
18794,-18.405954360961914,-15.309610715210438
18795,-21.32613754272461,-15.341042165100575
18796,-47.920528411865234,-15.474667538940906
18797,-25.73186492919922,-15.56741567069292
18798,-90.84510040283203,-15.897939546883107
18799,-48.72783660888672,-16.07141904860735
18800,-10.77840805053711,-16.100984478294848
18801,-5.470611572265625,-16.07632170134783
18802,-5.218416690826416,-16.039270479500292
18803,-7.060575008392334,-16.037364422142506
18804,-4.980949878692627,-15.976769232094288
18805,-4.544583320617676,-15.711717645943164
18806,-7.527708530426025,-15.532782627403735
18807,-5.003335952758789,-15.305725567162037
18808,-56.63225173950195,-15.319232906639575
18809,-7.6627678871154785,-15.16250649100542
18810,-6.70778751373291,-15.149867906868458
18811,-0.2914673388004303,-15.113489975869655
18812,1.7100080251693726,-15.07606114333868
18813,1.8053100109100342,-15.037787870824337
18814,1.7174713611602783,-15.006079318463803
18815,0.9125726819038391,-14.980170860469341
18816,-4.891369819641113,-14.987810652911664
18817,-2.0226900577545166,-14.959423210322857
18818,-15.230216979980469,-14.94953034991026
18819,-25.087072372436523,-14.98897061175108
18820,-52.37913131713867,-15.134979416072369
18821,-56.853694915771484,-15.32451269930601
18822,-33.494266510009766,-15.450125930964946
18823,-48.06708526611328,-15.634416328132152
18824,-11.612308502197266,-15.685202570140362
18825,-10.580650329589844,-15.709822944819928
18826,-5.123841762542725,-15.6735487768054
18827,-8.147591590881348,-15.622008566081524
18828,-5.809591770172119,-15.602369720637798
18829,-5.858883380889893,-15.533524095714093
18830,-8.775166511535645,-15.385111364543437
18831,-6.638586044311523,-15.199418256938458
18832,-16.584121704101562,-15.031503767192364
18833,-14.974255561828613,-14.965538408458233
18834,-2.1680359840393066,-14.926765953242779
18835,-7.085492134094238,-14.927895908534527
18836,-3.0748226642608643,-14.910459199130536
18837,1.8629460334777832,-14.88072628134489
18838,-4.326821327209473,-14.874928233325482
18839,-3.2425599098205566,-14.864880673587322
18840,-9.577905654907227,-14.877083529651165
18841,-3.6275079250335693,-14.866450302302837
18842,-17.134267807006836,-14.858420921504498
18843,-67.25242614746094,-15.06256360644102
18844,-53.89178466796875,-15.226107906520367
18845,-53.2866325378418,-15.420813183009624
18846,-70.19580841064453,-15.692654197871684
18847,-52.90314865112305,-15.905293504416942
18848,-8.96263313293457,-15.936499143779278
18849,-5.466263294219971,-15.929327737987041
18850,-5.851624965667725,-15.92070201510191
18851,-5.638641834259033,-15.894510629832745
18852,-50.21256637573242,-16.057487608134746
18853,-8.40488338470459,-15.993468179881573
18854,-8.376066207885742,-15.85122091883421
18855,-9.549816131591797,-15.657751177012921
18856,-7.741645812988281,-15.475548906505107
18857,-59.33135223388672,-15.505583330333232
18858,-10.718583106994629,-15.511808496654034
18859,-6.588657855987549,-15.497719459712505
18860,-1.60220468044281,-15.478658878028392
18861,1.7338860034942627,-15.445049267470838
18862,1.3810820579528809,-15.410070604979992
18863,-7.1464924812316895,-15.406050175368787
18864,-4.984225273132324,-15.395435543715953
18865,-10.60173225402832,-15.413327414214612
18866,-16.16603660583496,-15.41309345883131
18867,-20.374868392944336,-15.455751066863536
18868,-45.71564483642578,-15.608331160247326
18869,-54.252655029296875,-15.82646746569872
18870,-50.93311309814453,-16.037342029869556
18871,-50.84519577026367,-16.066823810875416
18872,-9.36270809173584,-15.931039688408374
18873,-7.270033359527588,-15.963980933964253
18874,-6.955166816711426,-15.965869819462299
18875,-4.692241668701172,-15.978659802258015
18876,-7.253733158111572,-15.938936285793782
18877,-5.677424907684326,-15.872232289135455
18878,-4.820724964141846,-15.815057425320148
18879,-5.005002498626709,-15.6274406555295
18880,-12.488609313964844,-15.586489987194538
18881,-9.419293403625488,-15.43423356705904
18882,-9.998913764953613,-15.431236256420613
18883,-3.4223973751068115,-15.410569213688374
18884,1.1416800022125244,-15.37595449334383
18885,1.5034860372543335,-15.356700824081898
18886,1.0305099487304688,-15.327948117554188
18887,-3.0097360610961914,-15.31941412860155
18888,-8.119296073913574,-15.330412280380726
18889,-8.090134620666504,-15.33730802088976
18890,-14.32047176361084,-15.347439288437366
18891,-21.012569427490234,-15.403934325516223
18892,-36.61357116699219,-15.35520410090685
18893,-23.264175415039062,-15.445941629230976
18894,-53.552188873291016,-15.663147104799748
18895,-41.92692184448242,-15.837510832369327
18896,-10.732316970825195,-15.887217748224735
18897,-6.985333442687988,-15.90597366577387
18898,-3.7291483879089355,-15.913962256491184
18899,-5.2289252281188965,-15.894810578405856
18900,-49.85430908203125,-16.067177731573583
18901,-7.340941429138184,-16.006481553137302
18902,-5.406266689300537,-15.869939475119114
18903,-8.094889640808105,-15.724072436392307
18904,-15.581382751464844,-15.588477267324924
18905,-9.823043823242188,-15.467752703726292
18906,-10.072212219238281,-15.476128718435763
18907,0.3807539939880371,-15.43975940424204
18908,1.0552599430084229,-15.41782722479105
18909,1.543355941772461,-15.388463968336582
18910,1.641510009765625,-15.350410827696324
18911,-2.6257646083831787,-15.338736752569675
18912,-7.170877456665039,-15.334933461248875
18913,-11.156024932861328,-15.343341877996922
18914,-18.049360275268555,-15.347306996405125
18915,-19.497066497802734,-15.416977449476718
18916,-16.151199340820312,-15.447332334578038
18917,-44.49116134643555,-15.614673841536044
18918,-47.28903579711914,-15.78889032369852
18919,-39.62335968017578,-15.939914114534854
18920,-7.996191501617432,-15.979492256700993
18921,-9.345758438110352,-16.019283610403537
18922,-7.57515811920166,-16.01509874254465
18923,-5.636041641235352,-15.992783064901829
18924,-7.860074996948242,-15.955628951132297
18925,-8.625883102416992,-15.899203589498997
18926,-8.378774642944336,-15.719898451864719
18927,-6.917880535125732,-15.584506726324559
18928,-13.29845905303955,-15.402568238317967
18929,-3.4570374488830566,-15.22105131059885
18930,-9.43503189086914,-15.212156306326388
18931,-4.944272518157959,-15.200612496435642
18932,0.5925026535987854,-15.168356552898883
18933,-43.342735290527344,-15.318303660213948
18934,-5.546483993530273,-15.31888879662752
18935,-5.227672100067139,-15.314760184109211
18936,0.06708800047636032,-15.286455165237188
18937,-13.421782493591309,-15.304077113479376
18938,-17.905210494995117,-15.316213984817267
18939,-25.2623291015625,-15.378146216720342
18940,-44.63258361816406,-15.51991921171546
18941,-55.87968826293945,-15.725999530166387
18942,-58.289649963378906,-15.944878841727972
18943,-53.77518844604492,-16.16707244619727
18944,-9.166950225830078,-16.209793516486883
18945,-7.3917999267578125,-16.23271883329749
18946,-3.1558620929718018,-16.207085422843694
18947,-5.513299942016602,-16.219715342849494
18948,-5.474516868591309,-16.159297774642706
18949,-6.768666744232178,-16.07969018301368
18950,-8.459917068481445,-16.003458821624516
18951,-9.051065444946289,-15.819747739166022
18952,-16.43916130065918,-15.67016142782569
18953,-13.598280906677246,-15.536418076843024
18954,-8.349252700805664,-15.521955788940192
18955,-3.2397067546844482,-15.504298748344183
18956,0.20645533502101898,-15.47252445974946
18957,1.9653120040893555,-15.441126710802317
18958,1.2962260246276855,-15.409665773302317
18959,-0.2752400040626526,-15.385318800121546
18960,-0.6448220014572144,-15.364818320900202
18961,-9.65275764465332,-15.36668135419488
18962,-19.926616668701172,-15.420040246635676
18963,-21.154802322387695,-15.288678849846125
18964,-89.58381652832031,-15.624003198295831
18965,-57.259788513183594,-15.817103231102228
18966,-53.56593322753906,-16.01737532106042
18967,-37.615257263183594,-16.17415123811364
18968,-9.839483261108398,-16.22119473901391
18969,-7.523099899291992,-16.24495690408349
18970,-7.993325233459473,-16.257401888519524
18971,-7.560858249664307,-16.24082965531945
18972,-8.158533096313477,-16.188841885238887
18973,-8.182583808898926,-16.129480888992546
18974,-6.2987165451049805,-16.02167818132043
18975,-9.826569557189941,-15.678155907303095
18976,-17.68451690673828,-15.512534508377314
18977,-10.283713340759277,-15.38926767411828
18978,-8.25181770324707,-15.387136379867792
18979,-6.934470176696777,-15.374520294815301
18980,0.5722613334655762,-15.348463349014521
18981,1.236881971359253,-15.310148919731379
18982,1.2599560022354126,-15.280407796055078
18983,-0.20344600081443787,-15.257123046427965
18984,-0.31799399852752686,-15.231533555060626
18985,-1.7785799503326416,-15.210745168715716
18986,-20.3551082611084,-15.25752370646596
18987,-25.916597366333008,-15.309195993453264
18988,-35.55403518676758,-15.40107920268178
18989,-52.825382232666016,-15.590090406447649
18990,-55.41197204589844,-15.798256470710038
18991,-48.43239212036133,-15.999280863314867
18992,-10.898550033569336,-16.05044904759526
18993,-9.72719955444336,-16.071217184573413
18994,-5.023525238037109,-16.075687738925218
18995,-5.298366546630859,-16.087726869136095
18996,-8.552000045776367,-16.05511487725377
18997,-4.016226768493652,-15.971881375819445
18998,-5.547641754150391,-15.819641660243272
18999,-6.756890773773193,-15.607007815867663
19000,-16.150672912597656,-15.431090808421374
19001,-11.186544418334961,-15.261693843394518
19002,-6.674323558807373,-15.250722772151232
19003,-4.289402484893799,-15.235293715983628
19004,-3.653958559036255,-15.23072854283452
19005,0.9970740079879761,-15.1926124124825
19006,1.221716046333313,-15.165458714038135
19007,0.8203933238983154,-15.139788560420275
19008,-51.58842086791992,-15.320189044505359
19009,-15.775981903076172,-15.349386554270982
19010,-25.939096450805664,-15.383714763194323
19011,-26.673568725585938,-15.440236556559801
19012,-53.98577117919922,-15.60681254914403
19013,-58.35437774658203,-15.802765597850085
19014,-49.6209716796875,-15.988997452288865
19015,-54.353736877441406,-16.211626090556383
19016,-6.718599796295166,-16.239307372421028
19017,-9.363633155822754,-16.269689203590154
19018,-4.12509822845459,-16.261529985755683
19019,-5.5088582038879395,-16.21527094683051
19020,-7.657058238983154,-16.168890261024238
19021,-5.468011856079102,-16.100149637550114
19022,-5.857691764831543,-15.896892690986395
19023,-8.957140922546387,-15.812339800208807
19024,-12.567496299743652,-15.650909254401922
19025,-11.380522727966309,-15.519949121803045
19026,-14.535526275634766,-15.529944628089666
19027,-1.7336692810058594,-15.49762947306037
19028,-4.527381420135498,-15.485010666221381
19029,1.9490220546722412,-15.447579545348884
19030,-2.211005449295044,-15.44316538080573
19031,-6.118128776550293,-15.438821863502264
19032,-0.18061800301074982,-15.414202136188745
19033,-14.938858032226562,-15.449162205845118
19034,-16.065948486328125,-15.45281070819497
19035,-22.58153533935547,-15.499358662754297
19036,-48.59598159790039,-15.67427514949441
19037,-55.80210494995117,-15.865642066150905
19038,-57.602928161621094,-16.084178360134363
19039,-47.14938735961914,-16.279177573353053
19040,-9.44937515258789,-16.324134105831384
19041,-5.747835159301758,-16.35396127048135
19042,-6.710766792297363,-16.349036313205957
19043,-4.990916728973389,-16.36304017224908
19044,-6.965458393096924,-16.317278188377617
19045,-7.545908451080322,-16.26215727201104
19046,-6.634391784667969,-16.097012725502253
19047,-7.920070171356201,-16.02576554647088
19048,-11.121789932250977,-15.706872304588556
19049,-2.105623960494995,-15.52038345399499
19050,-6.692393779754639,-15.50403939691186
19051,-2.828010082244873,-15.493468990951776
19052,0.45786532759666443,-15.470763862878083
19053,-3.8287699222564697,-15.457836642533541
19054,-2.587131977081299,-15.448261370927096
19055,-5.250767230987549,-15.451086106568575
19056,-6.729139804840088,-15.447891831666231
19057,-17.888277053833008,-15.499431596070528
19058,-21.53717803955078,-15.359051301270723
19059,-24.41823959350586,-15.426073188096284
19060,-41.575801849365234,-15.565545245438814
19061,-52.29800033569336,-15.773571377426386
19062,-45.82825469970703,-15.963724428325891
19063,-48.119140625,-16.163422230869532
19064,-7.851349830627441,-16.20169751563668
19065,-5.949666500091553,-16.229146472364665
19066,-4.473949909210205,-16.22747679272294
19067,-3.465614080429077,-16.23324848881364
19068,-4.401041507720947,-16.1899317869246
19069,-5.6103668212890625,-16.11202496472001
19070,-6.650966644287109,-15.929112306028605
19071,-5.946630477905273,-15.72548404827714
19072,-11.747223854064941,-15.63849587765336
19073,-8.797019958496094,-15.481415616422892
19074,-4.917384147644043,-15.454635919004678
19075,-1.1695239543914795,-15.416991413503885
19076,1.7875440120697021,-15.389345870405435
19077,1.630403995513916,-15.350233888059854
19078,0.7823460102081299,-15.323866136938333
19079,1.4427419900894165,-15.294659635454416
19080,0.447052001953125,-15.257770761400462
19081,-8.364789962768555,-15.26467557707429
19082,-14.556991577148438,-15.256567056566476
19083,-24.0501708984375,-15.292870717912912
19084,-44.52592468261719,-15.462302272707223
19085,-25.132246017456055,-15.534489288240671
19086,-46.23124313354492,-15.707114970117807
19087,-48.29026794433594,-15.907727826029062
19088,-6.380930423736572,-15.91594426241517
19089,-8.484183311462402,-15.936910756021739
19090,-5.525644779205322,-15.92070171251893
19091,-5.479283332824707,-15.928108814150095
19092,-4.951916694641113,-15.879379409700633
19093,-8.043049812316895,-15.642541904360057
19094,-6.223966598510742,-15.451870632082224
19095,-6.7721848487854,-15.265812841325998
19096,-16.598676681518555,-15.051424314409495
19097,-16.128246307373047,-14.904324705034494
19098,-9.046854972839355,-14.904661592394113
19099,-6.3199381828308105,-14.908076291948557
19100,-5.478260040283203,-14.906582832247018
19101,1.6847906112670898,-14.877289102464914
19102,1.7698719501495361,-14.669359349161386
19103,0.8734740018844604,-14.63224591961503
19104,-10.066141128540039,-14.639006219297647
19105,-11.437210083007812,-14.646555795103312
19106,-11.706707000732422,-14.662416039854287
19107,-67.87357330322266,-14.696584924131631
19108,-95.6446304321289,-15.036289113432169
19109,-57.50051498413086,-15.239936541944742
19110,-53.395511627197266,-15.44710976973176
19111,-48.1929931640625,-15.646817286401987
19112,-11.722591400146484,-15.699231980234385
19113,-9.81018352508545,-15.709886744409799
19114,-3.649951696395874,-15.704549650102853
19115,-5.350474834442139,-15.68354462042451
19116,-5.724225044250488,-15.64177737417817
19117,-50.75835037231445,-15.763311302095651
19118,-51.51094055175781,-15.78649248495698
19119,-6.450894832611084,-15.595285444170237
19120,-12.367449760437012,-15.441022790819407
19121,-53.85628128051758,-15.453067132860422
19122,-53.702354431152344,-15.630425718218088
19123,-50.07874298095703,-15.801660556703807
19124,-1.4524766206741333,-15.779649795919656
19125,-3.440894603729248,-15.77464440765977
19126,1.328328013420105,-15.740316162973642
19127,-3.3872766494750977,-15.731155569940805
19128,-7.69913387298584,-15.742669205576181
19129,-12.88831901550293,-15.774202471643687
19130,-62.069007873535156,-15.972524065881968
19131,-22.777238845825195,-16.025955847650767
19132,-46.601871490478516,-16.172367678552867
19133,-54.092430114746094,-16.375047809511422
19134,-95.50408935546875,-16.761630886942147
19135,-52.01205062866211,-16.975693033605815
19136,-8.885061264038086,-17.015355318456887
19137,-52.04957580566406,-17.211514677435158
19138,-5.649908542633057,-17.201637127310036
19139,-49.85636520385742,-17.368702049642803
19140,-5.3408331871032715,-17.33278349533677
19141,-50.993106842041016,-17.452705644994975
19142,-50.72476577758789,-17.509150423437358
19143,-7.242520332336426,-17.445063803106546
19144,-13.068326950073242,-17.283128355413677
19145,-15.924389839172363,-17.179118227392436
19146,-9.477581977844238,-17.17409928742051
19147,-9.038339614868164,-17.18231131210923
19148,1.2407200336456299,-17.162431838423014
19149,0.582917332649231,-17.13918446817994
19150,0.09453800320625305,-16.939389079838993
19151,-4.4477033615112305,-16.927816127568484
19152,-5.655758380889893,-16.92881409433484
19153,-15.896644592285156,-16.960021114140748
19154,-22.20897674560547,-16.98653149011731
19155,-13.072279930114746,-16.999528434544803
19156,-1.1061960458755493,-16.96366436985135
19157,-15.357405662536621,-17.026617008477448
19158,-1.65133798122406,-17.03744340017438
19159,-8.941113471984863,-17.07938127782941
19160,-12.844502449035645,-17.137325327664612
19161,-11.606341361999512,-17.17324763467908
19162,-18.31221580505371,-17.217812988072634
19163,-13.939011573791504,-17.228944934636356
19164,-20.283266067504883,-17.2378805578053
19165,-44.18233871459961,-17.336621646672487
19166,-47.242225646972656,-17.4609857518971
19167,-45.08345413208008,-17.463354923039674
19168,-36.58563995361328,-17.42054133966565
19169,-9.527975082397461,-17.30015980127454
19170,-8.886425018310547,-17.30372073534131
19171,-4.105616569519043,-17.282760167866947
19172,-4.547725200653076,-17.27065043619275
19173,-4.656708240509033,-17.266733102589846
19174,-6.257895469665527,-17.260324384480715
19175,-50.210506439208984,-17.426662877827884
19176,-50.715232849121094,-17.59600871065259
19177,-58.2164421081543,-17.801202956944703
19178,-16.209909439086914,-17.812848758488894
19179,-64.34577941894531,-18.056403726369144
19180,-14.105818748474121,-18.075086873799563
19181,-9.250336647033691,-18.092311130315064
19182,-1.1495779752731323,-18.099279452830555
19183,-5.171781539916992,-17.94659563782811
19184,-10.980207443237305,-17.96833053162694
19185,-12.280467987060547,-17.996541715174914
19186,-13.493593215942383,-18.050784440040587
19187,-60.7980842590332,-18.240289647102355
19188,-7.816299915313721,-18.199934004783632
19189,-35.642669677734375,-18.241455367088317
19190,-44.55784225463867,-18.241156401634218
19191,-43.44932556152344,-18.19143495082855
19192,-44.05687713623047,-18.13450385951996
19193,-9.277183532714844,-17.95651183986664
19194,-6.46934175491333,-17.945721405982972
19195,-7.244958400726318,-17.945134039878845
19196,-3.731541633605957,-17.94743675804138
19197,-4.3851165771484375,-17.94292402458191
19198,-4.729183197021484,-17.93994268989563
19199,-7.522833347320557,-17.942959356307984
19200,-5.798811435699463,-17.932314933776855
19201,-58.323760986328125,-18.129405715942383
19202,-6.936555862426758,-18.091395294189454
19203,-20.72543716430664,-18.119903919219972
19204,-13.718550682067871,-18.14138111114502
19205,-9.591325759887695,-18.16678758716583
19206,-2.877854108810425,-18.17912482494116
19207,-10.757497787475586,-18.230016064107417
19208,-10.935504913330078,-18.27894298785925
19209,-12.374208450317383,-18.327338861644268
19210,-16.333784103393555,-18.390094710052015
19211,-14.117732048034668,-18.407954607665538
19212,-17.821533203125,-18.399534273803233
19213,-20.811479568481445,-18.39816098278761
19214,-42.17607498168945,-18.208530016601085
19215,-43.469276428222656,-18.153367968261243
19216,-39.21416473388672,-18.095960894286634
19217,-9.677258491516113,-17.984208899199963
19218,-5.378203392028809,-17.966363779723643
19219,-48.97193145751953,-18.132159105956553
19220,-48.60934066772461,-18.294623167693615
19221,-6.03606653213501,-18.288524000823497
19222,-6.710766792297363,-18.282732935607434
19223,-3.603914976119995,-18.26441826027632
19224,-49.48922348022461,-18.437180288016798
19225,-12.02631664276123,-18.445979276359083
19226,-15.73462200164795,-18.43817969673872
19227,-17.32457160949707,-18.466343129813673
19228,-7.858526706695557,-18.464769965827465
19229,-5.903563499450684,-18.46064633911848
19230,-8.168097496032715,-18.495607774436476
19231,-9.359840393066406,-18.537994663894178
19232,-4.035563945770264,-18.559176743686198
19233,-11.317357063293457,-18.603632387936116
19234,-13.237210273742676,-18.655309253036975
19235,-15.981271743774414,-18.712120020210744
19236,-18.834033966064453,-18.706035723030567
19237,-32.5623893737793,-18.73261889106035
19238,-42.25871658325195,-18.75943761664629
19239,-42.47018814086914,-18.718016840279102
19240,-38.50235366821289,-18.65037836676836
19241,-4.492350101470947,-18.4746181986928
19242,-5.601049900054932,-18.45342819815874
19243,-2.2238433361053467,-18.42341477328539
19244,-4.034983158111572,-18.419460604965685
19245,-5.749741554260254,-18.421266104996203
19246,-3.707595109939575,-18.401888485252858
19247,-6.581633567810059,-18.412150112450124
19248,-6.940000057220459,-18.417719545662404
19249,-12.636812210083008,-18.441239231407643
19250,-13.772067070007324,-18.43172480803728
19251,-3.8497800827026367,-18.40237775069475
19252,-7.863652229309082,-18.40713506537676
19253,-5.6611714363098145,-18.41262214118242
19254,0.994517982006073,-18.394028235018254
19255,0.8978760242462158,-18.394425026953222
19256,0.8917199969291687,-18.395745011150836
19257,-5.9457502365112305,-18.422809585392475
19258,-10.321473121643066,-18.25774179440737
19259,-14.633325576782227,-18.253171169102192
19260,-18.199600219726562,-18.222213184177875
19261,-37.71720886230469,-18.26638774472475
19262,-36.12102508544922,-18.19492876034975
19263,-34.54010009765625,-18.099671649754047
19264,-38.5989990234375,-18.055583759129046
19265,-6.711141586303711,-17.865013377964498
19266,-3.0917539596557617,-17.85050599461794
19267,-5.316675186157227,-17.834318162739276
19268,-7.023741722106934,-17.845912736713885
19269,-4.1097331047058105,-17.840316236317157
19270,-3.12968111038208,-17.822206727802755
19271,-5.213108539581299,-17.821187114536762
19272,-5.52239990234375,-17.81984594708681
19273,-56.844058990478516,-18.01139361935854
19274,-58.74811553955078,-18.19611609631777
19275,-54.000362396240234,-18.366595454990865
19276,-6.570014476776123,-18.33473340779543
19277,-2.0904314517974854,-18.336160456478595
19278,-0.6529380083084106,-18.320662682831287
19279,-2.058291435241699,-18.336691936790942
19280,-12.414416313171387,-18.37750558024645
19281,-6.150435924530029,-18.37763480883837
19282,-55.89134216308594,-18.600477705478667
19283,-16.915027618408203,-18.608382383823393
19284,-14.900053024291992,-18.60371880197525
19285,-78.8578109741211,-18.828823904514312
19286,-44.84379196166992,-18.81381514596939
19287,-41.49644470214844,-18.75659250497818
19288,-38.47911834716797,-18.680097265720367
19289,-7.042858123779297,-18.519671148777007
19290,-6.407050132751465,-18.50750184869766
19291,-4.307441711425781,-18.501740274906158
19292,-5.157750129699707,-18.495528208255767
19293,-6.846508502960205,-18.502950575351715
19294,-4.3675665855407715,-18.49255900812149
19295,-7.292083263397217,-18.49154370737076
19296,-5.223074913024902,-18.485898439884185
19297,-14.009440422058105,-18.510255920886994
19298,-12.717155456542969,-18.51663738298416
19299,-13.890390396118164,-18.563776448726653
19300,-1.0945500135421753,-18.541385073661804
19301,-3.1329493522644043,-18.542604830741883
19302,1.0511640310287476,-18.540231635928155
19303,1.1272319555282593,-18.520407628417015
19304,0.5821599960327148,-18.50773046052456
19305,-3.4259986877441406,-18.500431386351586
19306,-12.975329399108887,-18.52541614472866
19307,-17.323942184448242,-18.52315880525112
19308,-15.623299598693848,-18.499503291487695
19309,-41.17654037475586,-18.566536494612695
19310,-45.07565689086914,-18.58053591477871
19311,-44.22471618652344,-18.54824277818203
19312,-45.64977264404297,-18.547528849959374
19313,-9.802383422851562,-18.39426182115078
19314,-8.708325386047363,-18.39768972337246
19315,-4.116125106811523,-18.39035555779934
19316,-4.4282331466674805,-18.390172690749168
19317,-7.026666641235352,-18.404416900992395
19318,-5.456756114959717,-18.408639759421348
19319,-49.96394348144531,-18.586054066061973
19320,-5.656408309936523,-18.58207583272457
19321,-57.83238220214844,-18.789618839621543
19322,-12.342353820800781,-18.791999359488486
19323,-2.452954053878784,-18.766623095870017
19324,-11.299473762512207,-18.792151454329492
19325,-7.395284652709961,-18.817054497122765
19326,-2.495117425918579,-18.834185142874716
19327,-6.697994232177734,-18.867498735785485
19328,-5.016476631164551,-18.890694026350975
19329,-6.691232681274414,-18.92322992503643
19330,-11.52258014678955,-18.971108453631402
19331,-14.433205604553223,-18.995382116198538
19332,-6.745999813079834,-18.964138149142265
19333,-35.065895080566406,-19.00820104587078
19334,-40.41293716430664,-18.991749095797537
19335,-45.875431060791016,-19.07472183597088
19336,-39.927486419677734,-19.04950680911541
19337,-7.764900207519531,-18.887405338168143
19338,-5.9764251708984375,-18.88578731715679
19339,-4.57242488861084,-18.870140283465386
19340,-6.755183219909668,-18.8750584372282
19341,-7.505283355712891,-18.883162437319754
19342,-7.009008407592773,-18.89139080417156
19343,-2.9152400493621826,-18.870879565119743
19344,-5.813600063323975,-18.869238098978997
19345,-11.713542938232422,-18.889003531336783
19346,-9.017056465148926,-18.858677050471307
19347,-4.174323558807373,-18.810861359477045
19348,1.2668399810791016,-18.76960657966137
19349,1.2501720190048218,-18.739326138854025
19350,-1.1455399990081787,-18.721995258688928
19351,1.1096999645233154,-18.724295621275903
19352,0.4919320046901703,-18.72940738105774
19353,-1.1987433433532715,-18.73769625043869
19354,-7.9730224609375,-18.72932377576828
19355,-11.534049034118652,-18.729711131572724
19356,-19.903865814208984,-18.76249976682663
19357,-42.76411819458008,-18.662061946392058
19358,-46.82948303222656,-18.46680135679245
19359,-19.68057632446289,-18.31552160215378
19360,-48.146183013916016,-18.294524287700654
19361,-7.856983184814453,-18.13318024778366
19362,-6.600316524505615,-18.112691148281097
19363,-6.7350335121154785,-18.100390548229218
19364,-4.290649890899658,-18.102953341007233
19365,-2.6393399238586426,-18.092108801364898
19366,-5.088741779327393,-18.089566868305205
19367,-7.449708461761475,-17.916332300662994
19368,-3.716754913330078,-17.725155558109282
19369,-15.95744514465332,-17.76318175935745
19370,-6.827540874481201,-17.74102212381363
19371,-7.6724019050598145,-17.556286606311797
19372,-2.717059373855591,-17.35234542608261
19373,1.2872159481048584,-17.146881590366363
19374,0.4490019977092743,-17.13927567589283
19375,-0.7778260111808777,-17.128623401522635
19376,-0.07580199837684631,-17.134239921569826
19377,-0.8261246681213379,-17.12399531364441
19378,-6.059715270996094,-17.11743763923645
19379,-13.258401870727539,-17.11891797065735
19380,-19.84600067138672,-16.950025941848754
19381,-41.95148849487305,-17.026722940444948
19382,-46.9296760559082,-17.028034158706664
19383,-45.8723258972168,-16.995153741836546
19384,-37.33221435546875,-16.76246624183655
19385,-7.474241733551025,-16.584315006256105
19386,-3.384766101837158,-16.5623138256073
19387,-3.8058583736419678,-16.36933895587921
19388,-6.712066650390625,-16.37358758831024
19389,-6.118508338928223,-16.198636160850526
19390,-2.505729913711548,-16.18729574775696
19391,-4.478175163269043,-16.00123602104187
19392,-3.4099857807159424,-15.811976901054383
19393,-11.157845497131348,-15.827638201713562
19394,-6.080144882202148,-15.799685473442077
19395,-6.695833206176758,-15.762771246910095
19396,-1.6226626634597778,-15.731351569652558
19397,1.0866780281066895,-15.690851499080658
19398,0.9149580001831055,-15.692154547214509
19399,-0.5901600122451782,-15.696846856594085
19400,1.034909963607788,-15.69308536875248
19401,0.9350280165672302,-15.671554443240165
19402,-4.523256778717041,-15.667024436831474
19403,-14.451438903808594,-15.661243614077568
19404,-14.808966636657715,-15.631643573641776
19405,-33.55874252319336,-15.713589424014092
19406,-18.26725959777832,-15.782233678221703
19407,-36.775386810302734,-15.867905602812767
19408,-40.22957992553711,-16.02221857059002
19409,-8.849916458129883,-16.0218537825346
19410,-6.904574871063232,-15.99809407222271
19411,-6.453583240509033,-15.977483039736748
19412,-6.030974864959717,-15.928358075976371
19413,-2.4246339797973633,-15.882300565600396
19414,-6.2777581214904785,-15.826278533816337
19415,-3.09101939201355,-15.661913256525994
19416,-49.51002502441406,-15.670984454035759
19417,-56.36609649658203,-15.716115023493767
19418,-9.868249893188477,-15.609245463252067
19419,-8.093138694763184,-15.60350611770153
19420,1.2488340139389038,-15.562965081572532
19421,-0.34563198685646057,-15.547925143241882
19422,-0.9260299801826477,-15.53343836236
19423,0.9640079736709595,-15.51095549750328
19424,0.4300119876861572,-15.484203867673873
19425,-4.331668853759766,-15.300688517332077
19426,-7.563488006591797,-15.12808153796196
19427,-15.602837562561035,-14.957627119779588
19428,-19.07040023803711,-14.969069082975388
19429,-8.83531379699707,-14.747027220487595
19430,-32.91838836669922,-14.822277498960496
19431,-41.313087463378906,-14.950528502225875
19432,-36.335784912109375,-15.091273329973221
19433,-7.008841514587402,-15.098621569871902
19434,-7.0020751953125,-15.082709040880204
19435,-8.52090835571289,-15.067670802354813
19436,-6.444916725158691,-15.039476096391677
19437,-2.2767019271850586,-14.805390567064284
19438,-6.907391548156738,-14.801754933595657
19439,-6.862433433532715,-14.686633988618851
19440,-3.2047181129455566,-14.521221492052078
19441,-14.927618980407715,-14.407134665727614
19442,-8.768672943115234,-14.265981848955155
19443,-0.12513799965381622,-14.22937366682291
19444,1.227131962776184,-14.198587771952152
19445,0.3711079955101013,-14.168123506367207
19446,0.36213400959968567,-14.151748803794383
19447,-0.5553780198097229,-14.13642984956503
19448,1.057770013809204,-14.113282036721706
19449,-3.525087356567383,-14.097291052758694
19450,-1.294625997543335,-14.079274311006069
19451,-15.210674285888672,-13.906821964204312
19452,-20.33413314819336,-13.960412273347378
19453,-35.26583480834961,-14.01857386392355
19454,-38.728271484375,-14.118612747132778
19455,-40.04984664916992,-14.240446830689907
19456,-44.1122932434082,-14.405384587228298
19457,-7.190625190734863,-14.391117096841334
19458,-6.265999794006348,-14.37243907636404
19459,-4.319466590881348,-14.340220108926296
19460,-6.869150161743164,-14.302361573159695
19461,-7.400199890136719,-14.275491444528102
19462,-4.632874965667725,-14.222736811578274
19463,-5.266733169555664,-14.16055782598257
19464,-2.754473924636841,-14.00287142175436
19465,-16.201231002807617,-13.8937992400527
19466,-10.641724586486816,-13.779509479463101
19467,-2.556203603744507,-13.751025259912014
19468,0.946448028087616,-13.725726654231549
19469,-43.77180480957031,-13.704926147639751
19470,1.224161982536316,-13.505592137038708
19471,-43.94795227050781,-13.657239679992198
19472,-0.7899846434593201,-13.633556551396847
19473,-9.165763854980469,-13.655803946912288
19474,-18.953149795532227,-13.533659652173519
19475,-18.289424896240234,-13.558712085187436
19476,-22.018266677856445,-13.583846663892269
19477,-25.012496948242188,-13.61459836524725
19478,-39.52095031738281,-13.74124805969
19479,-46.50496292114258,-13.903653657376767
19480,-37.57072830200195,-14.021264180600642
19481,-6.739194869995117,-14.010781598508357
19482,-8.662066459655762,-14.0292876085639
19483,-6.7225751876831055,-14.010908481061458
19484,-4.412633419036865,-13.975610173642636
19485,-7.170100212097168,-13.940365487515926
19486,-6.628541469573975,-13.891543517529964
19487,-5.3049750328063965,-13.782513860166073
19488,-14.831276893615723,-13.672804101407529
19489,-16.55460548400879,-13.569141770780087
19490,-18.981470108032227,-13.491058236539363
19491,-15.401970863342285,-13.534696719586849
19492,-13.107648849487305,-13.564723115384579
19493,-9.274969100952148,-13.592927618443966
19494,-2.733564615249634,-13.587721944272518
19495,0.14096799492835999,-13.564159106075763
19496,-0.2684279978275299,-13.550402437627316
19497,-12.773416519165039,-13.575169569432735
19498,-14.784347534179688,-13.606546959340573
19499,-23.208463668823242,-13.648833565175533
19500,-42.070560455322266,-13.762027538716794
19501,-31.36551284790039,-13.872090469777584
19502,-59.221092224121094,-14.077520229756832
19503,-30.107160568237305,-14.175304186284542
19504,-54.49216842651367,-14.397250931918622
19505,-10.435375213623047,-14.442583936870099
19506,-4.002803325653076,-14.462162030160426
19507,-5.023741722106934,-14.45847399610281
19508,-50.46292495727539,-14.61903980344534
19509,-7.299449920654297,-14.589704300820827
19510,-5.859099864959717,-14.54034229940176
19511,-6.047255039215088,-14.413662484109402
19512,-10.435298919677734,-14.310919579446315
19513,-54.816829681396484,-14.392026497781277
19514,-11.218221664428711,-14.282503388345242
19515,-9.517256736755371,-14.293727848947048
19516,1.5049359798431396,-14.275341089189052
19517,1.3921600580215454,-14.248505748212338
19518,0.8444560170173645,-14.21703295725584
19519,-1.1705139875411987,-14.205276080787183
19520,-9.435397148132324,-14.230498944938184
19521,-12.494215965270996,-14.259623374640942
19522,-11.812142372131348,-14.284782344520092
19523,-19.083524703979492,-14.133740207374096
19524,-39.267364501953125,-14.055817203223706
19525,-45.77638244628906,-14.022921283423901
19526,-44.2668342590332,-14.173708562552928
19527,-44.26328659057617,-14.342399983108043
19528,-10.447616577148438,-14.381578697383404
19529,-9.686466217041016,-14.4120913965106
19530,-2.794339895248413,-14.373611090838908
19531,-3.9709179401397705,-14.364893018901348
19532,-50.72227478027344,-14.344216749370098
19533,-49.88420867919922,-14.476093473613263
19534,-5.503874778747559,-14.438508760631084
19535,-8.285064697265625,-14.156217775523663
19536,-11.097912788391113,-14.021234258830548
19537,-11.971085548400879,-13.903132822215557
19538,-4.675786018371582,-13.767919492900372
19539,-6.846185207366943,-13.767132801234721
19540,1.587689995765686,-13.735153840720654
19541,1.5631740093231201,-13.711671377837657
19542,0.8113980293273926,-13.68779478520155
19543,-0.7082233428955078,-13.66324164456129
19544,-8.9459867477417,-13.681555325210095
19545,-7.941194534301758,-13.684151770293713
19546,-17.877119064331055,-13.734767946898938
19547,-17.78146743774414,-13.74985605496168
19548,-43.74477005004883,-13.873966513335704
19549,-49.66460037231445,-14.01706335324049
19550,-50.203250885009766,-14.213498156726361
19551,-41.67732238769531,-14.367675648868085
19552,-5.476016521453857,-14.393784371078015
19553,-8.949799537658691,-14.434092497050763
19554,-8.185941696166992,-14.46916490381956
19555,-6.221583366394043,-14.48034724253416
19556,-8.12321662902832,-14.460938791453838
19557,-6.2825751304626465,-14.416773323237896
19558,-8.354724884033203,-14.387699024379254
19559,-3.4325239658355713,-14.236722958743572
19560,-15.331750869750977,-14.1177473346591
19561,-9.731429100036621,-13.979774186313152
19562,-8.187381744384766,-13.82992462271452
19563,-7.420388221740723,-13.820396641910076
19564,-0.6710493564605713,-13.78824753779173
19565,-0.6063993573188782,-13.774208634793759
19566,1.046962022781372,-13.752307854115964
19567,-10.546781539916992,-13.76638831371069
19568,-7.72642183303833,-13.775466976583004
19569,-14.391608238220215,-13.633177635610103
19570,-17.169023513793945,-13.679228096425533
19571,-21.041358947753906,-13.532064003407955
19572,-45.89031982421875,-13.666255867421627
19573,-55.57600784301758,-13.878748082578182
19574,-59.94417190551758,-14.073326875150205
19575,-45.62476348876953,-14.226244790494443
19576,-6.4982500076293945,-14.242257320821285
19577,-9.258116722106934,-14.252497810781001
19578,-5.2005414962768555,-14.25323407024145
19579,-5.30768346786499,-14.247699873387814
19580,-5.396083354949951,-14.223193886220455
19581,-8.018133163452148,-14.19753359645605
19582,-5.673633098602295,-14.19324412959814
19583,-4.879547119140625,-14.072498737752438
19584,-13.717751502990723,-13.965717995107173
19585,-16.93901824951172,-13.849972343862056
19586,-9.579235076904297,-13.728579338490963
19587,-10.158488273620605,-13.738153690755368
19588,-4.8800787925720215,-13.733768305242062
19589,-2.1963746547698975,-13.724264104306698
19590,-46.11556625366211,-13.881705636441708
19591,-48.03891372680664,-14.043840157926082
19592,-6.297687530517578,-14.040994874417782
19593,-12.799670219421387,-14.080532595098019
19594,-18.189451217651367,-14.130035999715329
19595,-19.724912643432617,-14.162081478536129
19596,-41.2818717956543,-14.29114073985815
19597,-56.13948440551758,-14.499001383244991
19598,-58.60353088378906,-14.738482866704464
19599,-46.62758255004883,-14.929993884980679
19600,-12.58519172668457,-14.975752491891384
19601,-7.959791660308838,-15.012030458390713
19602,-7.546558380126953,-15.044184419929982
19603,-5.714041709899902,-15.062245613396168
19604,-3.217924118041992,-15.043225220024585
19605,-4.9513750076293945,-15.016894523918628
19606,-8.185400009155273,-14.970020660698413
19607,-5.512754917144775,-14.821015207588673
19608,-59.742210388183594,-14.872666117012502
19609,-16.052154541015625,-14.85815242987871
19610,-17.562379837036133,-14.735817217171192
19611,-8.123607635498047,-14.736883714973926
19612,-9.733899116516113,-14.749418045341969
19613,-3.2937612533569336,-14.735652956306934
19614,-1.4233226776123047,-14.724183647453785
19615,-9.822367668151855,-14.752915758430957
19616,-12.365957260131836,-14.782024620354175
19617,-15.948295593261719,-14.816018968880176
19618,-16.465015411376953,-14.867012010872363
19619,-20.198760986328125,-14.883977274239063
19620,-32.65556335449219,-14.987289364159107
19621,-49.25699234008789,-15.15362772589922
19622,-54.11344909667969,-15.359213284790515
19623,-44.64886474609375,-15.54295760756731
19624,-12.172933578491211,-15.593445349872113
19625,-7.394400119781494,-15.619911646306514
19626,-7.873833179473877,-15.651103771030902
19627,-8.39805793762207,-15.681391504108905
19628,-4.575984954833984,-15.675456582844257
19629,-6.325908184051514,-15.647726608097553
19630,-6.207716464996338,-15.593173471271992
19631,-6.8735761642456055,-15.452861821949481
19632,-19.004484176635742,-15.341161054432392
19633,-16.686635971069336,-15.224418294727803
19634,-10.963149070739746,-15.118942033588887
19635,-9.024371147155762,-15.125142551243306
19636,0.060472000390291214,-15.111361598834396
19637,-5.612497329711914,-15.118588154658676
19638,-0.01686999946832657,-15.091807368054987
19639,-1.198207974433899,-15.072126166597009
19640,-9.441238403320312,-15.099868200555443
19641,-59.95331954956055,-15.32176877810061
19642,-18.734891891479492,-15.383068402543664
19643,-20.06158447265625,-15.418683358445763
19644,-46.71580505371094,-15.5812259991318
19645,-95.55374145507812,-15.936657632127405
19646,-51.60488510131836,-16.13658652187884
19647,-46.506553649902344,-16.326959448590873
19648,-8.875207901000977,-16.36612011219561
19649,-52.10471725463867,-16.572178341165184
19650,-6.055291652679443,-16.600539147630332
19651,-7.562808513641357,-16.634530493751168
19652,-5.911966800689697,-16.64008533383906
19653,-5.28861665725708,-16.603434044852854
19654,-5.960824966430664,-16.568041478171946
19655,-6.338212013244629,-16.45915935613215
19656,-18.356346130371094,-16.45951570226252
19657,-14.831275939941406,-16.371739258781076
19658,-20.129472732543945,-16.291338830009103
19659,-14.752504348754883,-16.314949181571603
19660,-5.315511226654053,-16.308592926993967
19661,0.18211933970451355,-16.282050116673112
19662,-2.2662460803985596,-16.266991201534868
19663,0.531361997127533,-16.255167217627168
19664,-6.808688163757324,-16.257290937796235
19665,-8.720643043518066,-16.279809432402253
19666,-14.503809928894043,-16.139784572020172
19667,-23.72455596923828,-16.009218409910797
19668,-40.14649200439453,-16.13033137835562
19669,-47.69158172607422,-16.288725150480868
19670,-55.39025115966797,-16.515281491175294
19671,-45.665550231933594,-16.696561164155604
19672,-11.757691383361816,-16.73988780976832
19673,-10.170825004577637,-16.784427141681313
19674,-6.828741550445557,-16.81346215583384
19675,-2.6932179927825928,-16.806908352389932
19676,-7.147675037384033,-16.8052451005131
19677,-6.9696831703186035,-16.77071248294413
19678,-3.09553599357605,-16.706813025966287
19679,-5.78926944732666,-16.694628848567604
19680,-8.452884674072266,-16.596766833797098
19681,-9.060223579406738,-16.46775537826121
19682,-7.923072814941406,-16.354104529872536
19683,-9.025395393371582,-16.362170745387672
19684,-4.132848739624023,-16.35069383956492
19685,0.4931600093841553,-16.31463756610453
19686,-4.975377559661865,-16.308759409442544
19687,-8.825384140014648,-16.334954138293863
19688,-6.167553424835205,-16.331994785800575
19689,-11.498699188232422,-16.350539848819373
19690,-19.875886917114258,-16.41722452403605
19691,-18.958484649658203,-16.433347986713052
19692,-47.19523239135742,-16.58705422450602
19693,-22.81095314025879,-16.67779748506844
19694,-45.685054779052734,-16.865446232035755
19695,-40.91878128051758,-17.030605789139866
19696,-8.358458518981934,-17.065488159254194
19697,-6.05019998550415,-17.08746744711697
19698,-4.7920451164245605,-17.110866707637907
19699,-49.70101547241211,-17.295570420101285
19700,-5.265649795532227,-17.311454515293242
19701,-50.16977310180664,-17.451290910556914
19702,-7.1851582527160645,-17.398695010975004
19703,-6.200859546661377,-17.28243510992825
19704,-9.303132057189941,-17.16473455221951
19705,-50.97911834716797,-17.208451639011503
19706,-55.561344146728516,-17.254247842624782
19707,-5.136207103729248,-17.24603017027676
19708,0.4234980046749115,-17.219272179082036
19709,0.8311600089073181,-17.198669672682882
19710,1.5210540294647217,-17.16510885591805
19711,1.2601113319396973,-17.130467611029744
19712,-2.334778070449829,-17.121275223448873
19713,-4.950067043304443,-17.12000855894387
19714,-17.26222038269043,-17.17803954477608
19715,-21.74323081970215,-17.20020754404366
19716,-49.53824996948242,-17.35579364557564
19717,-45.83800506591797,-17.528920851424335
19718,-53.6324348449707,-17.74723638291657
19719,-38.85018539428711,-17.727549905255437
19720,-10.369291305541992,-17.77392371840775
19721,-6.76021671295166,-17.625172776177525
19722,-5.755424976348877,-17.645034537509083
19723,-5.412008285522461,-17.63001951523125
19724,-5.541358470916748,-17.57637234993279
19725,-5.690316677093506,-17.525975917056204
19726,-8.265783309936523,-17.470965983584524
19727,-7.424015522003174,-17.400612057879567
19728,-3.2000160217285156,-17.25532832069695
19729,-10.123739242553711,-17.109803425982594
19730,-9.818655014038086,-16.99879513283074
19731,-6.176229953765869,-16.996543273165823
19732,-3.4981019496917725,-16.975887415125968
19733,0.9788493514060974,-16.94508171696961
19734,1.3399540185928345,-16.92207136721909
19735,-1.5905532836914062,-16.899753179505467
19736,-1.0661120414733887,-16.877503461793065
19737,-8.961638450622559,-16.89213011546433
19738,-15.586275100708008,-16.8951501082927
19739,-24.48002815246582,-16.926851798966528
19740,-52.75064468383789,-17.06192849726975
19741,-50.573692321777344,-17.20261538310349
19742,-49.691017150878906,-17.348948856309057
19743,-38.53694534301758,-17.465996761277317
19744,-53.910091400146484,-17.670702868416907
19745,-9.863591194152832,-17.71072110517323
19746,-7.798108100891113,-17.740839825585486
19747,-6.29265022277832,-17.714916760399937
19748,-4.447073459625244,-17.67356766410172
19749,-5.384058475494385,-17.602270043328403
19750,-5.960283279418945,-17.457828934624793
19751,-51.86760711669922,-17.539837311699987
19752,-16.252744674682617,-17.367963921502234
19753,-14.31694507598877,-17.30480305953324
19754,-61.71754455566406,-17.33370456404984
19755,-12.757010459899902,-17.342991105034947
19756,-6.7858147621154785,-17.354123150780797
19757,-1.8716626167297363,-17.341514834359288
19758,1.5157259702682495,-17.133600230649115
19759,0.5783366560935974,-17.102089084342122
19760,-2.830716609954834,-17.0899755513221
19761,-6.802907943725586,-17.092998162940145
19762,-12.983877182006836,-17.10319247598946
19763,-20.19368553161621,-16.96469989939034
19764,-44.611305236816406,-17.09827223367989
19765,-47.330265045166016,-17.249524266913532
19766,-52.34037780761719,-17.464905522063376
19767,-49.40816879272461,-17.668106837466357
19768,-12.066441535949707,-17.71975042767823
19769,-7.43946647644043,-17.744826237633823
19770,-7.428041458129883,-17.736796814873813
19771,-7.712416648864746,-17.71766961760819
19772,-8.1471586227417,-17.70300968261063
19773,-6.4755167961120605,-17.65257765097916
19774,-5.912833213806152,-17.519159525826574
19775,-3.8027191162109375,-17.35126487250626
19776,-13.71359634399414,-17.229051920846103
19777,-22.041236877441406,-17.140163721993567
19778,-16.12076759338379,-17.162856326058506
19779,-10.16956615447998,-17.16478872580826
19780,-4.317458152770996,-17.17088119883835
19781,1.2799400091171265,-17.149877767041325
19782,-6.602480888366699,-16.9733985914737
19783,-8.010475158691406,-16.805903657391667
19784,-4.269774436950684,-16.80096725602448
19785,-14.883763313293457,-16.827362050488592
19786,-15.9380464553833,-16.84672258515656
19787,-20.240047454833984,-16.87979843278229
19788,-48.45607376098633,-17.054919583752753
19789,-50.20173645019531,-17.228341788724066
19790,-56.49725341796875,-17.460681562379
19791,-52.6788215637207,-17.677649544671176
19792,-9.730066299438477,-17.719815401986242
19793,-10.581192016601562,-17.759307276681067
19794,-3.1784920692443848,-17.736237297967076
19795,-6.497291564941406,-17.730461686089633
19796,-5.42175817489624,-17.680640242531897
19797,-3.8312876224517822,-17.624839523270726
19798,-6.3658833503723145,-17.47532397647202
19799,-6.798939228057861,-17.303861331894993
19800,-18.65736198425293,-17.177677776291965
19801,-11.381057739257812,-17.056492717698216
19802,-12.901833534240723,-17.086195985749363
19803,-8.80360221862793,-17.08561119647324
19804,-4.58157205581665,-17.07119371791184
19805,-0.7212160229682922,-17.049192248538137
19806,-5.776350021362305,-17.039804782107474
19807,-8.996763229370117,-17.050661534503103
19808,-10.918926239013672,-17.060918339923024
19809,-11.881744384765625,-17.094715221598744
19810,-16.393207550048828,-17.098961048319936
19811,-23.93943214416504,-17.15579306049645
19812,-52.605228424072266,-17.3334644472152
19813,-48.66204071044922,-17.498431057170034
19814,-47.78645706176758,-17.68689268799126
19815,-24.984617233276367,-17.78440555949509
19816,-9.425000190734863,-17.826293408349155
19817,-7.328316688537598,-17.81341954894364
19818,-5.204333305358887,-17.80333119483292
19819,-3.0866050720214844,-17.758111182168125
19820,-7.862024784088135,-17.720883187249303
19821,-5.014528274536133,-17.656775864556433
19822,-6.520150184631348,-17.499295185998083
19823,-6.840507507324219,-17.30435318465531
19824,-43.143165588378906,-17.237149159386753
19825,-30.687976837158203,-17.17740201278031
19826,-8.727391242980957,-17.186318577721714
19827,-3.193186044692993,-17.16205885501206
19828,-6.102258205413818,-17.165665721848608
19829,-4.004650115966797,-17.160453588441015
19830,-5.867499828338623,-17.16233925433457
19831,-6.754641532897949,-17.157285287812353
19832,-2.2453300952911377,-17.143572075799106
19833,-7.773083209991455,-17.15514622016251
19834,-11.300359725952148,-17.145476653054356
19835,-3.1602447032928467,-17.090361558869482
19836,-51.79942321777344,-17.259242311432956
19837,-4.389467239379883,-17.236166227295996
19838,0.22121000289916992,-17.21576107211411
19839,0.9968580007553101,-17.20298814149201
19840,0.9863280057907104,-17.0145805644542
19841,0.9312300086021423,-16.818699989512563
19842,1.0359899997711182,-16.789365279391408
19843,-6.569284439086914,-16.76444373627007
19844,-12.295902252197266,-16.740869540408255
19845,-14.512592315673828,-16.72002025909722
19846,-31.686805725097656,-16.681639994814994
19847,-17.475574493408203,-16.526984355166555
19848,-37.813228607177734,-16.443823146060108
19849,-34.284297943115234,-16.394450007632376
19850,-6.504441738128662,-16.37012700767815
19851,-5.309525012969971,-16.359525941088794
19852,-50.03132629394531,-16.52946501274407
19853,-7.261316776275635,-16.53565411300957
19854,-3.6656699180603027,-16.537445096209645
19855,-49.444374084472656,-16.71541709251702
19856,-5.2991251945495605,-16.703871993258595
19857,-5.155799865722656,-16.702444173052907
19858,-59.15989303588867,-16.700114903643726
19859,-57.08981704711914,-16.86426555366814
19860,-10.812397003173828,-16.83726562233269
19861,0.7807440161705017,-16.80164821572602
19862,1.2453839778900146,-16.757731083348393
19863,-0.5347880125045776,-16.746695190384983
19864,1.1628719568252563,-16.736350411847233
19865,1.1989079713821411,-16.6922653092891
19866,1.1099519729614258,-16.638361672356726
19867,0.01235399954020977,-16.574519073985517
19868,-19.44205665588379,-16.586427238963545
19869,-18.71574592590332,-16.580495178721844
19870,-30.6480770111084,-16.57246523334831
19871,-25.5933895111084,-16.477810822032392
19872,-41.12892150878906,-16.425872711680828
19873,-45.357173919677734,-16.428705948375164
19874,-10.508825302124023,-16.4220495152697
19875,-6.233066558837891,-16.417404181025923
19876,-3.8606650829315186,-16.401351508639753
19877,-49.75182342529297,-16.566766570590435
19878,-7.146699905395508,-16.577049430392684
19879,-4.754858493804932,-16.570765231631697
19880,-7.4420166015625,-16.575702432177962
19881,-5.324258327484131,-16.569505160830914
19882,-18.837915420532227,-16.5688388858065
19883,-8.398384094238281,-16.535685878299176
19884,-5.817724704742432,-16.515104180835188
19885,0.6994799971580505,-16.47620877625793
19886,1.2576420307159424,-16.47142009613663
19887,0.467056006193161,-16.44710188279301
19888,1.0584900379180908,-16.442800442643463
19889,1.225674033164978,-16.433104914613068
19890,-4.571741104125977,-16.413626925416292
19891,-4.7224812507629395,-16.1927035722211
19892,-10.4534330368042,-16.159577736802397
19893,-9.211605072021484,-16.11617781919986
19894,-41.55071258544922,-16.095517449326813
19895,-41.40024185180664,-15.878903450913727
19896,-46.86051559448242,-15.859925972886384
19897,-39.62646484375,-15.832405617661774
19898,-8.313056945800781,-15.830157013840973
19899,-8.26935863494873,-15.654815579362214
19900,-7.116691589355469,-15.659061179108917
19901,-5.427499771118164,-15.650519944138825
19902,-7.017891883850098,-15.654943644471466
19903,-4.433650016784668,-15.651523777909578
19904,-5.748383522033691,-15.650674012131988
19905,-7.813166618347168,-15.6565738305524
19906,-13.826566696166992,-15.638454712815582
19907,-13.394509315490723,-15.63270764631778
19908,-4.9112725257873535,-15.571834845490754
19909,0.70933598279953,-15.509987484164537
19910,0.46419399976730347,-15.48686866325885
19911,-0.696008026599884,-15.490381172724069
19912,0.6999220252037048,-15.478516500301659
19913,1.175328016281128,-15.475940636225046
19914,1.1112840175628662,-15.444260747499763
19915,-8.258842468261719,-15.442413545198738
19916,-11.914266586303711,-15.432055371828378
19917,-15.272972106933594,-15.398249036379159
19918,-36.3395881652832,-15.383021421022713
19919,-15.644026756286621,-15.254831201143563
19920,-39.582130432128906,-15.191598718233406
19921,-43.78245162963867,-15.184066323824227
19922,-10.724082946777344,-15.179931890077889
19923,-6.644191741943359,-15.165825357027352
19924,-3.857316732406616,-15.153939657755195
19925,-7.18797492980957,-15.171918685503304
19926,-4.259883403778076,-15.16036751896888
19927,-4.498758316040039,-15.150483819551766
19928,-2.9549200534820557,-15.14992135579139
19929,-8.319950103759766,-15.160044078417123
19930,-18.22621726989746,-15.199137408800423
19931,-7.211416244506836,-15.191742179460823
19932,-8.865250587463379,-15.195510890550912
19933,-9.577632904052734,-15.197719840593637
19934,0.8961600065231323,-15.177603805609047
19935,1.3603140115737915,-15.174135189600289
19936,1.1873879432678223,-15.14948412758857
19937,1.2544820308685303,-15.109164662905037
19938,-1.155311942100525,-15.0891156969741
19939,-4.411179542541504,-15.060765618391335
19940,-14.58752155303955,-15.039612156935036
19941,-15.751776695251465,-15.026785325117409
19942,-24.85419273376465,-14.937421166487038
19943,-39.39725875854492,-15.003766388960182
19944,-43.51139450073242,-14.995071747846902
19945,-41.246402740478516,-14.996382233686745
19946,-10.44230842590332,-15.004717633314431
19947,-8.602375030517578,-15.014926333494484
19948,-4.013424873352051,-15.011811852522195
19949,-4.923099994659424,-14.832700190611183
19950,-4.98051643371582,-14.831559657163918
19951,-5.097733497619629,-14.65127149874717
19952,-3.555706739425659,-14.636753692694008
19953,-5.9172749519348145,-14.635619354315102
19954,-14.735992431640625,-14.657350795812905
19955,-10.83840274810791,-14.496787933416664
19956,-13.26966667175293,-14.327621223516763
19957,-6.8612260818481445,-14.334521299429237
19958,-3.479741334915161,-14.350134256787598
19959,-0.09327200055122375,-14.353831984825431
19960,0.9889900088310242,-14.355960240907967
19961,0.6046479940414429,-14.35858209425956
19962,-1.2664992809295654,-14.354308979101479
19963,-6.648342609405518,-14.361102081365884
19964,-4.514066219329834,-14.310109464712442
19965,-15.018821716308594,-14.283211828298867
19966,-41.49928665161133,-14.251055975027382
19967,-37.58003616333008,-14.21802409941703
19968,-40.60844802856445,-14.165928152151405
19969,-37.55166244506836,-14.16073406035453
19970,-7.276533126831055,-14.148363027639688
19971,-6.397299766540527,-14.146911359854043
19972,-6.249050140380859,-14.14888586051017
19973,-6.434083461761475,-14.152974161215127
19974,-3.0839099884033203,-14.143144367285073
19975,-49.07907485961914,-14.316699400015175
19976,-49.73091506958008,-14.48255992705375
19977,-5.4349751472473145,-14.474603765554725
19978,-12.746397018432617,-14.512789289541542
19979,-53.90501403808594,-14.687914388723671
19980,-9.221030235290527,-14.685523889608682
19981,0.8488439917564392,-14.657423593826591
19982,1.077821969985962,-14.63911989814788
19983,1.16497802734375,-14.63837538344413
19984,-1.3793779611587524,-14.649252711363136
19985,-0.766156017780304,-14.645955122299492
19986,0.07664600014686584,-14.64138409013301
19987,-2.367428779602051,-14.61500725144893
19988,-12.641549110412598,-14.603228347487748
19989,-17.795915603637695,-14.576491897292435
19990,-31.716510772705078,-14.492355361647904
19991,-39.592769622802734,-14.448431670852006
19992,-42.61515808105469,-14.420128234572708
19993,-29.623533248901367,-14.384474586196244
19994,-6.3001251220703125,-14.19403472108394
19995,-5.579708099365234,-14.17689918870479
19996,-4.096950054168701,-14.162094556517898
19997,-6.336150169372559,-14.162268556304277
19998,-4.123600006103516,-14.160974662490188
19999,-5.494872570037842,-14.161417918868363
20000,-2.609827995300293,-14.148016097731889
20001,-7.68446683883667,-13.971283536620438
20002,-16.58324432373047,-13.97260553521663
20003,-9.227343559265137,-13.952247129149734
20004,-5.804115295410156,-13.728593412108719
20005,1.2047760486602783,-13.672746266074478
20006,0.38437074422836304,-13.644065524049104
20007,1.1276639699935913,-13.63206821770221
20008,0.45447400212287903,-13.636313225574792
20009,1.074887990951538,-13.634327020235359
20010,0.5758039951324463,-13.62070093781501
20011,-1.2825360298156738,-13.59861945015937
20012,-8.263899803161621,-13.57973954064399
20013,-58.797969818115234,-13.734156677789986
20014,-9.433369636535645,-13.593444935388863
20015,-35.531837463378906,-13.546251225061715
20016,-38.26543045043945,-13.489951435633003
20017,-8.903142929077148,-13.327931332178414
20018,-6.600686550140381,-13.306068312235176
20019,-7.711766719818115,-13.307157513208688
20020,-6.7978668212890625,-13.304636814661324
20021,-7.253408432006836,-13.302800781793893
20022,-5.243983268737793,-13.291188080377877
20023,-6.861350059509277,-13.292731413431465
20024,-3.606829881668091,-13.283507400102913
20025,-5.058191776275635,-13.288529290743172
20026,-17.56111717224121,-13.30391937405616
20027,-9.355223655700684,-13.253175321169197
20028,-4.561798572540283,-13.206939445085824
20029,-2.6571712493896484,-13.176889865465462
20030,0.6547240018844604,-13.15700113684684
20031,-2.191770076751709,-13.170887977190315
20032,0.6605740189552307,-13.141835757561028
20033,1.3069080114364624,-13.104566224880516
20034,1.2424139976501465,-13.082517471142113
20035,-3.215355396270752,-13.035843839474023
20036,-8.847270011901855,-13.007480733700097
20037,-14.006088256835938,-12.982544896908104
20038,-31.841087341308594,-12.916084951229394
20039,-40.50426483154297,-12.877295064754785
20040,-48.79389190673828,-12.846481618709863
20041,-44.84334945678711,-12.815139730282128
20042,-7.825133323669434,-12.807519998379052
20043,-8.811891555786133,-12.80044279653579
20044,-4.9235334396362305,-12.807422962017357
20045,-4.395949840545654,-12.799017595119775
20046,-7.071625232696533,-12.805617063350976
20047,-4.7080583572387695,-12.809124146290124
20048,-7.188191890716553,-12.8124133804515
20049,-10.131933212280273,-12.82574535638839
20050,-14.64692497253418,-12.809703608341515
20051,-11.83761978149414,-12.811529856510461
20052,-0.5429459810256958,-12.7620943062976
20053,0.7314940094947815,-12.72395392138511
20054,1.3885020017623901,-12.700073625154793
20055,-1.5567820072174072,-12.70341588909179
20056,1.064520001411438,-12.676052409000695
20057,0.8288695216178894,-12.636749877996742
20058,-43.688575744628906,-12.767828476019204
20059,-1.523484706878662,-12.726395437307655
20060,-53.69584655761719,-12.87560599333793
20061,-16.5836181640625,-12.84618273741752
20062,-45.12468338012695,-12.816260557241737
20063,-39.484596252441406,-12.779550779409707
20064,-41.67422103881836,-12.755101835317909
20065,-80.38465118408203,-12.976701971121132
20066,-7.43209981918335,-12.968730369634926
20067,-3.1692540645599365,-12.952094119139016
20068,-6.766775131225586,-12.958343886442483
20069,-4.348283290863037,-12.963390599317849
20070,-7.091125011444092,-12.960307000227273
20071,-6.630541801452637,-12.966771054334938
20072,-5.562049865722656,-12.962938653059304
20073,-8.74537467956543,-12.970558121748269
20074,-13.248805046081543,-12.850980679579079
20075,-12.183716773986816,-12.776963639326393
20076,-3.0905027389526367,-12.75441608531028
20077,1.3107960224151611,-12.736400157041848
20078,1.3442939519882202,-12.70661394841224
20079,0.6856666803359985,-12.687852681227028
20080,1.3078440427780151,-12.659151305742562
20081,1.2325140237808228,-12.627202683515847
20082,1.2603240013122559,-12.613180067129433
20083,-48.341209411621094,-12.775452571935952
20084,-53.908599853515625,-12.945885532446205
20085,-13.706336975097656,-12.988069901533425
20086,-12.520299911499023,-12.830953408308327
20087,-37.81855010986328,-12.96466973979026
20088,-48.795223236083984,-13.160735472746193
20089,-38.87678527832031,-13.320230045862496
20090,-6.68535852432251,-13.350916791982948
20091,-6.372274875640869,-13.380130811519921
20092,-2.638967990875244,-13.394830643482507
20093,-2.5024471282958984,-13.378563294239342
20094,-5.018216609954834,-13.349452551670373
20095,-6.600375175476074,-13.317803683109581
20096,-7.729750156402588,-13.221975460834802
20097,-7.616000175476074,-13.182537163563072
20098,-15.608055114746094,-13.093716469593346
20099,-15.536025047302246,-13.018723378010094
20100,-0.3856480121612549,-12.994248203106224
20101,1.0606340169906616,-12.968767566986383
20102,0.7066360116004944,-12.765815717764198
20103,0.6815260052680969,-12.734044346638024
20104,1.3693139553070068,-12.713904411144554
20105,1.3385519981384277,-12.51077270681411
20106,-0.8049753308296204,-12.492796107359231
20107,-4.398464202880859,-12.489766764707863
20108,-6.015634536743164,-12.277189730711282
20109,-19.576980590820312,-12.127138384886086
20110,-35.02377700805664,-12.223983904905618
20111,-38.26277160644531,-12.38015796739608
20112,-44.25353240966797,-12.562153632946313
20113,-34.67031478881836,-12.698695740051567
20114,-10.345783233642578,-12.744730360813438
20115,-8.88534164428711,-12.785067359276116
20116,-4.4684247970581055,-12.807380866356194
20117,-4.9461750984191895,-12.827214982748032
20118,-4.872291564941406,-12.768935922384262
20119,-3.58029842376709,-12.708394132375718
20120,-4.572316646575928,-12.604091090917587
20121,-5.610258102416992,-12.524158565282821
20122,-17.57880973815918,-12.429958118200302
20123,-8.470020294189453,-12.282409503698348
20124,-5.764890670776367,-12.263433765172959
20125,-46.3257942199707,-12.42380467581749
20126,1.3055399656295776,-12.403139855623245
20127,1.3755780458450317,-12.198630249738693
20128,1.2918599843978882,-12.164876010179519
20129,1.2541680335998535,-12.140839904069901
20130,-43.83504104614258,-12.286412001848221
20131,-7.019656181335449,-12.293193593263625
20132,-8.796009063720703,-12.25302596783638
20133,-18.583906173706055,-12.293768056154251
20134,-42.4036865234375,-12.440111903429031
20135,-39.41366195678711,-12.600564471244812
20136,-25.59547996520996,-12.707976959228516
20137,-83.79033660888672,-13.045006529688836
20138,-7.128874778747559,-13.077755988955499
20139,-8.777983665466309,-13.117770619750022
20140,-3.9136500358581543,-13.115138255476952
20141,-3.657219886779785,-13.11087721002102
20142,-49.17267608642578,-13.265754182219505
20143,-4.190441608428955,-13.245669528365136
20144,-6.770675182342529,-13.106549378752709
20145,-4.959933280944824,-12.96078814446926
20146,-13.131290435791016,-12.825871243834495
20147,-8.912741661071777,-12.703016351103782
20148,-8.454529762268066,-12.703582242369652
20149,-3.9329147338867188,-12.686236466765404
20150,1.1802239418029785,-12.65304880464077
20151,-0.7540860176086426,-12.634355149626732
20152,0.548632025718689,-12.604089053988456
20153,-0.7079979777336121,-12.589186445832253
20154,1.0456199645996094,-12.562010431885719
20155,-5.417500019073486,-12.552427765488625
20156,-8.473126411437988,-12.531014004349709
20157,-13.15200424194336,-12.530043984055519
20158,-37.84621810913086,-12.661783766388893
20159,-33.01015853881836,-12.796661744475365
20160,-0.9990126490592957,-12.80251457107067
20161,0.44334399700164795,-12.797957162976266
20162,0.7139459848403931,-12.797901067137719
20163,-7.921996116638184,-12.834290363669396
20164,-12.705373764038086,-12.889556994795798
20165,-18.1933536529541,-12.92929503953457
20166,-18.782270431518555,-12.956767054915428
20167,-18.615903854370117,-12.970138781905174
20168,-45.82533264160156,-13.008081759810448
20169,-40.866024017333984,-13.108969748854637
20170,-49.84281921386719,-13.150012503981591
20171,-46.890220642089844,-13.162443580031395
20172,-8.295083045959473,-13.152727580428124
20173,-6.459050178527832,-13.15198701417446
20174,-4.512733459472656,-13.154608681082726
20175,-4.278408527374268,-13.142970415472984
20176,-5.13640832901001,-13.146476515173912
20177,-5.191766738891602,-13.149248548865318
20178,-7.844366550445557,-13.168806334853173
20179,-6.505450248718262,-13.161548335433006
20180,-13.222403526306152,-13.141533080458641
20181,-58.39909362792969,-13.346283789992333
20182,-58.683712005615234,-13.54555763566494
20183,-14.29699420928955,-13.564435080885888
20184,-7.618380069732666,-13.59849324119091
20185,-1.739475965499878,-13.610892401099205
20186,-13.109432220458984,-13.668079681754111
20187,-5.11256217956543,-13.693547858595847
20188,-2.1675140857696533,-13.697596667170524
20189,-10.14113998413086,-13.720516508936882
20190,-19.045772552490234,-13.738349512934684
20191,-6.522810935974121,-13.701433649897576
20192,-36.56657791137695,-13.748283190608024
20193,-46.224151611328125,-13.775590762019158
20194,-49.847251892089844,-13.800934191584586
20195,-38.21476745605469,-13.788807650446891
20196,-10.055992126464844,-13.787262385249138
20197,-5.686850070953369,-13.775600285410881
20198,-6.583691596984863,-13.785881352305413
20199,-5.800708293914795,-13.789391785502433
20200,-6.557583332061768,-13.795700053095818
20201,-4.035293102264404,-13.791450291514396
20202,-5.274425029754639,-13.798325164675713
20203,-5.6584792137146,-13.797289981722832
20204,-10.88105583190918,-13.781870235323906
20205,-12.955312728881836,-13.790337875247001
20206,-9.16530704498291,-13.773920436739921
20207,-3.472743272781372,-13.760366505503654
20208,-6.036480903625488,-13.770593463778496
20209,-9.801009178161621,-13.809424412488937
20210,-3.834420680999756,-13.828718055248261
20211,-8.880842208862305,-13.866660016059875
20212,-15.189586639404297,-13.922352365493774
20213,-18.125232696533203,-13.968259925842284
20214,-7.4921488761901855,-13.980172256469727
20215,-22.95338249206543,-14.011910499572753
20216,-49.679229736328125,-14.044630271911622
20217,-51.80324172973633,-14.101523094177246
20218,-46.197994232177734,-14.1238812789917
20219,-45.23481369018555,-14.154613883972168
20220,-10.209391593933105,-14.166345317840577
20221,-8.411816596984863,-14.174403385162353
20222,-2.359596014022827,-14.158845568656922
20223,-4.136274814605713,-14.149654334068298
20224,-4.0519914627075195,-14.153526659965515
20225,-4.563108444213867,-13.975462794303894
20226,-6.382408142089844,-13.802068766593933
20227,-2.332793951034546,-13.789660041809082
20228,-13.2835111618042,-13.791808498382569
20229,-13.381540298461914,-13.629714603424071
20230,-1.3639119863510132,-13.598286130428313
20231,-0.7418453097343445,-13.604648887634278
20232,1.5010919570922852,-13.602955807685852
20233,0.14861400425434113,-13.60702126377821
20234,1.2337640523910522,-13.596568695724011
20235,-3.537914752960205,-13.60765573066473
20236,-5.73239803314209,-13.630891906797887
20237,-10.887275695800781,-13.664971294462681
20238,-13.047304153442383,-13.6665943146348
20239,-17.045148849487305,-13.663591247618198
20240,-18.134241104125977,-13.609262168943882
20241,-40.51578903198242,-13.612954246580601
20242,-39.94477844238281,-13.602272728025913
20243,-34.875701904296875,-13.623281402647494
20244,-9.846258163452148,-13.637465934813022
20245,-6.246391773223877,-13.640132669508457
20246,-6.577624797821045,-13.650055368483066
20247,-4.422275066375732,-13.64239986807108
20248,-6.176249980926514,-13.65061046797037
20249,-6.3573832511901855,-13.65406051069498
20250,-4.040291786193848,-13.659782365858554
20251,-7.043002605438232,-13.65721650892496
20252,-2.438015937805176,-13.60063559538126
20253,-6.191708087921143,-13.588493053495885
20254,-3.769205331802368,-13.580353413641452
20255,-6.4175920486450195,-13.610842886030674
20256,1.0948020219802856,-13.608001160919667
20257,1.2798360586166382,-13.607392472565174
20258,1.3623839616775513,-13.603760832726955
20259,0.7910460233688354,-13.604896200597286
20260,-2.790571451187134,-13.618361702382565
20261,-13.658027648925781,-13.667863668859004
20262,-15.527303695678711,-13.696917284429073
20263,-16.041297912597656,-13.525890596807002
20264,-42.25605773925781,-13.657181349217892
20265,-37.73298645019531,-13.665985945165158
20266,-18.67097282409668,-13.587608114659787
20267,-42.50920104980469,-13.722032347142697
20268,-9.526350021362305,-13.733735001027584
20269,-4.051764965057373,-13.719094994008541
20270,-7.247558116912842,-13.720893759191036
20271,-5.056133270263672,-13.712104658544064
20272,-4.5509748458862305,-13.709332624852657
20273,-5.032078266143799,-13.702015537679195
20274,-5.316349983215332,-13.708853618085385
20275,-50.72664260864258,-13.891527421414851
20276,-12.551950454711914,-13.871490754544736
20277,-55.326904296875,-14.055377477109433
20278,-8.88752555847168,-14.072680385053157
20279,-8.200338363647461,-14.094853053510189
20280,-4.160292148590088,-14.114113118112087
20281,-0.501039981842041,-14.10735019773245
20282,1.5527219772338867,-14.103781605899334
20283,-6.421438694000244,-14.13469499272108
20284,-5.424381256103516,-14.161362173736096
20285,-9.509859085083008,-14.186540188491344
20286,-10.43286418914795,-14.192882565200328
20287,-19.629379272460938,-14.21537572926283
20288,-89.8626708984375,-14.447462063491345
20289,-46.10799789428711,-14.469876995742322
20290,-48.43727111816406,-14.468450512588024
20291,-41.29650115966797,-14.454263119399547
20292,-8.09737491607666,-14.455352085769176
20293,-6.268274784088135,-14.445177618682385
20294,-4.373849868774414,-14.442978884398936
20295,-49.670143127441406,-14.62407565754652
20296,-5.168475151062012,-14.616463057219983
20297,-7.55316686630249,-14.627843491256238
20298,-4.950291633605957,-14.618891890227795
20299,-5.490490436553955,-14.600326119124889
20300,-11.55962085723877,-14.587976902663709
20301,-13.522377014160156,-14.594715931594372
20302,-6.962578773498535,-14.620394462764263
20303,-3.171224594116211,-14.636005337178707
20304,-3.3813626766204834,-14.655084795892238
20305,1.7030600309371948,-14.642045427739621
20306,-1.2403147220611572,-14.65126476663351
20307,-2.0462512969970703,-14.66276524990797
20308,-7.679999828338623,-14.51873094624281
20309,-11.619317054748535,-14.559114275634288
20310,-17.930753707885742,-14.416053904235364
20311,-22.92264175415039,-14.441409998595715
20312,-49.08782196044922,-14.457262552917003
20313,-55.13222885131836,-14.519853083312512
20314,-51.54655075073242,-14.559342402160167
20315,-48.83600997924805,-14.433147837340831
20316,-8.278400421142578,-14.436533039748669
20317,-9.18358325958252,-14.460590356528758
20318,-6.433415412902832,-14.459256917655468
20319,-50.19978332519531,-14.642662917792798
20320,-5.364016532897949,-14.635754483878612
20321,-50.46498489379883,-14.811092256247997
20322,-5.712958335876465,-14.811695890128613
20323,-3.254163980484009,-14.789731047332287
20324,-17.850622177124023,-14.808138315856457
20325,-1.9650640487670898,-14.767263704955578
20326,-5.1731953620910645,-14.775594475448132
20327,0.1688539981842041,-14.780162243545055
20328,1.3148666620254517,-14.780279952704907
20329,1.6586819887161255,-14.776387891471385
20330,1.6540199518203735,-14.775003187835216
20331,-3.9957799911499023,-14.79591636389494
20332,-6.465766429901123,-14.826820725619793
20333,-10.25682258605957,-14.674483178317546
20334,-13.594069480895996,-14.513225056827068
20335,-21.88823890686035,-14.54595266455412
20336,-38.37715148925781,-14.649380070865154
20337,-46.8975715637207,-14.685696156680583
20338,-51.63743209838867,-14.697064992129803
20339,-46.4526481628418,-14.727368443667888
20340,-10.250016212463379,-14.741627074420451
20341,-6.369783401489258,-14.741617108523846
20342,-7.200325012207031,-14.759862536609173
20343,-6.417941570281982,-14.775524514377118
20344,-4.426825046539307,-14.773158948123456
20345,-2.9126360416412354,-14.758407991588117
20346,-4.918224811553955,-14.747161890208721
20347,-5.826687812805176,-14.740004640758038
20348,-10.85291862487793,-14.720984094798565
20349,-13.975231170654297,-14.714740919291973
20350,-9.814982414245605,-14.75245825690031
20351,-3.2684340476989746,-14.769774529159069
20352,1.6042879819869995,-14.766183921277523
20353,1.1379599571228027,-14.764358185470105
20354,1.0680880546569824,-14.765563089072705
20355,-5.588269233703613,-14.793270374000073
20356,-6.170909404754639,-14.814734110295772
20357,-8.88280200958252,-14.83267146152258
20358,-12.954686164855957,-14.86042766803503
20359,-23.351573944091797,-14.875526041448117
20360,-50.737022399902344,-14.938379023015498
20361,-44.43175506591797,-14.963054956853389
20362,-44.85203170776367,-14.965448954045772
20363,-41.229557037353516,-14.991685923039913
20364,-10.976175308227539,-14.994207491338253
20365,-5.844474792480469,-14.982044023931026
20366,-4.475574970245361,-14.982072624623775
20367,-6.66017484664917,-14.988928623616696
20368,-6.162393093109131,-14.994089029729366
20369,-49.85886001586914,-15.179203276097775
20370,-5.0120415687561035,-15.180962175786496
20371,-50.554203033447266,-15.360737955510617
20372,-57.05192565917969,-15.518630419194698
20373,-2.2242579460144043,-15.493647369801998
20374,-10.457291603088379,-15.512416973531247
20375,-2.33186411857605,-15.336441253125667
20376,1.0539286136627197,-15.337447698533534
20377,1.5266519784927368,-15.336843402802945
20378,0.7983840107917786,-15.338817306697369
20379,-2.788850784301758,-15.354989381968975
20380,-5.229133129119873,-15.200565750300884
20381,-11.341130256652832,-15.217851646602155
20382,-13.345376968383789,-15.236049118220807
20383,-20.666236877441406,-15.244378441035748
20384,-44.338653564453125,-15.25211830919981
20385,-46.82929992675781,-15.281780861079692
20386,-46.17937469482422,-15.36411643999815
20387,-20.527786254882812,-15.111066238582135
20388,-10.420100212097168,-15.124231140315533
20389,-6.5574164390563965,-15.115348871409893
20390,-2.5124258995056152,-15.109743974864482
20391,-7.132291793823242,-15.123644262492657
20392,-2.5312740802764893,-14.93707865446806
20393,-6.68964147567749,-14.947075453937053
20394,-7.608633518218994,-14.95042728728056
20395,-6.50337553024292,-14.956601056277751
20396,-17.392847061157227,-14.973647282779217
20397,-9.555328369140625,-14.976217629611492
20398,-2.8919267654418945,-14.953967217624188
20399,-2.3784067630767822,-14.947749185740948
20400,0.26304998993873596,-14.951417881548405
20401,0.6966639757156372,-14.945614881575107
20402,0.809503972530365,-14.94457139378786
20403,0.7773320078849792,-14.938630073845387
20404,-5.600465774536133,-14.96521441680193
20405,-10.674283027648926,-14.986241548836231
20406,-11.87047004699707,-14.999830923378468
20407,-17.56332015991211,-15.017476187050342
20408,-39.516075134277344,-15.024155615150928
20409,-45.004722595214844,-15.072133871376515
20410,-15.328372955322266,-15.129451312601566
20411,-34.111839294433594,-15.267672045767307
20412,-6.874724864959717,-15.298026729166507
20413,-8.044241905212402,-15.298515712320805
20414,-4.056433200836182,-15.263919950067997
20415,-5.990566730499268,-15.215108802378177
20416,-7.189816474914551,-15.168738986551762
20417,-4.574699878692627,-15.11257417064905
20418,-7.453283309936523,-14.959085973322392
20419,-6.499853610992432,-14.821621291697026
20420,-10.679570198059082,-14.664968295633793
20421,-1.4711840152740479,-14.48329214912653
20422,-8.009735107421875,-14.482150757372379
20423,-0.8039473295211792,-14.459530345976352
20424,0.23820599913597107,-14.440526588141918
20425,-0.19412031769752502,-14.42418943530321
20426,1.4084819555282593,-14.398009874165059
20427,0.06545999646186829,-14.376980967223645
20428,-1.7279160022735596,-14.352515165030956
20429,-15.437328338623047,-14.388242677390576
20430,-17.86552619934082,-14.406815168082714
20431,-21.558916091918945,-14.259454457938672
20432,-42.723331451416016,-14.195612935721874
20433,-44.421661376953125,-14.316111604392528
20434,-38.70521545410156,-14.440458945930004
20435,-38.088096618652344,-14.585853428542613
20436,-3.8826498985290527,-14.548946299254894
20437,-7.891058444976807,-14.56006028431654
20438,-2.3964240550994873,-14.560975924193858
20439,-4.990049839019775,-14.540371563613414
20440,-4.8717498779296875,-14.483675472915172
20441,-4.554766654968262,-14.475803295791149
20442,-7.222208499908447,-14.358425818145275
20443,-5.78269624710083,-14.196659996688366
20444,-11.6604585647583,-14.04391282337904
20445,-1.4886980056762695,-13.897008545577526
20446,-6.082625389099121,-13.881115078628063
20447,-6.131912708282471,-13.88289532917738
20448,0.45742401480674744,-13.854730866730213
20449,1.0694379806518555,-13.827250281631947
20450,1.3437139987945557,-13.795645092308522
20451,-2.0640814304351807,-13.787760245621204
20452,-8.778339385986328,-13.801775903046131
20453,-5.893199443817139,-13.802714783966541
20454,-14.443475723266602,-13.81696446353197
20455,-17.922529220581055,-13.836833329498768
20456,-26.860044479370117,-13.907612279236316
20457,-43.209041595458984,-14.066557472527027
20458,-44.59667205810547,-14.220798237144948
20459,-40.26885223388672,-14.342669609367848
20460,-10.253483772277832,-14.36834586173296
20461,-8.496100425720215,-14.36680689460039
20462,-4.781616687774658,-14.325175014793873
20463,-6.757458209991455,-14.279703916847707
20464,-4.457916736602783,-14.267566988289357
20465,-7.336824893951416,-14.2051007578969
20466,-5.582958221435547,-14.02871567183733
20467,-5.43209171295166,-13.843231071770191
20468,-3.417785882949829,-13.67211023837328
20469,-8.207951545715332,-13.524002789795398
20470,-9.330059051513672,-13.520485459625721
20471,-0.47336000204086304,-13.488731633245944
20472,1.5243539810180664,-13.473195833265782
20473,1.415753960609436,-13.450987718164921
20474,0.8762440085411072,-13.431274776279926
20475,-2.9514973163604736,-13.424828331768513
20476,-7.251284122467041,-13.428303835690022
20477,-13.186338424682617,-13.471718013584614
20478,-13.579014778137207,-13.472900028049946
20479,-13.770548820495605,-13.474456062138081
