timestamp,solar_kw_actual,solar_kw_prediction
2025-05-29 00:30:00,0.0,-0.65640527
2025-05-29 01:30:00,0.0,-0.50712657
2025-05-29 02:30:00,0.0,-0.5324965
2025-05-29 03:30:00,0.0,0.33430794
2025-05-29 04:30:00,0.0,1.5180426
2025-05-29 05:30:00,1.492,3.85934
2025-05-29 06:30:00,12.292,10.88491
2025-05-29 07:30:00,27.777,29.177118
2025-05-29 08:30:00,49.039,44.804276
2025-05-29 09:30:00,65.72,63.374214
2025-05-29 10:30:00,72.35,75.440056
2025-05-29 11:30:00,80.905,74.247894
2025-05-29 12:30:00,60.946000000000005,76.57774
2025-05-29 13:30:00,54.852,54.56679
2025-05-29 14:30:00,39.66,43.663116
2025-05-29 15:30:00,25.007,27.761292
2025-05-29 16:30:00,12.252,11.230772
2025-05-29 17:30:00,2.967,4.1206684
2025-05-29 18:30:00,0.0,1.6037824
2025-05-29 19:30:00,0.0,0.7268577
2025-05-29 20:30:00,0.0,0.2682892
2025-05-29 21:30:00,0.0,0.22234337
2025-05-29 22:30:00,0.0,0.22900331
2025-05-29 23:30:00,0.0,-0.5965042
2025-05-30 00:30:00,0.0,-0.58887845
2025-05-30 01:30:00,0.0,-0.45604256
2025-05-30 02:30:00,0.0,-0.10785879
2025-05-30 03:30:00,0.0,0.5826703
2025-05-30 04:30:00,0.0,1.2773999
2025-05-30 05:30:00,0.75,3.5132825
2025-05-30 06:30:00,6.346,10.350616
2025-05-30 07:30:00,15.281000000000002,22.20549
2025-05-30 08:30:00,23.736,31.463284
2025-05-30 09:30:00,34.247,37.25821
2025-05-30 10:30:00,41.953,44.43321
2025-05-30 11:30:00,40.455,47.828133
2025-05-30 12:30:00,40.764,43.143337
2025-05-30 13:30:00,37.735,38.79954
2025-05-30 14:30:00,27.385,31.167006
2025-05-30 15:30:00,22.906,18.030008
2025-05-30 16:30:00,10.282,8.777772
2025-05-30 17:30:00,2.198,4.333936
2025-05-30 18:30:00,0.0,1.8668847
2025-05-30 19:30:00,0.0,0.9817476
2025-05-30 20:30:00,0.0,0.33947605
2025-05-30 21:30:00,0.0,0.2359092
2025-05-30 22:30:00,0.0,0.37756726
2025-05-30 23:30:00,0.0,-0.41405818
2025-05-31 00:30:00,0.0,-0.52241313
2025-05-31 01:30:00,0.0,-0.6860928
2025-05-31 02:30:00,0.0,-0.29036036
2025-05-31 03:30:00,0.0,0.43330446
2025-05-31 04:30:00,0.0,1.1293697
2025-05-31 05:30:00,1.9749999999999999,2.985141
2025-05-31 06:30:00,16.091,9.808436
2025-05-31 07:30:00,35.41,32.098404
2025-05-31 08:30:00,57.979,53.463875
2025-05-31 09:30:00,79.01,71.88849
2025-05-31 10:30:00,92.899,86.77026
2025-05-31 11:30:00,96.086,90.159325
2025-05-31 12:30:00,91.238,85.64178
2025-05-31 13:30:00,74.662,79.26879
2025-05-31 14:30:00,60.475,55.95264
2025-05-31 15:30:00,39.952,40.276646
2025-05-31 16:30:00,21.44,18.4802
2025-05-31 17:30:00,4.762,4.8340154
2025-05-31 18:30:00,0.0,1.3378663
2025-05-31 19:30:00,0.0,0.1452993
2025-05-31 20:30:00,0.0,-0.15470213
2025-05-31 21:30:00,0.0,-0.008195342
2025-05-31 22:30:00,0.0,0.045096155
2025-05-31 23:30:00,0.0,-0.62328833
2025-06-01 00:30:00,0.0,-0.57130253
2025-06-01 01:30:00,0.0,-0.80767196
2025-06-01 02:30:00,0.0,-0.3009493
2025-06-01 03:30:00,0.0,0.583046
2025-06-01 04:30:00,0.0,1.386075
2025-06-01 05:30:00,2.023,3.921463
2025-06-01 06:30:00,20.014,12.051623
2025-06-01 07:30:00,41.197,42.48973
2025-06-01 08:30:00,64.2,63.64178
2025-06-01 09:30:00,82.91,81.69483
2025-06-01 10:30:00,95.087,92.91885
2025-06-01 11:30:00,104.269,96.03832
2025-06-01 12:30:00,101.586,96.54751
2025-06-01 13:30:00,90.898,88.97143
2025-06-01 14:30:00,73.699,73.83441
2025-06-01 15:30:00,50.62,53.235195
2025-06-01 16:30:00,27.027,27.135048
2025-06-01 17:30:00,6.119,5.909047
2025-06-01 18:30:00,0.0,0.95475435
2025-06-01 19:30:00,0.0,-0.40851265
2025-06-01 20:30:00,0.0,-0.6184669
2025-06-01 21:30:00,0.0,-0.25861993
2025-06-01 22:30:00,0.0,-0.05275778
2025-06-01 23:30:00,0.0,-0.6174669
2025-06-02 00:30:00,0.0,-0.4595668
2025-06-02 01:30:00,0.0,-0.6811006
2025-06-02 02:30:00,0.0,-0.17515676
2025-06-02 03:30:00,0.0,0.6162253
2025-06-02 04:30:00,0.0,1.2888249
2025-06-02 05:30:00,2.219,3.8955252
2025-06-02 06:30:00,20.26,12.623471
2025-06-02 07:30:00,44.321,44.11499
2025-06-02 08:30:00,68.294,68.07827
2025-06-02 09:30:00,87.544,87.031235
2025-06-02 10:30:00,98.781,99.14962
2025-06-02 11:30:00,104.505,101.83642
2025-06-02 12:30:00,101.028,99.28906
2025-06-02 13:30:00,83.388,88.64551
2025-06-02 14:30:00,63.941,67.84212
2025-06-02 15:30:00,43.221,43.729176
2025-06-02 16:30:00,23.461,20.93931
2025-06-02 17:30:00,5.796,4.9507594
2025-06-02 18:30:00,0.0,1.1353636
2025-06-02 19:30:00,0.0,-0.027211063
2025-06-02 20:30:00,0.0,-0.28724772
2025-06-02 21:30:00,0.0,-0.16672572
2025-06-02 22:30:00,0.0,0.011361782
2025-06-02 23:30:00,0.0,-0.6041949
2025-06-03 00:30:00,0.0,-0.46615416
2025-06-03 01:30:00,0.0,-0.5113024
2025-06-03 02:30:00,0.0,-0.32475057
2025-06-03 03:30:00,0.0,0.40096033
2025-06-03 04:30:00,0.0,1.2943269
2025-06-03 05:30:00,2.123,4.687282
2025-06-03 06:30:00,17.777,13.757969
2025-06-03 07:30:00,39.917,39.61812
2025-06-03 08:30:00,66.716,63.06803
2025-06-03 09:30:00,82.585,84.330444
2025-06-03 10:30:00,95.291,93.386635
2025-06-03 11:30:00,96.369,97.68292
2025-06-03 12:30:00,92.326,91.621704
2025-06-03 13:30:00,77.713,82.0208
2025-06-03 14:30:00,66.544,63.49152
2025-06-03 15:30:00,40.05,46.400574
2025-06-03 16:30:00,20.638,20.589548
2025-06-03 17:30:00,4.836,4.7353525
2025-06-03 18:30:00,0.0,1.1060859
2025-06-03 19:30:00,0.0,0.0017036268
2025-06-03 20:30:00,0.0,-0.27721468
2025-06-03 21:30:00,0.0,-0.13136885
2025-06-03 22:30:00,0.0,0.019935424
2025-06-03 23:30:00,0.0,-0.6614282
2025-06-04 00:30:00,0.0,-0.46816692
2025-06-04 01:30:00,0.0,-0.34042904
2025-06-04 02:30:00,0.0,-0.18608302
2025-06-04 03:30:00,0.0,0.5013522
2025-06-04 04:30:00,0.0,1.309879
2025-06-04 05:30:00,2.147,4.275443
2025-06-04 06:30:00,19.662,12.870694
2025-06-04 07:30:00,43.669,43.540176
2025-06-04 08:30:00,67.259,66.16765
2025-06-04 09:30:00,85.56,86.64295
2025-06-04 10:30:00,97.578,97.86873
2025-06-04 11:30:00,104.448,100.64017
2025-06-04 12:30:00,97.908,99.687325
2025-06-04 13:30:00,84.056,87.02259
2025-06-04 14:30:00,64.226,68.954315
2025-06-04 15:30:00,40.508,43.89707
2025-06-04 16:30:00,21.293,19.443508
2025-06-04 17:30:00,5.106,4.486496
2025-06-04 18:30:00,0.0,0.83236647
2025-06-04 19:30:00,0.0,-0.28105828
2025-06-04 20:30:00,0.0,-0.51425534
2025-06-04 21:30:00,0.0,-0.4232885
2025-06-04 22:30:00,0.0,-0.2775016
2025-06-04 23:30:00,0.0,-0.8448341
2025-06-05 00:30:00,0.0,-0.699931
2025-06-05 01:30:00,0.0,-0.47941768
2025-06-05 02:30:00,0.0,-0.32900408
2025-06-05 03:30:00,0.0,0.36012962
2025-06-05 04:30:00,0.0,0.96176183
2025-06-05 05:30:00,2.19,3.838792
2025-06-05 06:30:00,21.204,12.605965
2025-06-05 07:30:00,44.817,46.775906
2025-06-05 08:30:00,68.17,68.836296
2025-06-05 09:30:00,86.4,87.92668
2025-06-05 10:30:00,98.287,98.87356
2025-06-05 11:30:00,102.157,102.32889
2025-06-05 12:30:00,98.719,98.21543
2025-06-05 13:30:00,86.904,87.27601
2025-06-05 14:30:00,66.915,70.70489
2025-06-05 15:30:00,47.654,46.915127
2025-06-05 16:30:00,23.599,26.493158
2025-06-05 17:30:00,5.453,5.132442
2025-06-05 18:30:00,0.0,0.9154941
2025-06-05 19:30:00,0.0,-0.38826722
2025-06-05 20:30:00,0.0,-0.6784824
2025-06-05 21:30:00,0.0,-0.62238485
2025-06-05 22:30:00,0.0,-0.3780651
2025-06-05 23:30:00,0.0,-0.9272956
2025-06-06 00:30:00,0.0,-0.7186974
2025-06-06 01:30:00,0.0,-0.5043043
2025-06-06 02:30:00,0.0,-0.07517819
2025-06-06 03:30:00,0.0,0.6545147
2025-06-06 04:30:00,0.0,1.2030313
2025-06-06 05:30:00,2.076,4.0435724
2025-06-06 06:30:00,19.273,12.96874
2025-06-06 07:30:00,43.65,43.531254
2025-06-06 08:30:00,67.425,69.69787
2025-06-06 09:30:00,85.366,88.96018
2025-06-06 10:30:00,97.12,99.37198
2025-06-06 11:30:00,100.567,102.422966
2025-06-06 12:30:00,89.556,97.38192
2025-06-06 13:30:00,77.808,80.21006
2025-06-06 14:30:00,59.072,62.149906
2025-06-06 15:30:00,38.023,40.02123
2025-06-06 16:30:00,18.959,17.834126
2025-06-06 17:30:00,4.289,4.4209476
2025-06-06 18:30:00,0.0,0.9369461
2025-06-06 19:30:00,0.0,-0.20556499
2025-06-06 20:30:00,0.0,-0.4915984
2025-06-06 21:30:00,0.0,-0.42352507
2025-06-06 22:30:00,0.0,-0.21217285
2025-06-06 23:30:00,0.0,-0.7453807
2025-06-07 00:30:00,0.0,-0.52507657
2025-06-07 01:30:00,0.0,-0.5658133
2025-06-07 02:30:00,0.0,0.07816957
2025-06-07 03:30:00,0.0,0.72476214
2025-06-07 04:30:00,0.0,1.1948453
2025-06-07 05:30:00,1.388,3.9593773
2025-06-07 06:30:00,10.909,12.627898
2025-06-07 07:30:00,22.209,29.98731
2025-06-07 08:30:00,37.729,42.344135
2025-06-07 09:30:00,55.247,54.85601
2025-06-07 10:30:00,73.087,69.18338
2025-06-07 11:30:00,85.213,81.11934
2025-06-07 12:30:00,91.094,85.68278
2025-06-07 13:30:00,82.075,83.074394
2025-06-07 14:30:00,64.846,68.240776
2025-06-07 15:30:00,46.043,45.95084
2025-06-07 16:30:00,23.151,25.00562
2025-06-07 17:30:00,5.108,5.191799
2025-06-07 18:30:00,0.0,1.0437118
2025-06-07 19:30:00,0.0,-0.28666702
2025-06-07 20:30:00,0.0,-0.60974216
2025-06-07 21:30:00,0.0,-0.4878154
2025-06-07 22:30:00,0.0,-0.36677337
2025-06-07 23:30:00,0.0,-0.95668256
2025-06-08 00:30:00,0.0,-0.8981999
2025-06-08 01:30:00,0.0,-0.98789096
2025-06-08 02:30:00,0.0,-0.4760053
2025-06-08 03:30:00,0.0,0.3472282
2025-06-08 04:30:00,0.0,1.207605
2025-06-08 05:30:00,1.999,3.3138897
2025-06-08 06:30:00,18.612,11.090999
2025-06-08 07:30:00,42.856,38.685783
2025-06-08 08:30:00,66.431,65.27908
2025-06-08 09:30:00,85.219,83.225494
2025-06-08 10:30:00,97.519,94.4659
2025-06-08 11:30:00,102.111,97.99319
2025-06-08 12:30:00,97.62,95.16831
2025-06-08 13:30:00,76.605,84.26491
2025-06-08 14:30:00,55.152,60.3622
2025-06-08 15:30:00,27.881,35.99761
2025-06-08 16:30:00,14.749999999999998,10.51875
2025-06-08 17:30:00,3.641,3.5734653
2025-06-08 18:30:00,0.0,1.0549635
2025-06-08 19:30:00,0.0,0.25598124
2025-06-08 20:30:00,0.0,0.07302112
2025-06-08 21:30:00,0.0,0.28322646
2025-06-08 22:30:00,0.0,0.34998986
2025-06-08 23:30:00,0.0,-0.37310112
2025-06-09 00:30:00,0.0,-0.3464989
2025-06-09 01:30:00,0.0,-0.6100888
2025-06-09 02:30:00,0.0,-0.2724018
2025-06-09 03:30:00,0.0,0.5424262
2025-06-09 04:30:00,0.0,1.2335608
2025-06-09 05:30:00,1.604,3.5691862
2025-06-09 06:30:00,14.173,11.47844
2025-06-09 07:30:00,31.242000000000004,34.212254
2025-06-09 08:30:00,55.467,51.47358
2025-06-09 09:30:00,77.214,70.96457
2025-06-09 10:30:00,92.531,86.74395
2025-06-09 11:30:00,100.383,94.49451
2025-06-09 12:30:00,93.58,92.60075
2025-06-09 13:30:00,80.851,79.93748
2025-06-09 14:30:00,52.301,62.443554
2025-06-09 15:30:00,31.454,34.059826
2025-06-09 16:30:00,16.631,11.985496
2025-06-09 17:30:00,3.817,3.5698438
2025-06-09 18:30:00,0.0,0.77849597
2025-06-09 19:30:00,0.0,0.05589177
2025-06-09 20:30:00,0.0,-0.14220373
2025-06-09 21:30:00,0.0,0.12578061
2025-06-09 22:30:00,0.0,0.23799282
2025-06-09 23:30:00,0.0,-0.44125044
2025-06-10 00:30:00,0.0,-0.31378928
2025-06-10 01:30:00,0.0,-0.48067638
2025-06-10 02:30:00,0.0,-0.35771295
2025-06-10 03:30:00,0.0,0.3487926
2025-06-10 04:30:00,0.0,0.99152195
2025-06-10 05:30:00,1.9269999999999998,3.57887
2025-06-10 06:30:00,16.16,11.829021
2025-06-10 07:30:00,36.152,36.481796
2025-06-10 08:30:00,60.553,57.782623
2025-06-10 09:30:00,81.454,76.58787
2025-06-10 10:30:00,93.696,92.16966
2025-06-10 11:30:00,97.539,95.64806
2025-06-10 12:30:00,89.251,91.01276
2025-06-10 13:30:00,78.251,76.15628
2025-06-10 14:30:00,54.858,62.300114
2025-06-10 15:30:00,33.035,36.5107
2025-06-10 16:30:00,13.391,12.521155
2025-06-10 17:30:00,1.994,2.9657633
2025-06-10 18:30:00,0.0,0.2722464
2025-06-10 19:30:00,0.0,-0.1322894
2025-06-10 20:30:00,0.0,-0.23488104
2025-06-10 21:30:00,0.0,0.090245254
2025-06-10 22:30:00,0.0,0.3657879
2025-06-10 23:30:00,0.0,-0.35800588
2025-06-11 00:30:00,0.0,-0.13863252
2025-06-11 01:30:00,0.0,-0.05344094
2025-06-11 02:30:00,0.0,0.012017614
2025-06-11 03:30:00,0.0,0.5867282
2025-06-11 04:30:00,0.0,1.2396477
2025-06-11 05:30:00,1.219,3.877599
2025-06-11 06:30:00,9.785,11.557549
2025-06-11 07:30:00,22.073,27.991922
2025-06-11 08:30:00,39.024,40.19968
2025-06-11 09:30:00,50.95,54.38094
2025-06-11 10:30:00,63.361,62.9406
2025-06-11 11:30:00,78.66,70.32993
2025-06-11 12:30:00,72.734,78.33864
2025-06-11 13:30:00,62.10600000000001,65.26458
2025-06-11 14:30:00,47.179,49.037262
2025-06-11 15:30:00,28.128,33.248875
2025-06-11 16:30:00,13.36,13.389936
2025-06-11 17:30:00,3.113,3.9308734
2025-06-11 18:30:00,0.0,1.112178
2025-06-11 19:30:00,0.0,0.1524699
2025-06-11 20:30:00,0.0,-0.27876118
2025-06-11 21:30:00,0.0,-0.17460082
2025-06-11 22:30:00,0.0,-0.07604495
2025-06-11 23:30:00,0.0,-0.7892498
2025-06-12 00:30:00,0.0,-0.7272062
2025-06-12 01:30:00,0.0,-0.4935864
2025-06-12 02:30:00,0.0,-0.3594482
2025-06-12 03:30:00,0.0,0.38270292
2025-06-12 04:30:00,0.0,0.9685319
2025-06-12 05:30:00,1.256,2.8055727
2025-06-12 06:30:00,11.053,9.070062
2025-06-12 07:30:00,24.35,26.594221
2025-06-12 08:30:00,46.838,42.11322
2025-06-12 09:30:00,65.226,62.58604
2025-06-12 10:30:00,83.346,76.2731
2025-06-12 11:30:00,94.129,86.121254
2025-06-12 12:30:00,88.131,88.37717
2025-06-12 13:30:00,76.216,76.91332
2025-06-12 14:30:00,62.61699999999999,60.059017
2025-06-12 15:30:00,46.247,43.03399
2025-06-12 16:30:00,23.269,25.82697
2025-06-12 17:30:00,5.673,5.6130295
2025-06-12 18:30:00,0.0,1.3235626
2025-06-12 19:30:00,0.0,-0.09726471
2025-06-12 20:30:00,0.0,-0.49249846
2025-06-12 21:30:00,0.0,-0.3028246
2025-06-12 22:30:00,0.0,0.021096792
2025-06-12 23:30:00,0.0,-0.6434048
2025-06-13 00:30:00,0.0,-0.4601509
2025-06-13 01:30:00,0.0,-0.28759015
2025-06-13 02:30:00,0.0,0.10741389
2025-06-13 03:30:00,0.0,0.69792765
2025-06-13 04:30:00,0.0,1.3673565
2025-06-13 05:30:00,1.9429999999999998,3.431317
2025-06-13 06:30:00,17.936,10.20988
2025-06-13 07:30:00,40.603,38.103436
2025-06-13 08:30:00,62.747,62.391056
2025-06-13 09:30:00,77.34,79.68374
2025-06-13 10:30:00,86.152,87.842064
2025-06-13 11:30:00,92.471,88.46413
2025-06-13 12:30:00,92.2,86.73289
2025-06-13 13:30:00,80.169,79.09856
2025-06-13 14:30:00,51.726,64.199615
2025-06-13 15:30:00,34.296,35.26732
2025-06-13 16:30:00,18.029,16.335924
2025-06-13 17:30:00,4.125,4.3783083
2025-06-13 18:30:00,0.0,1.1434906
2025-06-13 19:30:00,0.0,0.14991319
2025-06-13 20:30:00,0.0,-0.13361643
2025-06-13 21:30:00,0.0,0.06959423
2025-06-13 22:30:00,0.0,0.29220232
2025-06-13 23:30:00,0.0,-0.38272682
2025-06-14 00:30:00,0.0,-0.3123683
2025-06-14 01:30:00,0.0,-0.38232887
2025-06-14 02:30:00,0.0,0.16085227
2025-06-14 03:30:00,0.0,0.81599283
2025-06-14 04:30:00,0.0,1.3789198
2025-06-14 05:30:00,1.953,3.908143
2025-06-14 06:30:00,17.322,12.088397
2025-06-14 07:30:00,38.262,37.675957
2025-06-14 08:30:00,59.633,59.61283
2025-06-14 09:30:00,78.034,75.800964
2025-06-14 10:30:00,90.027,86.141785
2025-06-14 11:30:00,99.919,89.932976
2025-06-14 12:30:00,83.292,90.55993
2025-06-14 13:30:00,75.722,71.60155
2025-06-14 14:30:00,59.725,58.36762
2025-06-14 15:30:00,37.901,38.913242
2025-06-14 16:30:00,19.136,17.512062
2025-06-14 17:30:00,4.77,4.3185353
2025-06-14 18:30:00,0.0,1.0906696
2025-06-14 19:30:00,0.0,0.011088518
2025-06-14 20:30:00,0.0,-0.24018748
2025-06-14 21:30:00,0.0,-0.0017138743
2025-06-14 22:30:00,0.0,0.36842147
2025-06-14 23:30:00,0.0,-0.30226183
2025-06-15 00:30:00,0.0,-0.26764107
2025-06-15 01:30:00,0.0,-0.4696639
2025-06-15 02:30:00,0.0,-0.035307348
2025-06-15 03:30:00,0.0,0.8364962
2025-06-15 04:30:00,0.0,1.3760002
2025-06-15 05:30:00,1.512,3.3898375
2025-06-15 06:30:00,13.491,10.343714
2025-06-15 07:30:00,31.338,31.052849
2025-06-15 08:30:00,48.306,49.333237
2025-06-15 09:30:00,63.434,62.680584
2025-06-15 10:30:00,76.582,74.134056
2025-06-15 11:30:00,88.287,79.50078
2025-06-15 12:30:00,82.217,83.381516
2025-06-15 13:30:00,66.477,71.58703
2025-06-15 14:30:00,53.497,53.265568
2025-06-15 15:30:00,35.62,35.36008
2025-06-15 16:30:00,17.884,16.835896
2025-06-15 17:30:00,4.446,4.461785
2025-06-15 18:30:00,0.0,1.43799
2025-06-15 19:30:00,0.0,0.3831982
2025-06-15 20:30:00,0.0,0.01762293
2025-06-15 21:30:00,0.0,0.15251943
2025-06-15 22:30:00,0.0,0.49592194
2025-06-15 23:30:00,0.0,-0.25123757
2025-06-16 00:30:00,0.0,-0.18289267
2025-06-16 01:30:00,0.0,-0.41372
2025-06-16 02:30:00,0.0,0.046002194
2025-06-16 03:30:00,0.0,0.85496277
2025-06-16 04:30:00,0.0,1.7180475
2025-06-16 05:30:00,1.343,3.659586
2025-06-16 06:30:00,12.075,10.558553
2025-06-16 07:30:00,27.676,29.139465
2025-06-16 08:30:00,47.683,45.222057
2025-06-16 09:30:00,56.944,62.80388
2025-06-16 10:30:00,76.072,65.56543
2025-06-16 11:30:00,74.33,77.28826
2025-06-16 12:30:00,75.264,70.88616
2025-06-16 13:30:00,59.844,66.76264
2025-06-16 14:30:00,43.12,45.899357
2025-06-16 15:30:00,31.568,29.62418
2025-06-16 16:30:00,15.784,15.318717
2025-06-16 17:30:00,4.359,4.599369
2025-06-16 18:30:00,0.0,1.7567638
2025-06-16 19:30:00,0.0,0.7498196
2025-06-16 20:30:00,0.0,0.28451422
2025-06-16 21:30:00,0.0,0.27103123
2025-06-16 22:30:00,0.0,0.3604823
2025-06-16 23:30:00,0.0,-0.3718646
2025-06-17 00:30:00,0.0,-0.2568463
2025-06-17 01:30:00,0.0,-0.40674496
2025-06-17 02:30:00,0.0,-0.17948285
2025-06-17 03:30:00,0.0,0.5330217
2025-06-17 04:30:00,0.0,1.1737767
2025-06-17 05:30:00,1.8289999999999997,3.4581866
2025-06-17 06:30:00,14.551,11.368842
2025-06-17 07:30:00,31.252,32.910336
2025-06-17 08:30:00,53.794,49.15306
2025-06-17 09:30:00,67.808,68.95737
2025-06-17 10:30:00,73.472,76.1971
2025-06-17 11:30:00,76.138,77.27953
2025-06-17 12:30:00,78.511,73.93285
2025-06-17 13:30:00,63.109,73.03678
2025-06-17 14:30:00,49.136,49.23373
2025-06-17 15:30:00,37.177,33.562485
2025-06-17 16:30:00,19.538,18.04011
2025-06-17 17:30:00,5.094,4.7554374
2025-06-17 18:30:00,0.0,1.4630654
2025-06-17 19:30:00,0.0,0.32684445
2025-06-17 20:30:00,0.0,-0.09401715
2025-06-17 21:30:00,0.0,0.047077317
2025-06-17 22:30:00,0.0,0.09840302
2025-06-17 23:30:00,0.0,-0.6265444
2025-06-18 00:30:00,0.0,-0.47608984
2025-06-18 01:30:00,0.0,-0.322532
2025-06-18 02:30:00,0.0,-0.22890596
2025-06-18 03:30:00,0.0,0.49116287
2025-06-18 04:30:00,0.0,1.315515
2025-06-18 05:30:00,1.798,3.4893413
2025-06-18 06:30:00,16.829,11.158388
2025-06-18 07:30:00,39.319,38.327755
2025-06-18 08:30:00,60.73599999999999,61.46996
2025-06-18 09:30:00,77.884,80.096924
2025-06-18 10:30:00,90.179,90.80534
2025-06-18 11:30:00,95.28,95.79642
2025-06-18 12:30:00,95.268,91.93673
2025-06-18 13:30:00,82.355,89.179085
2025-06-18 14:30:00,69.554,62.197884
2025-06-18 15:30:00,48.3,47.342613
2025-06-18 16:30:00,24.868,25.480185
2025-06-18 17:30:00,6.417,5.986293
2025-06-18 18:30:00,0.0,1.210283
2025-06-18 19:30:00,0.0,-0.26540798
2025-06-18 20:30:00,0.0,-0.62944955
2025-06-18 21:30:00,0.0,-0.35800502
2025-06-18 22:30:00,0.0,-0.15792663
2025-06-18 23:30:00,0.0,-0.7199578
2025-06-19 00:30:00,0.0,-0.51705974
2025-06-19 01:30:00,0.0,-0.28311118
2025-06-19 02:30:00,0.0,-0.1186211
2025-06-19 03:30:00,0.0,0.60291225
2025-06-19 04:30:00,0.0,1.6164728
2025-06-19 05:30:00,1.664,4.457062
2025-06-19 06:30:00,14.558,12.674322
2025-06-19 07:30:00,33.124,34.719833
2025-06-19 08:30:00,53.241,53.945175
2025-06-19 09:30:00,70.044,72.865204
2025-06-19 10:30:00,83.576,83.175804
2025-06-19 11:30:00,86.182,91.094986
2025-06-19 12:30:00,87.368,83.08881
2025-06-19 13:30:00,81.315,81.40042
2025-06-19 14:30:00,63.152,65.10164
2025-06-19 15:30:00,43.254,43.0828
2025-06-19 16:30:00,22.599,24.688953
2025-06-19 17:30:00,5.288,5.536771
2025-06-19 18:30:00,0.0,1.4938536
2025-06-19 19:30:00,0.0,0.08671333
2025-06-19 20:30:00,0.0,-0.40871587
2025-06-19 21:30:00,0.0,-0.22013506
2025-06-19 22:30:00,0.0,-0.12370039
2025-06-19 23:30:00,0.0,-0.7250021
2025-06-20 00:30:00,0.0,-0.56971073
2025-06-20 01:30:00,0.0,-0.3618102
2025-06-20 02:30:00,0.0,0.02108313
2025-06-20 03:30:00,0.0,0.68457365
2025-06-20 04:30:00,0.0,1.6962957
2025-06-20 05:30:00,1.837,4.2115917
2025-06-20 06:30:00,16.535,12.285618
2025-06-20 07:30:00,37.04,35.608524
2025-06-20 08:30:00,60.772,58.807915
2025-06-20 09:30:00,82.959,77.70861
2025-06-20 10:30:00,96.476,93.64988
2025-06-20 11:30:00,102.292,98.59168
2025-06-20 12:30:00,98.961,96.78937
2025-06-20 13:30:00,86.201,86.9612
2025-06-20 14:30:00,72.878,69.65611
2025-06-20 15:30:00,51.217,52.088905
2025-06-20 16:30:00,26.418,28.542131
2025-06-20 17:30:00,6.761,5.8110423
2025-06-20 18:30:00,0.0,1.2290545
2025-06-20 19:30:00,0.0,-0.24060164
2025-06-20 20:30:00,0.0,-0.60313857
2025-06-20 21:30:00,0.0,-0.4470291
2025-06-20 22:30:00,0.0,-0.24910355
2025-06-20 23:30:00,0.0,-0.7888971
2025-06-21 00:30:00,0.0,-0.5691523
2025-06-21 01:30:00,0.0,-0.62670755
2025-06-21 02:30:00,0.0,0.0068495194
2025-06-21 03:30:00,0.0,0.6487146
2025-06-21 04:30:00,0.0,1.2996111
2025-06-21 05:30:00,1.337,4.5157766
2025-06-21 06:30:00,13.83,13.181544
2025-06-21 07:30:00,33.015,32.89742
2025-06-21 08:30:00,51.98,53.644623
2025-06-21 09:30:00,67.029,69.26641
2025-06-21 10:30:00,76.121,79.60203
2025-06-21 11:30:00,60.441,81.34988
2025-06-21 12:30:00,83.353,62.590702
2025-06-21 13:30:00,65.256,73.556145
2025-06-21 14:30:00,45.355,51.65192
2025-06-21 15:30:00,32.952,32.992702
2025-06-21 16:30:00,16.796,17.883755
2025-06-21 17:30:00,4.477,4.9837747
2025-06-21 18:30:00,0.0,1.8962827
2025-06-21 19:30:00,0.0,0.620659
2025-06-21 20:30:00,0.0,0.056984823
2025-06-21 21:30:00,0.0,0.07740102
2025-06-21 22:30:00,0.0,0.14603968
2025-06-21 23:30:00,0.0,-0.5775995
2025-06-22 00:30:00,0.0,-0.6161971
2025-06-22 01:30:00,0.0,-0.8206793
2025-06-22 02:30:00,0.0,-0.4124664
2025-06-22 03:30:00,0.0,0.4639057
2025-06-22 04:30:00,0.0,1.5554608
2025-06-22 05:30:00,1.724,3.671304
2025-06-22 06:30:00,16.991,11.134371
2025-06-22 07:30:00,39.1,37.71577
2025-06-22 08:30:00,62.982,59.483955
2025-06-22 09:30:00,76.297,78.24653
2025-06-22 10:30:00,83.443,85.215454
2025-06-22 11:30:00,72.701,85.44231
2025-06-22 12:30:00,66.912,71.51879
2025-06-22 13:30:00,51.331,57.800255
2025-06-22 14:30:00,38.013,39.540386
2025-06-22 15:30:00,27.036,24.688469
2025-06-22 16:30:00,13.52,11.139359
2025-06-22 17:30:00,3.62,4.0135016
2025-06-22 18:30:00,0.0,1.4500093
2025-06-22 19:30:00,0.0,0.5016972
2025-06-22 20:30:00,0.0,0.060376707
2025-06-22 21:30:00,0.0,0.14064102
2025-06-22 22:30:00,0.0,0.3454588
2025-06-22 23:30:00,0.0,-0.3776612
2025-06-23 00:30:00,0.0,-0.30282116
2025-06-23 01:30:00,0.0,-0.608948
2025-06-23 02:30:00,0.0,-0.16538502
2025-06-23 03:30:00,0.0,0.6892422
2025-06-23 04:30:00,0.0,1.5734365
2025-06-23 05:30:00,0.912,3.52306
2025-06-23 06:30:00,8.131,9.916244
2025-06-23 07:30:00,19.212,23.248886
2025-06-23 08:30:00,35.279,33.904182
2025-06-23 09:30:00,52.423,47.834465
2025-06-23 10:30:00,59.349000000000004,61.57412
2025-06-23 11:30:00,63.286,64.82947
2025-06-23 12:30:00,49.088,63.94252
2025-06-23 13:30:00,59.09300000000001,45.689125
2025-06-23 14:30:00,38.01,47.03001
2025-06-23 15:30:00,34.191,27.344053
2025-06-23 16:30:00,16.396,17.859493
2025-06-23 17:30:00,4.407,4.8597436
2025-06-23 18:30:00,0.0,1.8544854
2025-06-23 19:30:00,0.0,0.74671715
2025-06-23 20:30:00,0.0,0.23293917
2025-06-23 21:30:00,0.0,0.23156773
2025-06-23 22:30:00,0.0,0.17155224
2025-06-23 23:30:00,0.0,-0.62986374
2025-06-24 00:30:00,0.0,-0.6083015
2025-06-24 01:30:00,0.0,-0.7359352
2025-06-24 02:30:00,0.0,-0.6330993
2025-06-24 03:30:00,0.0,0.20914645
2025-06-24 04:30:00,0.0,1.1168355
2025-06-24 05:30:00,1.676,3.2007828
2025-06-24 06:30:00,15.119000000000002,10.759779
2025-06-24 07:30:00,34.328,30.849367
2025-06-24 08:30:00,55.129,52.311504
2025-06-24 09:30:00,74.813,70.85942
2025-06-24 10:30:00,85.942,82.40599
2025-06-24 11:30:00,83.943,90.45122
2025-06-24 12:30:00,64.475,77.849075
2025-06-24 13:30:00,68.142,56.876255
2025-06-24 14:30:00,51.786,52.938034
2025-06-24 15:30:00,37.575,36.16468
2025-06-24 16:30:00,19.789,20.712431
2025-06-24 17:30:00,5.425,5.4214263
2025-06-24 18:30:00,0.0,1.9400893
2025-06-24 19:30:00,0.0,0.6787514
2025-06-24 20:30:00,0.0,0.16119896
2025-06-24 21:30:00,0.0,0.27521986
2025-06-24 22:30:00,0.0,0.31421456
2025-06-24 23:30:00,0.0,-0.48878208
2025-06-25 00:30:00,0.0,-0.422701
2025-06-25 01:30:00,0.0,-0.35562932
2025-06-25 02:30:00,0.0,-0.33650944
2025-06-25 03:30:00,0.0,0.47386104
2025-06-25 04:30:00,0.0,1.3137952
2025-06-25 05:30:00,1.019,3.7312827
2025-06-25 06:30:00,10.08,10.978449
2025-06-25 07:30:00,21.861,27.511919
2025-06-25 08:30:00,33.981,40.005142
2025-06-25 09:30:00,46.088,49.78598
2025-06-25 10:30:00,62.054,57.83401
2025-06-25 11:30:00,60.15699999999999,68.353485
2025-06-25 12:30:00,49.005,61.51536
2025-06-25 13:30:00,43.336,46.7492
2025-06-25 14:30:00,45.71,36.46221
2025-06-25 15:30:00,31.025,32.841045
2025-06-25 16:30:00,16.304,16.630259
2025-06-25 17:30:00,4.369,5.1530066
2025-06-25 18:30:00,0.0,1.9513146
2025-06-25 19:30:00,0.0,0.6293949
2025-06-25 20:30:00,0.0,-0.006915273
2025-06-25 21:30:00,0.0,-0.0315235
2025-06-25 22:30:00,0.0,0.081079826
2025-06-25 23:30:00,0.0,-0.7109128
2025-06-26 00:30:00,0.0,-0.6998422
2025-06-26 01:30:00,0.0,-0.5388576
2025-06-26 02:30:00,0.0,-0.44191653
2025-06-26 03:30:00,0.0,0.38413754
2025-06-26 04:30:00,0.0,1.1874254
2025-06-26 05:30:00,0.9929999999999999,3.01661
2025-06-26 06:30:00,8.874,9.170059
2025-06-26 07:30:00,20.155,24.119818
2025-06-26 08:30:00,42.116,36.98878
2025-06-26 09:30:00,62.782,56.861004
2025-06-26 10:30:00,76.644,73.61728
2025-06-26 11:30:00,66.821,79.76508
2025-06-26 12:30:00,68.166,68.77711
2025-06-26 13:30:00,58.849,62.700035
2025-06-26 14:30:00,49.372,45.71895
2025-06-26 15:30:00,35.535,35.602848
2025-06-26 16:30:00,18.484,18.279327
2025-06-26 17:30:00,5.033,5.165382
2025-06-26 18:30:00,0.0,1.8859695
2025-06-26 19:30:00,0.0,0.55533797
2025-06-26 20:30:00,0.0,-0.0075275544
2025-06-26 21:30:00,0.0,0.0011092789
2025-06-26 22:30:00,0.0,0.023470769
2025-06-26 23:30:00,0.0,-0.73744154
2025-06-27 00:30:00,0.0,-0.6811612
2025-06-27 01:30:00,0.0,-0.56890464
2025-06-27 02:30:00,0.0,-0.1915944
2025-06-27 03:30:00,0.0,0.5664461
2025-06-27 04:30:00,0.0,1.3854278
2025-06-27 05:30:00,1.297,3.6190815
2025-06-27 06:30:00,12.404,10.5605755
2025-06-27 07:30:00,27.056,29.194874
2025-06-27 08:30:00,52.665,46.31904
2025-06-27 09:30:00,72.722,67.50959
2025-06-27 10:30:00,86.305,83.38826
2025-06-27 11:30:00,99.88,89.175545
2025-06-27 12:30:00,96.703,93.195755
2025-06-27 13:30:00,80.757,84.36462
2025-06-27 14:30:00,65.281,65.53641
2025-06-27 15:30:00,44.608,45.456715
2025-06-27 16:30:00,24.028,23.305243
2025-06-27 17:30:00,6.871,5.519001
2025-06-27 18:30:00,0.0,1.4470572
2025-06-27 19:30:00,0.0,0.008654766
2025-06-27 20:30:00,0.0,-0.35442525
2025-06-27 21:30:00,0.0,-0.12855509
2025-06-27 22:30:00,0.0,-0.006569424
2025-06-27 23:30:00,0.0,-0.58109474
2025-06-28 00:30:00,0.0,-0.42854628
2025-06-28 01:30:00,0.0,-0.4610612
2025-06-28 02:30:00,0.0,0.036729172
2025-06-28 03:30:00,0.0,0.73059976
2025-06-28 04:30:00,0.0,1.4683769
2025-06-28 05:30:00,1.576,4.389546
2025-06-28 06:30:00,14.19,12.7303915
2025-06-28 07:30:00,31.812,34.27749
2025-06-28 08:30:00,52.528,53.111244
2025-06-28 09:30:00,67.754,69.7572
2025-06-28 10:30:00,80.159,79.198715
2025-06-28 11:30:00,91.785,84.08063
2025-06-28 12:30:00,89.995,87.58576
2025-06-28 13:30:00,76.738,78.280846
2025-06-28 14:30:00,61.824,60.83326
2025-06-28 15:30:00,43.313,41.12259
2025-06-28 16:30:00,22.914,21.851604
2025-06-28 17:30:00,6.346,5.4078574
2025-06-28 18:30:00,0.0,1.4919955
2025-06-28 19:30:00,0.0,-0.014310465
2025-06-28 20:30:00,0.0,-0.39890915
2025-06-28 21:30:00,0.0,-0.18743739
2025-06-28 22:30:00,0.0,0.067349195
2025-06-28 23:30:00,0.0,-0.56815827
2025-06-29 00:30:00,0.0,-0.49143615
2025-06-29 01:30:00,0.0,-0.7046218
2025-06-29 02:30:00,0.0,-0.254135
2025-06-29 03:30:00,0.0,0.52781606
2025-06-29 04:30:00,0.0,1.2769064
2025-06-29 05:30:00,1.398,3.6906211
2025-06-29 06:30:00,12.921,11.404064
2025-06-29 07:30:00,30.729000000000003,30.956043
2025-06-29 08:30:00,51.056,49.39487
2025-06-29 09:30:00,67.847,66.331985
2025-06-29 10:30:00,82.62,78.27663
2025-06-29 11:30:00,91.411,87.30365
2025-06-29 12:30:00,91.847,90.345215
2025-06-29 13:30:00,78.577,89.372826
2025-06-29 14:30:00,60.851,59.559574
2025-06-29 15:30:00,42.425,41.51025
2025-06-29 16:30:00,22.444,21.651981
2025-06-29 17:30:00,6.168,5.2637553
2025-06-29 18:30:00,0.0,1.5397892
2025-06-29 19:30:00,0.0,0.19751483
2025-06-29 20:30:00,0.0,-0.2410175
2025-06-29 21:30:00,0.0,-0.104425065
2025-06-29 22:30:00,0.0,0.0668633
2025-06-29 23:30:00,0.0,-0.6039985
2025-06-30 00:30:00,0.0,-0.47427008
2025-06-30 01:30:00,0.0,-0.643497
2025-06-30 02:30:00,0.0,-0.2531137
2025-06-30 03:30:00,0.0,0.62981933
2025-06-30 04:30:00,0.0,1.7609755
2025-06-30 05:30:00,1.257,4.0529556
2025-06-30 06:30:00,11.483,11.415976
2025-06-30 07:30:00,26.906,29.253994
2025-06-30 08:30:00,43.379,45.35049
2025-06-30 09:30:00,53.124,59.53385
2025-06-30 10:30:00,72.519,65.0155
2025-06-30 11:30:00,70.783,77.52475
2025-06-30 12:30:00,72.214,69.26913
2025-06-30 13:30:00,66.482,64.40132
2025-06-30 14:30:00,55.713,53.699497
2025-06-30 15:30:00,34.739,39.00087
2025-06-30 16:30:00,18.329,19.468786
2025-06-30 17:30:00,5.551,5.203592
2025-06-30 18:30:00,0.0,2.0030339
2025-06-30 19:30:00,0.0,0.62381864
2025-06-30 20:30:00,0.0,0.08240003
2025-06-30 21:30:00,0.0,0.10570599
2025-06-30 22:30:00,0.0,0.06202995
2025-06-30 23:30:00,0.0,-0.68394
2025-07-01 00:30:00,0.0,-0.6314051
2025-07-01 01:30:00,0.0,-0.78562474
2025-07-01 02:30:00,0.0,-0.6748019
2025-07-01 03:30:00,0.0,0.10147382
2025-07-01 04:30:00,0.0,1.0792387
2025-07-01 05:30:00,1.07,3.405919
2025-07-01 06:30:00,11.081,11.11074
2025-07-01 07:30:00,25.683,28.31087
2025-07-01 08:30:00,44.802,43.90059
2025-07-01 09:30:00,57.404999999999994,60.839027
2025-07-01 10:30:00,91.703,68.23609
2025-07-01 11:30:00,89.712,93.553635
2025-07-01 12:30:00,85.125,88.13179
2025-07-01 13:30:00,74.756,75.74817
2025-07-01 14:30:00,50.383,60.086693
2025-07-01 15:30:00,32.746,33.41579
2025-07-01 16:30:00,17.325,14.937253
2025-07-01 17:30:00,4.769,4.21497
2025-07-01 18:30:00,0.0,1.2009083
2025-07-01 19:30:00,0.0,0.09990085
2025-07-01 20:30:00,0.0,-0.33948457
2025-07-01 21:30:00,0.0,-0.1806818
2025-07-01 22:30:00,0.0,-0.011334456
2025-07-01 23:30:00,0.0,-0.7455054
2025-07-02 00:30:00,0.0,-0.6687303
2025-07-02 01:30:00,0.0,-0.6193183
2025-07-02 02:30:00,0.0,-0.8490039
2025-07-02 03:30:00,0.0,-0.07063604
2025-07-02 04:30:00,0.0,0.92914784
2025-07-02 05:30:00,1.449,3.0599298
2025-07-02 06:30:00,14.974,10.667372
2025-07-02 07:30:00,34.528,34.519108
2025-07-02 08:30:00,51.442,57.290287
2025-07-02 09:30:00,67.813,69.57349
2025-07-02 10:30:00,76.553,81.39588
2025-07-02 11:30:00,74.368,81.72724
2025-07-02 12:30:00,69.279,73.585045
2025-07-02 13:30:00,61.028,60.791855
2025-07-02 14:30:00,45.47,47.194973
2025-07-02 15:30:00,29.847,31.396809
2025-07-02 16:30:00,16.435,13.7647
2025-07-02 17:30:00,4.272,4.5038123
2025-07-02 18:30:00,0.0,1.5862286
2025-07-02 19:30:00,0.0,0.37217373
2025-07-02 20:30:00,0.0,-0.2350877
2025-07-02 21:30:00,0.0,-0.25771987
2025-07-02 22:30:00,0.0,-0.12988724
2025-07-02 23:30:00,0.0,-0.85117894
2025-07-03 00:30:00,0.0,-0.75308675
2025-07-03 01:30:00,0.0,-0.5595351
2025-07-03 02:30:00,0.0,-0.5959338
2025-07-03 03:30:00,0.0,0.30793974
2025-07-03 04:30:00,0.0,0.9601496
2025-07-03 05:30:00,0.706,3.0394769
2025-07-03 06:30:00,7.421999999999999,9.770961
2025-07-03 07:30:00,16.493,24.892832
2025-07-03 08:30:00,26.892,34.152905
2025-07-03 09:30:00,36.467,42.635475
2025-07-03 10:30:00,53.69,48.672348
2025-07-03 11:30:00,41.464,60.871662
2025-07-03 12:30:00,39.913,46.842686
2025-07-03 13:30:00,57.491,39.905033
2025-07-03 14:30:00,39.019,45.91461
2025-07-03 15:30:00,32.07,29.511398
2025-07-03 16:30:00,16.483,16.485054
2025-07-03 17:30:00,4.574,5.1922283
2025-07-03 18:30:00,0.0,1.9652809
2025-07-03 19:30:00,0.0,0.5472741
2025-07-03 20:30:00,0.0,-0.13044658
2025-07-03 21:30:00,0.0,-0.22273107
2025-07-03 22:30:00,0.0,0.0034593446
2025-07-03 23:30:00,0.0,-0.83876085
2025-07-04 00:30:00,0.0,-0.90458655
2025-07-04 01:30:00,0.0,-0.84737885
2025-07-04 02:30:00,0.0,-0.63654673
2025-07-04 03:30:00,0.0,0.26423892
2025-07-04 04:30:00,0.0,1.3753495
2025-07-04 05:30:00,1.203,3.2825952
2025-07-04 06:30:00,13.908,9.3675585
2025-07-04 07:30:00,33.153,29.444017
2025-07-04 08:30:00,51.27,51.596767
2025-07-04 09:30:00,71.895,66.92135
2025-07-04 10:30:00,77.527,81.14904
2025-07-04 11:30:00,61.768,81.30772
2025-07-04 12:30:00,67.197,66.27496
2025-07-04 13:30:00,56.781,59.082756
2025-07-04 14:30:00,40.16,45.314423
2025-07-04 15:30:00,32.663,27.55565
2025-07-04 16:30:00,18.061,15.294238
2025-07-04 17:30:00,5.388,4.851875
2025-07-04 18:30:00,0.0,1.8324133
2025-07-04 19:30:00,0.0,0.521718
2025-07-04 20:30:00,0.0,-0.0639223
2025-07-04 21:30:00,0.0,-0.02195672
2025-07-04 22:30:00,0.0,0.062811315
2025-07-04 23:30:00,0.0,-0.64573604
2025-07-05 00:30:00,0.0,-0.60093623
2025-07-05 01:30:00,0.0,-0.6731555
2025-07-05 02:30:00,0.0,-0.25470802
2025-07-05 03:30:00,0.0,0.59810627
2025-07-05 04:30:00,0.0,1.4499316
2025-07-05 05:30:00,1.303,4.0341625
2025-07-05 06:30:00,12.729,11.73349
2025-07-05 07:30:00,32.12,30.728926
2025-07-05 08:30:00,54.668,50.826374
2025-07-05 09:30:00,72.666,71.59779
2025-07-05 10:30:00,87.279,81.682915
2025-07-05 11:30:00,95.215,89.3851
2025-07-05 12:30:00,84.511,88.32464
2025-07-05 13:30:00,79.564,73.47664
2025-07-05 14:30:00,68.339,62.83191
2025-07-05 15:30:00,45.818,47.195454
2025-07-05 16:30:00,25.122,23.975527
2025-07-05 17:30:00,6.888,5.684084
2025-07-05 18:30:00,0.0,1.2888309
2025-07-05 19:30:00,0.0,-0.09504017
2025-07-05 20:30:00,0.0,-0.41660807
2025-07-05 21:30:00,0.0,-0.217557
2025-07-05 22:30:00,0.0,0.054573275
2025-07-05 23:30:00,0.0,-0.6493261
2025-07-06 00:30:00,0.0,-0.5684093
2025-07-06 01:30:00,0.0,-0.72165036
2025-07-06 02:30:00,0.0,-0.32591534
2025-07-06 03:30:00,0.0,0.5200639
2025-07-06 04:30:00,0.0,1.6401341
2025-07-06 05:30:00,1.548,4.007153
2025-07-06 06:30:00,16.0,12.017577
2025-07-06 07:30:00,37.944,36.500793
2025-07-06 08:30:00,59.996,60.453754
2025-07-06 09:30:00,68.656,76.49208
2025-07-06 10:30:00,88.589,80.22721
2025-07-06 11:30:00,89.666,90.3541
2025-07-06 12:30:00,80.172,84.31046
2025-07-06 13:30:00,68.747,70.69355
2025-07-06 14:30:00,58.209,54.062626
2025-07-06 15:30:00,29.204,37.829758
2025-07-06 16:30:00,15.085,12.799489
2025-07-06 17:30:00,4.752,3.8029819
2025-07-06 18:30:00,0.0,1.2449303
2025-07-06 19:30:00,0.0,0.33310217
2025-07-06 20:30:00,0.0,0.018296696
2025-07-06 21:30:00,0.0,0.123864345
2025-07-06 22:30:00,0.0,0.2938325
2025-07-06 23:30:00,0.0,-0.50821793
2025-07-07 00:30:00,0.0,-0.49360517
2025-07-07 01:30:00,0.0,-0.68025094
2025-07-07 02:30:00,0.0,-0.40966716
2025-07-07 03:30:00,0.0,0.47214374
2025-07-07 04:30:00,0.0,1.647911
2025-07-07 05:30:00,1.238,3.7160056
2025-07-07 06:30:00,11.912,11.078783
2025-07-07 07:30:00,27.609,30.104769
2025-07-07 08:30:00,46.493,45.390766
2025-07-07 09:30:00,54.246,61.36335
2025-07-07 10:30:00,76.656,64.28289
2025-07-07 11:30:00,74.87,78.73901
2025-07-07 12:30:00,86.779,74.02935
2025-07-07 13:30:00,71.346,74.43984
2025-07-07 14:30:00,60.364,56.13931
2025-07-07 15:30:00,43.393,42.021946
2025-07-07 16:30:00,23.082,22.261295
2025-07-07 17:30:00,6.366,5.5783224
2025-07-07 18:30:00,0.0,1.5009345
2025-07-07 19:30:00,0.0,0.19168833
2025-07-07 20:30:00,0.0,-0.23289134
2025-07-07 21:30:00,0.0,-0.10985618
2025-07-07 22:30:00,0.0,-0.055628754
2025-07-07 23:30:00,0.0,-0.7908475
2025-07-08 00:30:00,0.0,-0.70872843
2025-07-08 01:30:00,0.0,-0.8561745
2025-07-08 02:30:00,0.0,-0.86584806
2025-07-08 03:30:00,0.0,0.110933006
2025-07-08 04:30:00,0.0,1.3622533
2025-07-08 05:30:00,1.201,3.8476381
2025-07-08 06:30:00,13.634,11.585031
2025-07-08 07:30:00,35.055,32.603157
2025-07-08 08:30:00,60.516,56.512497
2025-07-08 09:30:00,76.119,78.25355
2025-07-08 10:30:00,88.028,87.5238
2025-07-08 11:30:00,96.373,91.41466
2025-07-08 12:30:00,79.364,89.68107
2025-07-08 13:30:00,76.149,70.83877
2025-07-08 14:30:00,54.7,59.53049
2025-07-08 15:30:00,38.175,37.329556
2025-07-08 16:30:00,21.56,19.17646
2025-07-08 17:30:00,5.644,4.94623
2025-07-08 18:30:00,0.0,1.4049952
2025-07-08 19:30:00,0.0,0.13519453
2025-07-08 20:30:00,0.0,-0.29530814
2025-07-08 21:30:00,0.0,-0.1740748
2025-07-08 22:30:00,0.0,-0.10319623
2025-07-08 23:30:00,0.0,-0.84974945
2025-07-09 00:30:00,0.0,-0.72738546
2025-07-09 01:30:00,0.0,-0.6645887
2025-07-09 02:30:00,0.0,-0.7526205
2025-07-09 03:30:00,0.0,0.19736111
2025-07-09 04:30:00,0.0,1.0547799
2025-07-09 05:30:00,1.283,3.546583
2025-07-09 06:30:00,13.758,11.099682
2025-07-09 07:30:00,35.028,33.664246
2025-07-09 08:30:00,57.791,56.655716
2025-07-09 09:30:00,76.668,75.59031
2025-07-09 10:30:00,89.9,88.3811
2025-07-09 11:30:00,98.08,93.11713
2025-07-09 12:30:00,92.33,92.393875
2025-07-09 13:30:00,78.99,81.14392
2025-07-09 14:30:00,64.55,62.237167
2025-07-09 15:30:00,41.458,44.174038
2025-07-09 16:30:00,21.748,21.372953
2025-07-09 17:30:00,5.646,4.8059835
2025-07-09 18:30:00,0.0,1.0853982
2025-07-09 19:30:00,0.0,-0.20549838
2025-07-09 20:30:00,0.0,-0.58155674
2025-07-09 21:30:00,0.0,-0.3246942
2025-07-09 22:30:00,0.0,-0.19132967
2025-07-09 23:30:00,0.0,-0.85266227
2025-07-10 00:30:00,0.0,-0.7146582
2025-07-10 01:30:00,0.0,-0.47937497
2025-07-10 02:30:00,0.0,-0.51958996
2025-07-10 03:30:00,0.0,0.38552862
2025-07-10 04:30:00,0.0,1.1245432
2025-07-10 05:30:00,1.259,3.9702482
2025-07-10 06:30:00,14.836000000000002,12.034589
2025-07-10 07:30:00,38.039,36.65143
2025-07-10 08:30:00,63.001,61.74005
2025-07-10 09:30:00,80.687,82.61526
2025-07-10 10:30:00,93.598,92.90544
2025-07-10 11:30:00,98.598,97.06816
2025-07-10 12:30:00,93.856,92.49719
2025-07-10 13:30:00,66.348,80.96141
2025-07-10 14:30:00,60.967999999999996,53.42639
2025-07-10 15:30:00,44.811,39.789017
2025-07-10 16:30:00,23.773,22.81011
2025-07-10 17:30:00,6.12,5.2373753
2025-07-10 18:30:00,0.0,1.3320706
2025-07-10 19:30:00,0.0,-0.05057338
2025-07-10 20:30:00,0.0,-0.47063056
2025-07-10 21:30:00,0.0,-0.39752403
2025-07-10 22:30:00,0.0,-0.3616155
2025-07-10 23:30:00,0.0,-1.0203624
2025-07-11 00:30:00,0.0,-0.93931067
2025-07-11 01:30:00,0.0,-0.81986636
2025-07-11 02:30:00,0.0,-0.70798206
2025-07-11 03:30:00,0.0,0.2616156
2025-07-11 04:30:00,0.0,1.0002493
2025-07-11 05:30:00,1.128,4.007914
2025-07-11 06:30:00,14.232,12.170767
2025-07-11 07:30:00,37.265,37.019287
2025-07-11 08:30:00,63.056,60.6163
2025-07-11 09:30:00,81.502,82.02086
2025-07-11 10:30:00,93.759,92.894615
2025-07-11 11:30:00,101.655,96.746346
2025-07-11 12:30:00,99.447,95.839455
2025-07-11 13:30:00,78.812,86.23374
2025-07-11 14:30:00,70.8,63.482216
2025-07-11 15:30:00,49.965,47.387024
2025-07-11 16:30:00,25.505,25.86428
2025-07-11 17:30:00,6.691,5.2871737
2025-07-11 18:30:00,0.0,1.1170121
2025-07-11 19:30:00,0.0,-0.34144953
2025-07-11 20:30:00,0.0,-0.5743238
2025-07-11 21:30:00,0.0,-0.4289519
2025-07-11 22:30:00,0.0,-0.29877344
2025-07-11 23:30:00,0.0,-0.905537
2025-07-12 00:30:00,0.0,-0.7749965
2025-07-12 01:30:00,0.0,-0.8664168
2025-07-12 02:30:00,0.0,-0.47776613
2025-07-12 03:30:00,0.0,0.38386685
2025-07-12 04:30:00,0.0,1.1595448
2025-07-12 05:30:00,1.206,3.8382678
2025-07-12 06:30:00,14.927,11.763968
2025-07-12 07:30:00,37.941,37.835415
2025-07-12 08:30:00,60.33,59.110744
2025-07-12 09:30:00,82.07,77.507706
2025-07-12 10:30:00,95.355,91.59553
2025-07-12 11:30:00,95.202,96.74094
2025-07-12 12:30:00,85.686,90.68595
2025-07-12 13:30:00,72.274,76.92539
2025-07-12 14:30:00,61.163000000000004,58.124325
2025-07-12 15:30:00,43.988,41.67499
2025-07-12 16:30:00,22.485,22.719332
2025-07-12 17:30:00,6.01,5.2322226
2025-07-12 18:30:00,0.0,1.5384493
2025-07-12 19:30:00,0.0,0.12043489
2025-07-12 20:30:00,0.0,-0.25887528
2025-07-12 21:30:00,0.0,-0.12449115
2025-07-12 22:30:00,0.0,-0.021231716
2025-07-12 23:30:00,0.0,-0.74030226
2025-07-13 00:30:00,0.0,-0.67517847
2025-07-13 01:30:00,0.0,-0.86446553
2025-07-13 02:30:00,0.0,-0.49938297
2025-07-13 03:30:00,0.0,0.48017257
2025-07-13 04:30:00,0.0,1.5183192
2025-07-13 05:30:00,1.191,3.9807696
2025-07-13 06:30:00,14.122,11.274572
2025-07-13 07:30:00,34.738,34.685757
2025-07-13 08:30:00,56.011,62.670624
2025-07-13 09:30:00,72.677,77.62681
2025-07-13 10:30:00,89.102,84.18347
2025-07-13 11:30:00,93.605,91.382416
2025-07-13 12:30:00,78.578,86.28338
2025-07-13 13:30:00,54.735,70.701294
2025-07-13 14:30:00,41.996,43.235092
2025-07-13 15:30:00,24.841,26.301802
2025-07-13 16:30:00,12.83,8.967458
2025-07-13 17:30:00,2.138,3.6776402
2025-07-13 18:30:00,0.0,1.191129
2025-07-13 19:30:00,0.0,0.44815293
2025-07-13 20:30:00,0.0,0.09786504
2025-07-13 21:30:00,0.0,0.10965465
2025-07-13 22:30:00,0.0,0.16124593
2025-07-13 23:30:00,0.0,-0.6407541
2025-07-14 00:30:00,0.0,-0.6041027
2025-07-14 01:30:00,0.0,-0.8752321
2025-07-14 02:30:00,0.0,-0.5436474
2025-07-14 03:30:00,0.0,0.3689313
2025-07-14 04:30:00,0.0,1.3050499
2025-07-14 05:30:00,1.109,3.2494764
2025-07-14 06:30:00,14.306,10.218571
2025-07-14 07:30:00,36.338,34.26255
2025-07-14 08:30:00,58.75599999999999,64.621796
2025-07-14 09:30:00,78.953,85.94246
2025-07-14 10:30:00,89.268,85.60739
2025-07-14 11:30:00,86.441,91.02323
2025-07-14 12:30:00,80.62,80.381065
2025-07-14 13:30:00,72.164,69.71545
2025-07-14 14:30:00,54.883,53.877472
2025-07-14 15:30:00,41.163,33.938602
2025-07-14 16:30:00,21.381,19.326637
2025-07-14 17:30:00,5.991,4.4732723
2025-07-14 18:30:00,0.0,1.1607925
2025-07-14 19:30:00,0.0,0.048288215
2025-07-14 20:30:00,0.0,-0.3055145
2025-07-14 21:30:00,0.0,-0.1475819
2025-07-14 22:30:00,0.0,0.10933015
2025-07-14 23:30:00,0.0,-0.593062
2025-07-15 00:30:00,0.0,-0.5422418
2025-07-15 01:30:00,0.0,-0.6614043
2025-07-15 02:30:00,0.0,-0.58905095
2025-07-15 03:30:00,0.0,0.28086787
2025-07-15 04:30:00,0.0,0.70224696
2025-07-15 05:30:00,0.75,3.1958187
2025-07-15 06:30:00,13.583,10.645222
2025-07-15 07:30:00,33.886,33.302654
2025-07-15 08:30:00,57.443000000000005,55.614746
2025-07-15 09:30:00,79.83,76.58815
2025-07-15 10:30:00,92.951,90.76635
2025-07-15 11:30:00,96.214,94.99021
2025-07-15 12:30:00,94.468,91.81892
2025-07-15 13:30:00,66.302,83.86451
2025-07-15 14:30:00,67.162,53.584946
2025-07-15 15:30:00,43.859,44.238495
2025-07-15 16:30:00,23.064,21.365755
2025-07-15 17:30:00,6.098,4.7928452
2025-07-15 18:30:00,0.0,1.1175476
2025-07-15 19:30:00,0.0,-0.14729157
2025-07-15 20:30:00,0.0,-0.47284058
2025-07-15 21:30:00,0.0,-0.22191042
2025-07-15 22:30:00,0.0,-0.15276195
2025-07-15 23:30:00,0.0,-0.8621018
2025-07-16 00:30:00,0.0,-0.7989976
2025-07-16 01:30:00,0.0,-0.7560576
2025-07-16 02:30:00,0.0,-0.86558336
2025-07-16 03:30:00,0.0,0.011254185
2025-07-16 04:30:00,0.0,0.83972067
2025-07-16 05:30:00,1.183,3.5713356
2025-07-16 06:30:00,15.555,11.8289795
2025-07-16 07:30:00,39.564,37.824127
2025-07-16 08:30:00,62.922,63.70207
2025-07-16 09:30:00,82.885,82.765274
2025-07-16 10:30:00,94.942,94.346115
2025-07-16 11:30:00,99.556,99.146286
2025-07-16 12:30:00,91.747,92.563545
2025-07-16 13:30:00,68.868,80.099144
2025-07-16 14:30:00,61.772999999999996,55.629112
2025-07-16 15:30:00,39.055,40.48621
2025-07-16 16:30:00,20.667,17.499418
2025-07-16 17:30:00,5.445,4.209107
2025-07-16 18:30:00,0.0,0.6581149
2025-07-16 19:30:00,0.0,-0.6021625
2025-07-16 20:30:00,0.0,-0.97697234
2025-07-16 21:30:00,0.0,-0.77271986
2025-07-16 22:30:00,0.0,-0.31410012
2025-07-16 23:30:00,0.0,-0.8994048
2025-07-17 00:30:00,0.0,-0.78039515
2025-07-17 01:30:00,0.0,-0.511381
2025-07-17 02:30:00,0.0,-0.5086347
2025-07-17 03:30:00,0.0,0.10147895
2025-07-17 04:30:00,0.0,0.722366
2025-07-17 05:30:00,1.093,3.310463
2025-07-17 06:30:00,14.478,10.812997
2025-07-17 07:30:00,36.069,35.391506
2025-07-17 08:30:00,57.838,56.98364
2025-07-17 09:30:00,76.97,75.21902
2025-07-17 10:30:00,94.039,87.99712
2025-07-17 11:30:00,98.272,96.159195
2025-07-17 12:30:00,94.863,93.46357
2025-07-17 13:30:00,75.943,83.38683
2025-07-17 14:30:00,51.477,60.37265
2025-07-17 15:30:00,32.747,32.036697
2025-07-17 16:30:00,17.806,12.532623
2025-07-17 17:30:00,5.243,3.6937833
2025-07-17 18:30:00,0.0,0.9194145
2025-07-17 19:30:00,0.0,-0.11735384
2025-07-17 20:30:00,0.0,-0.40672448
2025-07-17 21:30:00,0.0,-0.27353758
2025-07-17 22:30:00,0.0,-0.08973972
2025-07-17 23:30:00,0.0,-0.8512609
2025-07-18 00:30:00,0.0,-0.8022127
2025-07-18 01:30:00,0.0,-0.7793363
2025-07-18 02:30:00,0.0,-0.5920535
2025-07-18 03:30:00,0.0,0.2576806
2025-07-18 04:30:00,0.0,0.49129525
2025-07-18 05:30:00,0.47,2.5302608
2025-07-18 06:30:00,11.66,8.813349
2025-07-18 07:30:00,28.875,29.633577
2025-07-18 08:30:00,45.076,48.10049
2025-07-18 09:30:00,77.54,62.678097
2025-07-18 10:30:00,87.061,87.78887
2025-07-18 11:30:00,80.844,88.25794
2025-07-18 12:30:00,79.679,81.405914
2025-07-18 13:30:00,65.195,68.52257
2025-07-18 14:30:00,54.583,49.80322
2025-07-18 15:30:00,36.791,35.31431
2025-07-18 16:30:00,18.564,16.815657
2025-07-18 17:30:00,5.127,4.5672555
2025-07-18 18:30:00,0.0,1.360308
2025-07-18 19:30:00,0.0,0.1750483
2025-07-18 20:30:00,0.0,-0.26292384
2025-07-18 21:30:00,0.0,-0.22298896
2025-07-18 22:30:00,0.0,-0.13870256
2025-07-18 23:30:00,0.0,-0.85902417
2025-07-19 00:30:00,0.0,-0.814209
2025-07-19 01:30:00,0.0,-0.9840166
2025-07-19 02:30:00,0.0,-0.5681019
2025-07-19 03:30:00,0.0,-0.10062927
2025-07-19 04:30:00,0.0,0.166882
2025-07-19 05:30:00,0.339,2.510421
2025-07-19 06:30:00,6.317,9.728237
2025-07-19 07:30:00,17.518,23.72805
2025-07-19 08:30:00,32.012,35.97112
2025-07-19 09:30:00,56.004,48.24847
2025-07-19 10:30:00,68.509,66.468834
2025-07-19 11:30:00,78.88,74.044556
2025-07-19 12:30:00,68.845,75.836525
2025-07-19 13:30:00,53.981,63.00207
2025-07-19 14:30:00,41.568,43.33015
2025-07-19 15:30:00,26.365,27.456402
2025-07-19 16:30:00,14.26,10.611217
2025-07-19 17:30:00,3.247,3.7496161
2025-07-19 18:30:00,0.0,1.0959411
2025-07-19 19:30:00,0.0,0.2118364
2025-07-19 20:30:00,0.0,-0.2227396
2025-07-19 21:30:00,0.0,-0.21121131
2025-07-19 22:30:00,0.0,-0.00050297554
2025-07-19 23:30:00,0.0,-0.6875761
2025-07-20 00:30:00,0.0,-0.7272027
2025-07-20 01:30:00,0.0,-0.96512806
2025-07-20 02:30:00,0.0,-0.5049012
2025-07-20 03:30:00,0.0,0.32435945
2025-07-20 04:30:00,0.0,0.93203074
2025-07-20 05:30:00,0.771,2.6842422
2025-07-20 06:30:00,9.325,8.381979
2025-07-20 07:30:00,22.368,24.744108
2025-07-20 08:30:00,32.479,39.29029
2025-07-20 09:30:00,41.24,46.565113
2025-07-20 10:30:00,51.171,52.227215
2025-07-20 11:30:00,45.279,56.48326
2025-07-20 12:30:00,40.561,46.410557
2025-07-20 13:30:00,50.485,37.64286
2025-07-20 14:30:00,39.162,38.941017
2025-07-20 15:30:00,30.020999999999997,27.058048
2025-07-20 16:30:00,15.308000000000002,14.354905
2025-07-20 17:30:00,4.013,4.667814
2025-07-20 18:30:00,0.0,1.6450546
2025-07-20 19:30:00,0.0,0.47877038
2025-07-20 20:30:00,0.0,-0.15270731
2025-07-20 21:30:00,0.0,-0.19713908
2025-07-20 22:30:00,0.0,0.04945983
2025-07-20 23:30:00,0.0,-0.6002838
2025-07-21 00:30:00,0.0,-0.6290499
2025-07-21 01:30:00,0.0,-0.9610078
2025-07-21 02:30:00,0.0,-0.68927544
2025-07-21 03:30:00,0.0,0.04389465
2025-07-21 04:30:00,0.0,1.3392873
2025-07-21 05:30:00,0.534,3.0676649
2025-07-21 06:30:00,10.214,7.3107204
2025-07-21 07:30:00,25.316,22.754856
2025-07-21 08:30:00,43.242,40.047386
2025-07-21 09:30:00,51.109,56.285683
2025-07-21 10:30:00,58.31799999999999,59.43111
2025-07-21 11:30:00,55.887,61.844513
2025-07-21 12:30:00,53.153,55.04804
2025-07-21 13:30:00,47.443,46.4823
2025-07-21 14:30:00,37.936,36.821327
2025-07-21 15:30:00,29.072,24.921986
2025-07-21 16:30:00,15.783,12.931644
2025-07-21 17:30:00,3.8460000000000005,4.452735
2025-07-21 18:30:00,0.0,1.6408489
2025-07-21 19:30:00,0.0,0.58648145
2025-07-21 20:30:00,0.0,0.03088304
2025-07-21 21:30:00,0.0,-0.016060205
2025-07-21 22:30:00,0.0,0.21508993
2025-07-21 23:30:00,0.0,-0.4788882
2025-07-22 00:30:00,0.0,-0.46033022
2025-07-22 01:30:00,0.0,-0.6701667
2025-07-22 02:30:00,0.0,-0.5492817
2025-07-22 03:30:00,0.0,0.24483466
2025-07-22 04:30:00,0.0,0.83104795
2025-07-22 05:30:00,0.758,2.5813618
2025-07-22 06:30:00,11.483,8.546264
2025-07-22 07:30:00,26.091,26.983034
2025-07-22 08:30:00,40.543,43.00251
2025-07-22 09:30:00,48.643,53.196568
2025-07-22 10:30:00,48.404,59.545547
2025-07-22 11:30:00,56.842,55.389637
2025-07-22 12:30:00,54.225,56.503193
2025-07-22 13:30:00,47.246,49.990673
2025-07-22 14:30:00,38.921,38.51545
2025-07-22 15:30:00,32.795,27.48767
2025-07-22 16:30:00,17.672,16.029411
2025-07-22 17:30:00,4.712,4.9731445
2025-07-22 18:30:00,0.0,1.8737478
2025-07-22 19:30:00,0.0,0.60508126
2025-07-22 20:30:00,0.0,-0.0051843203
2025-07-22 21:30:00,0.0,-0.034481578
2025-07-22 22:30:00,0.0,0.17269225
2025-07-22 23:30:00,0.0,-0.60369104
2025-07-23 00:30:00,0.0,-0.6429471
2025-07-23 01:30:00,0.0,-0.6096422
2025-07-23 02:30:00,0.0,-0.67420584
2025-07-23 03:30:00,0.0,0.0962784
2025-07-23 04:30:00,0.0,1.0964397
2025-07-23 05:30:00,0.528,2.8488877
2025-07-23 06:30:00,9.586,8.435928
2025-07-23 07:30:00,23.537,24.510311
2025-07-23 08:30:00,38.793,39.241707
2025-07-23 09:30:00,47.899,53.17079
2025-07-23 10:30:00,58.207,58.124393
2025-07-23 11:30:00,61.8,64.349594
2025-07-23 12:30:00,57.217,61.73525
2025-07-23 13:30:00,52.814,51.663956
2025-07-23 14:30:00,39.699,43.16425
2025-07-23 15:30:00,32.417,27.734426
2025-07-23 16:30:00,17.262,15.271749
2025-07-23 17:30:00,4.497,4.783319
2025-07-23 18:30:00,0.0,1.6662103
2025-07-23 19:30:00,0.0,0.39402112
2025-07-23 20:30:00,0.0,-0.225117
2025-07-23 21:30:00,0.0,-0.32151493
2025-07-23 22:30:00,0.0,-0.057427168
2025-07-23 23:30:00,0.0,-0.847659
2025-07-24 00:30:00,0.0,-0.8326158
2025-07-24 01:30:00,0.0,-0.6866043
2025-07-24 02:30:00,0.0,-0.6624871
2025-07-24 03:30:00,0.0,0.17093825
2025-07-24 04:30:00,0.0,0.73921263
2025-07-24 05:30:00,0.532,2.62554
2025-07-24 06:30:00,7.738,8.570384
2025-07-24 07:30:00,18.598,23.420519
2025-07-24 08:30:00,33.364,35.759113
2025-07-24 09:30:00,48.448,48.2744
2025-07-24 10:30:00,68.798,59.86431
2025-07-24 11:30:00,75.012,73.36184
2025-07-24 12:30:00,73.386,71.90625
2025-07-24 13:30:00,53.503,65.66235
2025-07-24 14:30:00,34.385,42.335674
2025-07-24 15:30:00,26.872,22.503252
2025-07-24 16:30:00,15.099,10.215126
2025-07-24 17:30:00,4.457,4.2042317
2025-07-24 18:30:00,0.0,1.6061717
2025-07-24 19:30:00,0.0,0.48819113
2025-07-24 20:30:00,0.0,-0.060547497
2025-07-24 21:30:00,0.0,-0.09510166
2025-07-24 22:30:00,0.0,0.14464775
2025-07-24 23:30:00,0.0,-0.734492
2025-07-25 00:30:00,0.0,-0.7979173
2025-07-25 01:30:00,0.0,-0.75677323
2025-07-25 02:30:00,0.0,-0.49997905
2025-07-25 03:30:00,0.0,0.46082893
2025-07-25 04:30:00,0.0,1.0543135
2025-07-25 05:30:00,0.599,2.9296029
2025-07-25 06:30:00,8.337,9.163621
2025-07-25 07:30:00,20.83,24.364252
2025-07-25 08:30:00,35.124,38.11051
2025-07-25 09:30:00,48.245,49.213463
2025-07-25 10:30:00,49.97,59.70943
2025-07-25 11:30:00,48.615,57.06852
2025-07-25 12:30:00,60.044,50.43061
2025-07-25 13:30:00,40.734,52.60295
2025-07-25 14:30:00,30.524000000000004,34.66559
2025-07-25 15:30:00,24.134,21.075912
2025-07-25 16:30:00,13.19,9.834905
2025-07-25 17:30:00,3.8529999999999998,4.349982
2025-07-25 18:30:00,0.0,1.8053244
2025-07-25 19:30:00,0.0,0.7068028
2025-07-25 20:30:00,0.0,0.09499406
2025-07-25 21:30:00,0.0,0.0718589
2025-07-25 22:30:00,0.0,0.21731362
2025-07-25 23:30:00,0.0,-0.58076084
2025-07-26 00:30:00,0.0,-0.66448534
2025-07-26 01:30:00,0.0,-0.8116232
2025-07-26 02:30:00,0.0,-0.47269198
2025-07-26 03:30:00,0.0,0.3727877
2025-07-26 04:30:00,0.0,1.3389013
2025-07-26 05:30:00,0.695,3.3291566
2025-07-26 06:30:00,10.768,8.93122
2025-07-26 07:30:00,27.61,25.388546
2025-07-26 08:30:00,46.27,43.036694
2025-07-26 09:30:00,58.818,60.374596
2025-07-26 10:30:00,67.37,67.46222
2025-07-26 11:30:00,66.165,70.14787
2025-07-26 12:30:00,64.673,63.278217
2025-07-26 13:30:00,53.531,54.394817
2025-07-26 14:30:00,43.532,40.55935
2025-07-26 15:30:00,29.778,27.783293
2025-07-26 16:30:00,16.556,13.197349
2025-07-26 17:30:00,4.501,4.410735
2025-07-26 18:30:00,0.0,1.6173123
2025-07-26 19:30:00,0.0,0.48139372
2025-07-26 20:30:00,0.0,-0.024694476
2025-07-26 21:30:00,0.0,0.0045523983
2025-07-26 22:30:00,0.0,0.2732848
2025-07-26 23:30:00,0.0,-0.40105084
2025-07-27 00:30:00,0.0,-0.457104
2025-07-27 01:30:00,0.0,-0.6874395
2025-07-27 02:30:00,0.0,-0.28430158
2025-07-27 03:30:00,0.0,0.39893988
2025-07-27 04:30:00,0.0,1.1459986
2025-07-27 05:30:00,0.566,3.086602
2025-07-27 06:30:00,8.237,9.30651
2025-07-27 07:30:00,20.491,24.183493
2025-07-27 08:30:00,33.484,36.721233
2025-07-27 09:30:00,52.897,47.460567
2025-07-27 10:30:00,58.10799999999999,62.21596
2025-07-27 11:30:00,65.296,63.200127
2025-07-27 12:30:00,73.201,64.014946
2025-07-27 13:30:00,72.032,62.783386
2025-07-27 14:30:00,56.459,56.12521
2025-07-27 15:30:00,36.424,37.596836
2025-07-27 16:30:00,20.238,17.72078
2025-07-27 17:30:00,5.534,4.8890386
2025-07-27 18:30:00,0.0,1.525875
2025-07-27 19:30:00,0.0,0.20859651
2025-07-27 20:30:00,0.0,-0.32218018
2025-07-27 21:30:00,0.0,-0.24826412
2025-07-27 22:30:00,0.0,0.04860759
2025-07-27 23:30:00,0.0,-0.64523053
2025-07-28 00:30:00,0.0,-0.5961635
2025-07-28 01:30:00,0.0,-0.801954
2025-07-28 02:30:00,0.0,-0.4311269
2025-07-28 03:30:00,0.0,0.34308484
2025-07-28 04:30:00,0.0,0.8348839
2025-07-28 05:30:00,0.9730000000000001,2.6190143
2025-07-28 06:30:00,14.839999999999998,9.275952
2025-07-28 07:30:00,38.961,34.640335
2025-07-28 08:30:00,61.88700000000001,61.105515
2025-07-28 09:30:00,78.426,79.74812
2025-07-28 10:30:00,78.938,87.90239
2025-07-28 11:30:00,75.053,82.47821
2025-07-28 12:30:00,56.184,71.53596
2025-07-28 13:30:00,46.556,50.00291
2025-07-28 14:30:00,54.059,34.94507
2025-07-28 15:30:00,39.423,35.362812
2025-07-28 16:30:00,18.448,19.932697
2025-07-28 17:30:00,4.294,4.776262
2025-07-28 18:30:00,0.0,1.3951756
2025-07-28 19:30:00,0.0,0.3190923
2025-07-28 20:30:00,0.0,-0.08010462
2025-07-28 21:30:00,0.0,0.009775146
2025-07-28 22:30:00,0.0,0.2693071
2025-07-28 23:30:00,0.0,-0.45488375
2025-07-29 00:30:00,0.0,-0.37317798
2025-07-29 01:30:00,0.0,-0.4839564
2025-07-29 02:30:00,0.0,-0.35677192
2025-07-29 03:30:00,0.0,0.49899274
2025-07-29 04:30:00,0.0,0.7997986
2025-07-29 05:30:00,1.004,2.999151
2025-07-29 06:30:00,17.493,10.581022
2025-07-29 07:30:00,41.784,41.016914
2025-07-29 08:30:00,65.783,63.119274
2025-07-29 09:30:00,84.779,82.9526
2025-07-29 10:30:00,95.914,93.86726
2025-07-29 11:30:00,101.939,96.31693
2025-07-29 12:30:00,83.271,93.447426
2025-07-29 13:30:00,86.388,74.433655
2025-07-29 14:30:00,69.111,67.644226
2025-07-29 15:30:00,41.881,47.307053
2025-07-29 16:30:00,21.148,20.9532
2025-07-29 17:30:00,4.596,4.528331
2025-07-29 18:30:00,0.0,0.8938038
2025-07-29 19:30:00,0.0,-0.102520764
2025-07-29 20:30:00,0.0,-0.44552958
2025-07-29 21:30:00,0.0,-0.22149113
2025-07-29 22:30:00,0.0,-0.03436032
2025-07-29 23:30:00,0.0,-0.7024126
2025-07-30 00:30:00,0.0,-0.54505044
2025-07-30 01:30:00,0.0,-0.38425368
2025-07-30 02:30:00,0.0,-0.45791954
2025-07-30 03:30:00,0.0,0.49007666
2025-07-30 04:30:00,0.0,0.929638
2025-07-30 05:30:00,0.9239999999999999,3.8211284
2025-07-30 06:30:00,14.247,11.799374
2025-07-30 07:30:00,38.034,36.555458
2025-07-30 08:30:00,63.82899999999999,62.10625
2025-07-30 09:30:00,82.533,83.25034
2025-07-30 10:30:00,95.187,93.962685
2025-07-30 11:30:00,102.37,98.45245
2025-07-30 12:30:00,78.358,95.93431
2025-07-30 13:30:00,74.447,71.90834
2025-07-30 14:30:00,61.117,57.476044
2025-07-30 15:30:00,47.147,41.41348
2025-07-30 16:30:00,23.422,25.377935
2025-07-30 17:30:00,5.561,5.2567444
2025-07-30 18:30:00,0.0,1.1935294
2025-07-30 19:30:00,0.0,-0.16749085
2025-07-30 20:30:00,0.0,-0.59273493
2025-07-30 21:30:00,0.0,-0.41463715
2025-07-30 22:30:00,0.0,-0.25797352
2025-07-30 23:30:00,0.0,-0.95622736
2025-07-31 00:30:00,0.0,-0.8345321
2025-07-31 01:30:00,0.0,-0.6889928
2025-07-31 02:30:00,0.0,-0.69996095
2025-07-31 03:30:00,0.0,0.28347155
2025-07-31 04:30:00,0.0,0.7401332
2025-07-31 05:30:00,0.792,3.7204845
2025-07-31 06:30:00,11.338,11.529746
2025-07-31 07:30:00,30.56,32.056656
2025-07-31 08:30:00,51.606,53.07476
2025-07-31 09:30:00,68.254,71.39271
2025-07-31 10:30:00,87.636,80.62773
2025-07-31 11:30:00,85.757,91.92257
2025-07-31 12:30:00,84.968,83.38231
2025-07-31 13:30:00,57.73199999999999,79.01297
2025-07-31 14:30:00,56.856,45.474384
2025-07-31 15:30:00,40.068,37.26395
2025-07-31 16:30:00,19.709,19.734732
2025-07-31 17:30:00,4.311,4.8863783
2025-07-31 18:30:00,0.0,1.2187507
2025-07-31 19:30:00,0.0,-0.030218668
2025-07-31 20:30:00,0.0,-0.45269933
2025-07-31 21:30:00,0.0,-0.333419
2025-07-31 22:30:00,0.0,-0.23676826
2025-07-31 23:30:00,0.0,-0.98190475
2025-08-01 00:30:00,0.0,-0.95804375
2025-08-01 01:30:00,0.0,-0.818997
2025-08-01 02:30:00,0.0,-0.51778644
2025-08-01 03:30:00,0.0,0.42191195
2025-08-01 04:30:00,0.0,0.7289456
2025-08-01 05:30:00,0.836,2.837461
2025-08-01 06:30:00,12.747,9.971137
2025-08-01 07:30:00,33.566,31.922014
2025-08-01 08:30:00,55.322,54.636497
2025-08-01 09:30:00,73.973,75.745125
2025-08-01 10:30:00,87.709,86.43306
2025-08-01 11:30:00,84.622,93.00683
2025-08-01 12:30:00,86.264,81.60545
2025-08-01 13:30:00,74.259,76.05233
2025-08-01 14:30:00,56.352,61.15906
2025-08-01 15:30:00,39.941,37.013474
2025-08-01 16:30:00,20.441,19.24375
2025-08-01 17:30:00,5.058,4.755166
2025-08-01 18:30:00,0.0,1.2016171
2025-08-01 19:30:00,0.0,-0.008232916
2025-08-01 20:30:00,0.0,-0.40297648
2025-08-01 21:30:00,0.0,-0.28047505
2025-08-01 22:30:00,0.0,-0.23222868
2025-08-01 23:30:00,0.0,-0.88811564
2025-08-02 00:30:00,0.0,-0.8709589
2025-08-02 01:30:00,0.0,-0.9482276
2025-08-02 02:30:00,0.0,-0.43981668
2025-08-02 03:30:00,0.0,0.44932967
2025-08-02 04:30:00,0.0,0.82860225
2025-08-02 05:30:00,0.654,3.0650673
2025-08-02 06:30:00,11.622,10.150248
2025-08-02 07:30:00,28.26,29.998182
2025-08-02 08:30:00,51.18,47.5586
2025-08-02 09:30:00,67.629,67.128426
2025-08-02 10:30:00,84.851,78.865456
2025-08-02 11:30:00,94.519,88.870895
2025-08-02 12:30:00,89.081,88.6896
2025-08-02 13:30:00,74.768,77.72819
2025-08-02 14:30:00,57.766,59.058277
2025-08-02 15:30:00,39.994,39.072437
2025-08-02 16:30:00,21.917,18.84944
2025-08-02 17:30:00,5.247,4.7442575
2025-08-02 18:30:00,0.0,1.162064
2025-08-02 19:30:00,0.0,-0.0933263
2025-08-02 20:30:00,0.0,-0.43670487
2025-08-02 21:30:00,0.0,-0.29378128
2025-08-02 22:30:00,0.0,0.022610843
2025-08-02 23:30:00,0.0,-0.6634572
2025-08-03 00:30:00,0.0,-0.58400244
2025-08-03 01:30:00,0.0,-0.7648618
2025-08-03 02:30:00,0.0,-0.24344273
2025-08-03 03:30:00,0.0,0.57980955
2025-08-03 04:30:00,0.0,1.2358203
2025-08-03 05:30:00,0.595,3.0984635
2025-08-03 06:30:00,8.796,9.644443
2025-08-03 07:30:00,23.086,26.208721
2025-08-03 08:30:00,40.82,41.3646
2025-08-03 09:30:00,41.317,56.585
2025-08-03 10:30:00,44.954,55.192505
2025-08-03 11:30:00,66.843,53.527237
2025-08-03 12:30:00,73.352,65.45387
2025-08-03 13:30:00,55.506,64.8945
2025-08-03 14:30:00,22.052,44.698387
2025-08-03 15:30:00,6.378,15.601229
2025-08-03 16:30:00,5.322,4.322224
2025-08-03 17:30:00,1.161,2.29318
2025-08-03 18:30:00,0.0,0.84511846
2025-08-03 19:30:00,0.0,0.49414486
2025-08-03 20:30:00,0.0,0.1256491
2025-08-03 21:30:00,0.0,0.060268253
2025-08-03 22:30:00,0.0,0.19889395
2025-08-03 23:30:00,0.0,-0.5035144
2025-08-04 00:30:00,0.0,-0.48517755
2025-08-04 01:30:00,0.0,-0.6693238
2025-08-04 02:30:00,0.0,-0.22961901
2025-08-04 03:30:00,0.0,0.46487066
2025-08-04 04:30:00,0.0,1.1711422
2025-08-04 05:30:00,0.735,2.66851
2025-08-04 06:30:00,10.77,7.537141
2025-08-04 07:30:00,28.02,25.120504
2025-08-04 08:30:00,45.191,45.676624
2025-08-04 09:30:00,66.03,59.80862
2025-08-04 10:30:00,90.341,76.95205
2025-08-04 11:30:00,97.303,90.35002
2025-08-04 12:30:00,87.721,89.77637
2025-08-04 13:30:00,74.897,75.58013
2025-08-04 14:30:00,50.914,53.419758
2025-08-04 15:30:00,31.665000000000003,28.660103
2025-08-04 16:30:00,16.362,9.406004
2025-08-04 17:30:00,4.345,2.7468007
2025-08-04 18:30:00,0.0,0.27826503
2025-08-04 19:30:00,0.0,-0.2874501
2025-08-04 20:30:00,0.0,-0.28946456
2025-08-04 21:30:00,0.0,0.060287897
2025-08-04 22:30:00,0.0,0.35193685
2025-08-04 23:30:00,0.0,-0.4247872
2025-08-05 00:30:00,0.0,-0.3969587
2025-08-05 01:30:00,0.0,-0.5291832
2025-08-05 02:30:00,0.0,-0.37529406
2025-08-05 03:30:00,0.0,0.32689738
2025-08-05 04:30:00,0.0,0.61523813
2025-08-05 05:30:00,0.737,2.5496788
2025-08-05 06:30:00,13.71,9.337844
2025-08-05 07:30:00,35.623,33.082447
2025-08-05 08:30:00,61.18299999999999,59.831505
2025-08-05 09:30:00,76.87,80.08305
2025-08-05 10:30:00,86.56,87.804596
2025-08-05 11:30:00,81.579,90.03858
2025-08-05 12:30:00,84.583,78.297554
2025-08-05 13:30:00,83.976,73.23462
2025-08-05 14:30:00,71.913,65.276276
2025-08-05 15:30:00,52.976,49.68365
2025-08-05 16:30:00,28.551,29.154976
2025-08-05 17:30:00,7.117,6.7462716
2025-08-05 18:30:00,0.0,0.8860363
2025-08-05 19:30:00,0.0,-0.6243276
2025-08-05 20:30:00,0.0,-0.8566715
2025-08-05 21:30:00,0.0,-0.5647271
2025-08-05 22:30:00,0.0,-0.11063327
2025-08-05 23:30:00,0.0,-0.78993976
2025-08-06 00:30:00,0.0,-0.68451387
2025-08-06 01:30:00,0.0,-0.62570417
2025-08-06 02:30:00,0.0,-0.6324546
2025-08-06 03:30:00,0.0,0.1588711
2025-08-06 04:30:00,0.0,0.4302832
2025-08-06 05:30:00,0.84,2.627873
2025-08-06 06:30:00,15.414,9.635545
2025-08-06 07:30:00,40.339,38.707413
2025-08-06 08:30:00,65.102,63.705723
2025-08-06 09:30:00,84.554,85.60801
2025-08-06 10:30:00,96.971,96.5527
2025-08-06 11:30:00,105.646,100.13647
2025-08-06 12:30:00,99.993,99.01157
2025-08-06 13:30:00,77.348,87.16947
2025-08-06 14:30:00,70.667,61.27415
2025-08-06 15:30:00,47.28,46.504784
2025-08-06 16:30:00,24.465,22.945488
2025-08-06 17:30:00,5.625,4.8590145
2025-08-06 18:30:00,0.0,0.7291395
2025-08-06 19:30:00,0.0,-0.49229693
2025-08-06 20:30:00,0.0,-0.72461015
2025-08-06 21:30:00,0.0,-0.42411685
2025-08-06 22:30:00,0.0,-0.20637454
2025-08-06 23:30:00,0.0,-0.8430511
2025-08-07 00:30:00,0.0,-0.74047905
2025-08-07 01:30:00,0.0,-0.53031045
2025-08-07 02:30:00,0.0,-0.4328963
2025-08-07 03:30:00,0.0,0.27755284
2025-08-07 04:30:00,0.0,0.6098856
2025-08-07 05:30:00,0.813,3.1025317
2025-08-07 06:30:00,14.572,10.579451
2025-08-07 07:30:00,37.716,37.185013
2025-08-07 08:30:00,61.88999999999999,62.393047
2025-08-07 09:30:00,82.361,82.64731
2025-08-07 10:30:00,97.371,93.980965
2025-08-07 11:30:00,104.807,99.607185
2025-08-07 12:30:00,99.743,97.660995
2025-08-07 13:30:00,87.296,86.01666
2025-08-07 14:30:00,68.016,68.768265
2025-08-07 15:30:00,49.025,45.229305
2025-08-07 16:30:00,26.713,23.96745
2025-08-07 17:30:00,6.617,5.4448247
2025-08-07 18:30:00,0.0,0.9904989
2025-08-07 19:30:00,0.0,-0.47815382
2025-08-07 20:30:00,0.0,-0.71991086
2025-08-07 21:30:00,0.0,-0.41276273
2025-08-07 22:30:00,0.0,0.025357995
2025-08-07 23:30:00,0.0,-0.6790042
2025-08-08 00:30:00,0.0,-0.6100137
2025-08-08 01:30:00,0.0,-0.5474389
2025-08-08 02:30:00,0.0,-0.36659744
2025-08-08 03:30:00,0.0,0.2942518
2025-08-08 04:30:00,0.0,0.4181802
2025-08-08 05:30:00,0.503,2.4365253
2025-08-08 06:30:00,9.009,8.590218
2025-08-08 07:30:00,21.891,27.617043
2025-08-08 08:30:00,38.289,41.841022
2025-08-08 09:30:00,41.817,55.17016
2025-08-08 10:30:00,45.834,57.20391
2025-08-08 11:30:00,62.25699999999999,55.34001
2025-08-08 12:30:00,71.76,61.059853
2025-08-08 13:30:00,57.196,64.35271
2025-08-08 14:30:00,46.987,44.701744
2025-08-08 15:30:00,36.881,31.802572
2025-08-08 16:30:00,19.026,17.289831
2025-08-08 17:30:00,4.66,5.013283
2025-08-08 18:30:00,0.0,1.5557042
2025-08-08 19:30:00,0.0,0.26731572
2025-08-08 20:30:00,0.0,-0.24725474
2025-08-08 21:30:00,0.0,-0.17845897
2025-08-08 22:30:00,0.0,0.10928574
2025-08-08 23:30:00,0.0,-0.5223619
2025-08-09 00:30:00,0.0,-0.6073101
2025-08-09 01:30:00,0.0,-0.76842964
2025-08-09 02:30:00,0.0,-0.37977216
2025-08-09 03:30:00,0.0,0.23509623
2025-08-09 04:30:00,0.0,0.4765467
2025-08-09 05:30:00,0.72,2.2811563
2025-08-09 06:30:00,9.765,7.687754
2025-08-09 07:30:00,25.363,24.443071
2025-08-09 08:30:00,38.944,41.20416
2025-08-09 09:30:00,44.534,52.171665
2025-08-09 10:30:00,48.939,56.69759
2025-08-09 11:30:00,58.278,56.245327
2025-08-09 12:30:00,41.789,57.91793
2025-08-09 13:30:00,57.187,39.527187
2025-08-09 14:30:00,53.804,43.42705
2025-08-09 15:30:00,34.883,37.544388
2025-08-09 16:30:00,17.599,18.753382
2025-08-09 17:30:00,4.358,5.158973
2025-08-09 18:30:00,0.0,1.658961
2025-08-09 19:30:00,0.0,0.31180385
2025-08-09 20:30:00,0.0,-0.24554344
2025-08-09 21:30:00,0.0,-0.2413309
2025-08-09 22:30:00,0.0,0.06806395
2025-08-09 23:30:00,0.0,-0.547035
2025-08-10 00:30:00,0.0,-0.601914
2025-08-10 01:30:00,0.0,-0.8429025
2025-08-10 02:30:00,0.0,-0.40765014
2025-08-10 03:30:00,0.0,0.41886163
2025-08-10 04:30:00,0.0,1.0326362
2025-08-10 05:30:00,0.669,2.725107
2025-08-10 06:30:00,12.906,7.814094
2025-08-10 07:30:00,33.65,29.15016
2025-08-10 08:30:00,59.37599999999999,52.86714
2025-08-10 09:30:00,83.257,73.92995
2025-08-10 10:30:00,85.172,88.806816
2025-08-10 11:30:00,55.908,84.58427
2025-08-10 12:30:00,64.223,53.683723
2025-08-10 13:30:00,46.925,51.116234
2025-08-10 14:30:00,26.215,32.781322
2025-08-10 15:30:00,9.248,13.451855
2025-08-10 16:30:00,5.148,4.020065
2025-08-10 17:30:00,1.175,2.054802
2025-08-10 18:30:00,0.0,0.72371775
2025-08-10 19:30:00,0.0,0.44943726
2025-08-10 20:30:00,0.0,0.19430825
2025-08-10 21:30:00,0.0,0.26878962
2025-08-10 22:30:00,0.0,0.4667929
2025-08-10 23:30:00,0.0,-0.2096537
2025-08-11 00:30:00,0.0,-0.2901571
2025-08-11 01:30:00,0.0,-0.620162
2025-08-11 02:30:00,0.0,-0.24275103
2025-08-11 03:30:00,0.0,0.22504185
2025-08-11 04:30:00,0.0,0.6535181
2025-08-11 05:30:00,0.442,2.5626178
2025-08-11 06:30:00,8.038,7.8137064
2025-08-11 07:30:00,20.876,22.86977
2025-08-11 08:30:00,35.651,35.949066
2025-08-11 09:30:00,46.069,47.643246
2025-08-11 10:30:00,57.409,53.293602
2025-08-11 11:30:00,49.439,59.42076
2025-08-11 12:30:00,39.455,49.1474
2025-08-11 13:30:00,37.11,35.207676
2025-08-11 14:30:00,39.155,28.254112
2025-08-11 15:30:00,33.108,23.037596
2025-08-11 16:30:00,17.106,15.189516
2025-08-11 17:30:00,4.336,4.585735
2025-08-11 18:30:00,0.0,1.5344366
2025-08-11 19:30:00,0.0,0.4346375
2025-08-11 20:30:00,0.0,-0.057112917
2025-08-11 21:30:00,0.0,-0.048481207
2025-08-11 22:30:00,0.0,0.16551483
2025-08-11 23:30:00,0.0,-0.5803339
2025-08-12 00:30:00,0.0,-0.60908973
2025-08-12 01:30:00,0.0,-0.83258677
2025-08-12 02:30:00,0.0,-0.7050368
2025-08-12 03:30:00,0.0,0.09951401
2025-08-12 04:30:00,0.0,0.6485063
2025-08-12 05:30:00,0.254,2.4580996
2025-08-12 06:30:00,3.674,7.465858
2025-08-12 07:30:00,11.914,17.973766
2025-08-12 08:30:00,22.092,26.02179
2025-08-12 09:30:00,36.761,34.413494
2025-08-12 10:30:00,35.929,46.872616
2025-08-12 11:30:00,25.485,43.479977
2025-08-12 12:30:00,25.251,31.595085
2025-08-12 13:30:00,25.512,26.785574
2025-08-12 14:30:00,29.058000000000003,21.457535
2025-08-12 15:30:00,29.581,18.027521
2025-08-12 16:30:00,15.052999999999999,13.114649
2025-08-12 17:30:00,2.907,4.9080267
2025-08-12 18:30:00,0.0,1.8012596
2025-08-12 19:30:00,0.0,0.6823132
2025-08-12 20:30:00,0.0,0.01932912
2025-08-12 21:30:00,0.0,-0.12402062
2025-08-12 22:30:00,0.0,0.021641612
2025-08-12 23:30:00,0.0,-0.6937399
2025-08-13 00:30:00,0.0,-0.7928611
2025-08-13 01:30:00,0.0,-0.8049556
2025-08-13 02:30:00,0.0,-0.8799877
2025-08-13 03:30:00,0.0,-0.2142505
2025-08-13 04:30:00,0.0,0.61288553
2025-08-13 05:30:00,0.246,2.2084742
2025-08-13 06:30:00,5.06,6.1530013
2025-08-13 07:30:00,14.132,17.70164
2025-08-13 08:30:00,26.542,27.522926
2025-08-13 09:30:00,30.973999999999997,39.105164
2025-08-13 10:30:00,36.222,40.76225
2025-08-13 11:30:00,33.95,42.555817
2025-08-13 12:30:00,43.364,37.76716
2025-08-13 13:30:00,42.262,40.714035
2025-08-13 14:30:00,33.131,35.403713
2025-08-13 15:30:00,25.101,22.517458
2025-08-13 16:30:00,13.806,10.257765
2025-08-13 17:30:00,3.574,4.390525
2025-08-13 18:30:00,0.0,1.6217196
2025-08-13 19:30:00,0.0,0.5067312
2025-08-13 20:30:00,0.0,-0.099735186
2025-08-13 21:30:00,0.0,-0.18199944
2025-08-13 22:30:00,0.0,-0.027507383
2025-08-13 23:30:00,0.0,-0.78355306
2025-08-14 00:30:00,0.0,-0.8974595
2025-08-14 01:30:00,0.0,-0.86644924
2025-08-14 02:30:00,0.0,-0.88061965
2025-08-14 03:30:00,0.0,-0.06731589
2025-08-14 04:30:00,0.0,0.72325236
2025-08-14 05:30:00,0.463,2.544017
2025-08-14 06:30:00,10.783,6.7214174
2025-08-14 07:30:00,26.986,24.571505
2025-08-14 08:30:00,46.624,42.89261
2025-08-14 09:30:00,61.985,60.735916
2025-08-14 10:30:00,74.183,71.36327
2025-08-14 11:30:00,83.808,75.2738
2025-08-14 12:30:00,68.579,77.333374
2025-08-14 13:30:00,56.338,58.817303
2025-08-14 14:30:00,46.207,42.904922
2025-08-14 15:30:00,34.778,29.02256
2025-08-14 16:30:00,18.638,15.373952
2025-08-14 17:30:00,4.309,4.4882154
2025-08-14 18:30:00,0.0,1.3288136
2025-08-14 19:30:00,0.0,0.20695351
2025-08-14 20:30:00,0.0,-0.26590756
2025-08-14 21:30:00,0.0,-0.19060041
2025-08-14 22:30:00,0.0,0.109979145
2025-08-14 23:30:00,0.0,-0.638638
2025-08-15 00:30:00,0.0,-0.62710464
2025-08-15 01:30:00,0.0,-0.5777345
2025-08-15 02:30:00,0.0,-0.3053574
2025-08-15 03:30:00,0.0,0.45103073
2025-08-15 04:30:00,0.0,0.926241
2025-08-15 05:30:00,0.55,2.958165
2025-08-15 06:30:00,9.36,9.204912
2025-08-15 07:30:00,25.499,26.70586
2025-08-15 08:30:00,43.779,43.074512
2025-08-15 09:30:00,45.296,58.565754
2025-08-15 10:30:00,62.904999999999994,57.06387
2025-08-15 11:30:00,75.149,66.585815
2025-08-15 12:30:00,80.824,72.761635
2025-08-15 13:30:00,69.456,70.466484
2025-08-15 14:30:00,54.161,53.041546
2025-08-15 15:30:00,43.547,37.314182
2025-08-15 16:30:00,21.918,23.382053
2025-08-15 17:30:00,4.853,5.5077796
2025-08-15 18:30:00,0.0,1.4826328
2025-08-15 19:30:00,0.0,0.017366746
2025-08-15 20:30:00,0.0,-0.47745103
2025-08-15 21:30:00,0.0,-0.3620997
2025-08-15 22:30:00,0.0,-0.0038043396
2025-08-15 23:30:00,0.0,-0.62209874
2025-08-16 00:30:00,0.0,-0.60646296
2025-08-16 01:30:00,0.0,-0.7109854
2025-08-16 02:30:00,0.0,-0.14759557
2025-08-16 03:30:00,0.0,0.7681564
2025-08-16 04:30:00,0.0,1.1765794
2025-08-16 05:30:00,0.319,3.1001098
2025-08-16 06:30:00,6.668,9.126275
2025-08-16 07:30:00,17.126,23.16425
2025-08-16 08:30:00,31.175000000000004,34.18886
2025-08-16 09:30:00,50.491,45.539665
2025-08-16 10:30:00,64.619,61.19659
2025-08-16 11:30:00,62.60999999999999,68.8952
2025-08-16 12:30:00,56.636,64.24478
2025-08-16 13:30:00,69.431,49.244072
2025-08-16 14:30:00,53.383,52.898453
2025-08-16 15:30:00,35.036,35.665424
2025-08-16 16:30:00,18.219,17.631296
2025-08-16 17:30:00,3.695,4.945986
2025-08-16 18:30:00,0.0,1.4047757
2025-08-16 19:30:00,0.0,0.14165466
2025-08-16 20:30:00,0.0,-0.39108014
2025-08-16 21:30:00,0.0,-0.3395418
2025-08-16 22:30:00,0.0,-0.06668397
2025-08-16 23:30:00,0.0,-0.60321283
2025-08-17 00:30:00,0.0,-0.62176746
2025-08-17 01:30:00,0.0,-0.8614314
2025-08-17 02:30:00,0.0,-0.46267003
2025-08-17 03:30:00,0.0,0.40295857
2025-08-17 04:30:00,0.0,0.93057394
2025-08-17 05:30:00,0.148,2.6744046
2025-08-17 06:30:00,3.025,7.2505584
2025-08-17 07:30:00,9.26,17.25456
2025-08-17 08:30:00,19.56,23.201765
2025-08-17 09:30:00,23.669,31.447004
2025-08-17 10:30:00,47.711,33.589897
2025-08-17 11:30:00,64.217,51.8985
2025-08-17 12:30:00,64.537,63.104298
2025-08-17 13:30:00,55.417,58.51553
2025-08-17 14:30:00,47.632,43.3703
2025-08-17 15:30:00,28.01,32.273113
2025-08-17 16:30:00,11.005,12.467056
2025-08-17 17:30:00,1.635,3.5606613
2025-08-17 18:30:00,0.0,0.7639259
2025-08-17 19:30:00,0.0,0.049546935
2025-08-17 20:30:00,0.0,-0.23295282
2025-08-17 21:30:00,0.0,-0.12547234
2025-08-17 22:30:00,0.0,0.1494606
2025-08-17 23:30:00,0.0,-0.4900143
2025-08-18 00:30:00,0.0,-0.63059384
2025-08-18 01:30:00,0.0,-1.0206279
2025-08-18 02:30:00,0.0,-0.6046099
2025-08-18 03:30:00,0.0,0.13595796
2025-08-18 04:30:00,0.0,0.8543949
2025-08-18 05:30:00,0.579,2.6828315
2025-08-18 06:30:00,11.008,7.0518203
2025-08-18 07:30:00,27.468,25.09626
2025-08-18 08:30:00,45.632,43.87248
2025-08-18 09:30:00,52.326,59.66702
2025-08-18 10:30:00,62.958,62.523293
2025-08-18 11:30:00,49.834,65.89473
2025-08-18 12:30:00,42.936,49.384815
2025-08-18 13:30:00,41.901,37.679802
2025-08-18 14:30:00,49.851,32.12047
2025-08-18 15:30:00,28.012,32.905712
2025-08-18 16:30:00,14.862,13.124719
2025-08-18 17:30:00,3.525,4.4701204
2025-08-18 18:30:00,0.0,1.5733801
2025-08-18 19:30:00,0.0,0.56908053
2025-08-18 20:30:00,0.0,-0.017458118
2025-08-18 21:30:00,0.0,0.031023087
2025-08-18 22:30:00,0.0,0.2763983
2025-08-18 23:30:00,0.0,-0.3873834
2025-08-19 00:30:00,0.0,-0.39601767
2025-08-19 01:30:00,0.0,-0.6177633
2025-08-19 02:30:00,0.0,-0.46287927
2025-08-19 03:30:00,0.0,0.24242823
2025-08-19 04:30:00,0.0,0.7427352
2025-08-19 05:30:00,0.576,2.5151656
2025-08-19 06:30:00,10.968,8.141208
2025-08-19 07:30:00,26.347,26.243492
2025-08-19 08:30:00,45.181,42.58376
2025-08-19 09:30:00,56.182,57.98748
2025-08-19 10:30:00,67.84,64.599556
2025-08-19 11:30:00,80.629,72.50268
2025-08-19 12:30:00,93.75,77.53615
2025-08-19 13:30:00,78.95,82.31465
2025-08-19 14:30:00,62.188,62.31437
2025-08-19 15:30:00,47.262,43.143177
2025-08-19 16:30:00,25.152,26.782919
2025-08-19 17:30:00,5.375,6.341978
2025-08-19 18:30:00,0.0,1.2200223
2025-08-19 19:30:00,0.0,-0.098103285
2025-08-19 20:30:00,0.0,-0.5727747
2025-08-19 21:30:00,0.0,-0.44997695
2025-08-19 22:30:00,0.0,-0.021618554
2025-08-19 23:30:00,0.0,-0.6706645
2025-08-20 00:30:00,0.0,-0.48342183
2025-08-20 01:30:00,0.0,-0.3812136
2025-08-20 02:30:00,0.0,-0.30285448
2025-08-20 03:30:00,0.0,0.5201288
2025-08-20 04:30:00,0.0,0.8452884
2025-08-20 05:30:00,0.75,2.819241
2025-08-20 06:30:00,14.791999999999998,9.5984745
2025-08-20 07:30:00,39.873,36.176517
2025-08-20 08:30:00,65.834,63.40663
2025-08-20 09:30:00,86.678,84.0266
2025-08-20 10:30:00,100.505,97.045685
2025-08-20 11:30:00,109.746,100.67235
2025-08-20 12:30:00,107.263,100.43009
2025-08-20 13:30:00,88.536,92.055695
2025-08-20 14:30:00,71.057,71.36064
2025-08-20 15:30:00,54.158,49.221333
2025-08-20 16:30:00,28.379,29.028107
2025-08-20 17:30:00,5.675,6.054626
2025-08-20 18:30:00,0.0,0.75982183
2025-08-20 19:30:00,0.0,-0.553566
2025-08-20 20:30:00,0.0,-0.7713519
2025-08-20 21:30:00,0.0,-0.41340405
2025-08-20 22:30:00,0.0,-0.07173849
2025-08-20 23:30:00,0.0,-0.72811216
2025-08-21 00:30:00,0.0,-0.684899
2025-08-21 01:30:00,0.0,-0.5122861
2025-08-21 02:30:00,0.0,-0.44946373
2025-08-21 03:30:00,0.0,0.34217367
2025-08-21 04:30:00,0.0,0.7734321
2025-08-21 05:30:00,0.657,3.3105536
2025-08-21 06:30:00,13.897,10.7533865
2025-08-21 07:30:00,36.386,37.14242
2025-08-21 08:30:00,62.12400000000001,62.096516
2025-08-21 09:30:00,85.869,83.154175
2025-08-21 10:30:00,101.67,97.3738
2025-08-21 11:30:00,108.66,103.08799
2025-08-21 12:30:00,104.928,101.63699
2025-08-21 13:30:00,94.72,91.36382
2025-08-21 14:30:00,71.21,76.11223
2025-08-21 15:30:00,51.251,48.27897
2025-08-21 16:30:00,25.352,24.221813
2025-08-21 17:30:00,5.104,4.8583345
2025-08-21 18:30:00,0.0,0.6337466
2025-08-21 19:30:00,0.0,-0.47693267
2025-08-21 20:30:00,0.0,-0.6788795
2025-08-21 21:30:00,0.0,-0.33198094
2025-08-21 22:30:00,0.0,-0.1082499
2025-08-21 23:30:00,0.0,-0.7604879
2025-08-22 00:30:00,0.0,-0.67759174
2025-08-22 01:30:00,0.0,-0.6116063
2025-08-22 02:30:00,0.0,-0.257468
2025-08-22 03:30:00,0.0,0.40370578
2025-08-22 04:30:00,0.0,0.7019976
2025-08-22 05:30:00,0.47600000000000003,2.89435
2025-08-22 06:30:00,8.816,9.435061
2025-08-22 07:30:00,22.273,28.429
2025-08-22 08:30:00,38.139,42.7804
2025-08-22 09:30:00,42.101,56.13963
2025-08-22 10:30:00,66.676,56.63667
2025-08-22 11:30:00,83.195,72.169914
2025-08-22 12:30:00,83.586,79.95534
2025-08-22 13:30:00,76.367,73.44393
2025-08-22 14:30:00,65.482,60.40077
2025-08-22 15:30:00,44.671,43.89907
2025-08-22 16:30:00,22.857,22.476192
2025-08-22 17:30:00,3.96,5.247829
2025-08-22 18:30:00,0.0,1.008255
2025-08-22 19:30:00,0.0,-0.23686732
2025-08-22 20:30:00,0.0,-0.57940906
2025-08-22 21:30:00,0.0,-0.37625048
2025-08-22 22:30:00,0.0,0.03005471
2025-08-22 23:30:00,0.0,-0.6873353
2025-08-23 00:30:00,0.0,-0.674468
2025-08-23 01:30:00,0.0,-0.8399521
2025-08-23 02:30:00,0.0,-0.39118773
2025-08-23 03:30:00,0.0,0.31847915
2025-08-23 04:30:00,0.0,0.47222316
2025-08-23 05:30:00,0.168,2.0585132
2025-08-23 06:30:00,11.034,6.0639834
2025-08-23 07:30:00,25.672,25.01365
2025-08-23 08:30:00,41.391,41.422398
2025-08-23 09:30:00,51.9,57.056984
2025-08-23 10:30:00,64.212,63.940582
2025-08-23 11:30:00,78.249,68.35859
2025-08-23 12:30:00,80.282,74.07472
2025-08-23 13:30:00,73.631,70.37692
2025-08-23 14:30:00,56.722,56.32885
2025-08-23 15:30:00,41.607,37.60009
2025-08-23 16:30:00,20.678,23.836464
2025-08-23 17:30:00,3.949,5.1266813
2025-08-23 18:30:00,0.0,1.2274456
2025-08-23 19:30:00,0.0,-0.048008118
2025-08-23 20:30:00,0.0,-0.44804192
2025-08-23 21:30:00,0.0,-0.26288542
2025-08-23 22:30:00,0.0,0.071158655
2025-08-23 23:30:00,0.0,-0.515579
2025-08-24 00:30:00,0.0,-0.54913914
2025-08-24 01:30:00,0.0,-0.81870073
2025-08-24 02:30:00,0.0,-0.34803516
2025-08-24 03:30:00,0.0,0.49173674
2025-08-24 04:30:00,0.0,0.95785415
2025-08-24 05:30:00,0.791,2.7378273
2025-08-24 06:30:00,15.175,8.525941
2025-08-24 07:30:00,41.093,35.238037
2025-08-24 08:30:00,67.682,62.11596
2025-08-24 09:30:00,88.368,84.018005
2025-08-24 10:30:00,102.299,95.74808
2025-08-24 11:30:00,109.221,100.39555
2025-08-24 12:30:00,106.263,99.76284
2025-08-24 13:30:00,95.733,90.83097
2025-08-24 14:30:00,76.295,74.97274
2025-08-24 15:30:00,53.89,52.189323
2025-08-24 16:30:00,28.059,28.209858
2025-08-24 17:30:00,5.193,5.865285
2025-08-24 18:30:00,0.0,1.0384789
2025-08-24 19:30:00,0.0,-0.15544079
2025-08-24 20:30:00,0.0,-0.2923996
2025-08-24 21:30:00,0.0,0.051372677
2025-08-24 22:30:00,0.0,0.22974882
2025-08-24 23:30:00,0.0,-0.44213772
2025-08-25 00:30:00,0.0,-0.46621734
2025-08-25 01:30:00,0.0,-0.8023015
2025-08-25 02:30:00,0.0,-0.35798195
2025-08-25 03:30:00,0.0,0.4541562
2025-08-25 04:30:00,0.0,0.7421451
2025-08-25 05:30:00,0.877,2.9102054
2025-08-25 06:30:00,14.815,10.387742
2025-08-25 07:30:00,37.197,37.79519
2025-08-25 08:30:00,59.549,59.08913
2025-08-25 09:30:00,75.591,79.137665
2025-08-25 10:30:00,87.103,87.36108
2025-08-25 11:30:00,87.268,91.514694
2025-08-25 12:30:00,90.996,85.544815
2025-08-25 13:30:00,75.636,80.63695
2025-08-25 14:30:00,69.785,61.19399
2025-08-25 15:30:00,46.955,48.892376
2025-08-25 16:30:00,24.08,24.673145
2025-08-25 17:30:00,4.827,5.675151
2025-08-25 18:30:00,0.0,1.154527
2025-08-25 19:30:00,0.0,-0.10542846
2025-08-25 20:30:00,0.0,-0.37034371
2025-08-25 21:30:00,0.0,-0.0543837
2025-08-25 22:30:00,0.0,0.122371644
2025-08-25 23:30:00,0.0,-0.5859375
2025-08-26 00:30:00,0.0,-0.53012854
2025-08-26 01:30:00,0.0,-0.7355202
2025-08-26 02:30:00,0.0,-0.5042368
2025-08-26 03:30:00,0.0,0.22862245
2025-08-26 04:30:00,0.0,0.6071923
2025-08-26 05:30:00,0.706,2.8388622
2025-08-26 06:30:00,11.939,10.005103
2025-08-26 07:30:00,30.426000000000002,31.10341
2025-08-26 08:30:00,49.498,50.89569
2025-08-26 09:30:00,64.681,66.8733
2025-08-26 10:30:00,83.244,77.08838
2025-08-26 11:30:00,85.979,87.65029
2025-08-26 12:30:00,94.675,83.76139
2025-08-26 13:30:00,78.3,83.375885
2025-08-26 14:30:00,62.909,61.968925
2025-08-26 15:30:00,42.118,42.84776
2025-08-26 16:30:00,21.839,21.639532
2025-08-26 17:30:00,4.256,4.804022
2025-08-26 18:30:00,0.0,0.9305526
2025-08-26 19:30:00,0.0,-0.21804374
2025-08-26 20:30:00,0.0,-0.5064443
2025-08-26 21:30:00,0.0,-0.27883375
2025-08-26 22:30:00,0.0,-0.04554875
2025-08-26 23:30:00,0.0,-0.767574
2025-08-27 00:30:00,0.0,-0.6840937
2025-08-27 01:30:00,0.0,-0.61638075
2025-08-27 02:30:00,0.0,-0.6387371
2025-08-27 03:30:00,0.0,0.18844846
2025-08-27 04:30:00,0.0,0.57466197
2025-08-27 05:30:00,0.469,2.7913716
2025-08-27 06:30:00,8.552,9.499937
2025-08-27 07:30:00,24.897,26.962738
2025-08-27 08:30:00,38.526,44.40466
2025-08-27 09:30:00,50.973,55.456722
2025-08-27 10:30:00,67.135,63.81173
2025-08-27 11:30:00,69.16,72.8596
2025-08-27 12:30:00,70.85,69.09999
2025-08-27 13:30:00,55.388,62.694508
2025-08-27 14:30:00,42.267,43.758667
2025-08-27 15:30:00,28.179,29.23822
2025-08-27 16:30:00,12.845,13.213665
2025-08-27 17:30:00,2.274,3.907377
2025-08-27 18:30:00,0.0,0.9669573
2025-08-27 19:30:00,0.0,0.14802767
2025-08-27 20:30:00,0.0,-0.2857533
2025-08-27 21:30:00,0.0,-0.22360893
2025-08-27 22:30:00,0.0,-0.00085309433
2025-08-27 23:30:00,0.0,-0.8015646
2025-08-28 00:30:00,0.0,-0.7560081
2025-08-28 01:30:00,0.0,-0.6552858
2025-08-28 02:30:00,0.0,-0.6326493
2025-08-28 03:30:00,0.0,-0.075913444
2025-08-28 04:30:00,0.0,0.3245405
2025-08-28 05:30:00,0.475,2.2008529
2025-08-28 06:30:00,9.041,7.8195395
2025-08-28 07:30:00,24.939,25.33638
2025-08-28 08:30:00,43.252,41.957626
2025-08-28 09:30:00,58.156,57.9905
2025-08-28 10:30:00,84.389,68.34041
2025-08-28 11:30:00,91.228,84.5897
2025-08-28 12:30:00,81.871,85.167534
2025-08-28 13:30:00,67.969,71.1734
2025-08-28 14:30:00,49.796,52.188034
2025-08-28 15:30:00,35.427,33.216038
2025-08-28 16:30:00,16.931,16.834467
2025-08-28 17:30:00,2.731,4.217826
2025-08-28 18:30:00,0.0,0.85805494
2025-08-28 19:30:00,0.0,-0.13643618
2025-08-28 20:30:00,0.0,-0.47218302
2025-08-28 21:30:00,0.0,-0.2855458
2025-08-28 22:30:00,0.0,0.088456236
2025-08-28 23:30:00,0.0,-0.673831
2025-08-29 00:30:00,0.0,-0.6652266
2025-08-29 01:30:00,0.0,-0.55187434
2025-08-29 02:30:00,0.0,-0.22659005
2025-08-29 03:30:00,0.0,0.56116444
2025-08-29 04:30:00,0.0,0.7458794
2025-08-29 05:30:00,0.698,2.5912387
2025-08-29 06:30:00,12.14,8.963685
2025-08-29 07:30:00,30.456000000000003,30.536251
2025-08-29 08:30:00,50.866,51.16001
2025-08-29 09:30:00,68.549,67.994705
2025-08-29 10:30:00,80.365,79.479645
2025-08-29 11:30:00,92.244,82.475136
2025-08-29 12:30:00,99.883,87.409
2025-08-29 13:30:00,88.601,85.728516
2025-08-29 14:30:00,68.371,70.07628
2025-08-29 15:30:00,48.301,47.729885
2025-08-29 16:30:00,23.631,26.177868
2025-08-29 17:30:00,3.6579999999999995,5.2246614
2025-08-29 18:30:00,0.0,0.66443413
2025-08-29 19:30:00,0.0,-0.51563275
2025-08-29 20:30:00,0.0,-0.6944675
2025-08-29 21:30:00,0.0,-0.3794186
2025-08-29 22:30:00,0.0,0.019608362
2025-08-29 23:30:00,0.0,-0.6638731
2025-08-30 00:30:00,0.0,-0.59461874
2025-08-30 01:30:00,0.0,-0.7061922
2025-08-30 02:30:00,0.0,-0.20614226
2025-08-30 03:30:00,0.0,0.7317936
2025-08-30 04:30:00,0.0,0.9862983
2025-08-30 05:30:00,0.721,3.2073393
2025-08-30 06:30:00,13.776,10.150415
2025-08-30 07:30:00,36.373,34.98294
2025-08-30 08:30:00,60.321,58.642166
2025-08-30 09:30:00,78.076,79.12207
2025-08-30 10:30:00,93.27,88.18124
2025-08-30 11:30:00,104.128,94.50641
2025-08-30 12:30:00,99.39,95.281876
2025-08-30 13:30:00,84.66,85.242325
2025-08-30 14:30:00,69.507,67.4812
2025-08-30 15:30:00,50.644,47.526783
2025-08-30 16:30:00,24.951,25.218512
2025-08-30 17:30:00,3.916,5.0818257
2025-08-30 18:30:00,0.0,0.76969177
2025-08-30 19:30:00,0.0,-0.31483623
2025-08-30 20:30:00,0.0,-0.5956042
2025-08-30 21:30:00,0.0,-0.29745752
2025-08-30 22:30:00,0.0,0.15715638
2025-08-30 23:30:00,0.0,-0.5698713
2025-08-31 00:30:00,0.0,-0.5303284
2025-08-31 01:30:00,0.0,-0.7302505
2025-08-31 02:30:00,0.0,-0.23127909
2025-08-31 03:30:00,0.0,0.67125547
2025-08-31 04:30:00,0.0,0.79241365
2025-08-31 05:30:00,0.469,2.6463149
2025-08-31 06:30:00,9.279,9.268218
2025-08-31 07:30:00,24.751,28.125372
2025-08-31 08:30:00,43.037,44.34959
2025-08-31 09:30:00,52.036,60.745132
2025-08-31 10:30:00,54.866,63.870358
2025-08-31 11:30:00,66.031,63.25609
2025-08-31 12:30:00,69.062,64.97887
2025-08-31 13:30:00,72.211,61.895977
2025-08-31 14:30:00,55.14,56.891994
2025-08-31 15:30:00,32.621,38.694
2025-08-31 16:30:00,16.417,16.062674
2025-08-31 17:30:00,2.847,4.322554
2025-08-31 18:30:00,0.0,1.0556808
2025-08-31 19:30:00,0.0,0.082534105
2025-08-31 20:30:00,0.0,-0.29933962
2025-08-31 21:30:00,0.0,-0.23956665
2025-08-31 22:30:00,0.0,0.034696773
2025-08-31 23:30:00,0.0,-0.61961293
2025-09-01 00:30:00,0.0,-0.6034417
2025-09-01 01:30:00,0.0,-0.7240448
2025-09-01 02:30:00,0.0,-0.20540275
2025-09-01 03:30:00,0.0,0.60641
2025-09-01 04:30:00,0.0,1.1745197
2025-09-01 05:30:00,0.69,2.6999984
2025-09-01 06:30:00,12.028,7.774931
2025-09-01 07:30:00,31.21,28.611828
2025-09-01 08:30:00,51.199,49.155125
2025-09-01 09:30:00,52.263,65.74979
2025-09-01 10:30:00,65.736,63.175888
2025-09-01 11:30:00,71.067,69.47331
2025-09-01 12:30:00,60.647999999999996,67.38873
2025-09-01 13:30:00,34.18,51.97599
2025-09-01 14:30:00,30.795,28.16027
2025-09-01 15:30:00,20.356,18.425196
2025-09-01 16:30:00,10.631,7.105664
2025-09-01 17:30:00,1.586,3.584051
2025-09-01 18:30:00,0.0,1.1970946
2025-09-01 19:30:00,0.0,0.5937118
2025-09-01 20:30:00,0.0,0.15421538
2025-09-01 21:30:00,0.0,0.1519712
2025-09-01 22:30:00,0.0,0.3786313
2025-09-01 23:30:00,0.0,-0.43679968
2025-09-02 00:30:00,0.0,-0.40724197
2025-09-02 01:30:00,0.0,-0.58291537
2025-09-02 02:30:00,0.0,-0.3574602
2025-09-02 03:30:00,0.0,0.39983824
2025-09-02 04:30:00,0.0,1.161087
2025-09-02 05:30:00,0.704,2.8740022
2025-09-02 06:30:00,12.079,8.738107
2025-09-02 07:30:00,29.989999999999995,28.290453
2025-09-02 08:30:00,49.411,47.165024
2025-09-02 09:30:00,66.275,62.46439
2025-09-02 10:30:00,83.576,73.77332
2025-09-02 11:30:00,83.355,83.630135
2025-09-02 12:30:00,73.849,77.53373
2025-09-02 13:30:00,65.688,63.88099
2025-09-02 14:30:00,50.643,50.045345
2025-09-02 15:30:00,34.944,33.10969
2025-09-02 16:30:00,16.197,15.76454
2025-09-02 17:30:00,2.572,3.6737888
2025-09-02 18:30:00,0.0,0.73047674
2025-09-02 19:30:00,0.0,-0.07734722
2025-09-02 20:30:00,0.0,-0.43246418
2025-09-02 21:30:00,0.0,-0.2832538
2025-09-02 22:30:00,0.0,0.09346891
2025-09-02 23:30:00,0.0,-0.6402554
2025-09-03 00:30:00,0.0,-0.5308689
2025-09-03 01:30:00,0.0,-0.46359572
2025-09-03 02:30:00,0.0,-0.47929898
2025-09-03 03:30:00,0.0,0.3238556
2025-09-03 04:30:00,0.0,0.6904932
2025-09-03 05:30:00,0.434,2.720167
2025-09-03 06:30:00,9.105,8.96087
2025-09-03 07:30:00,22.953,25.677078
2025-09-03 08:30:00,39.78,40.729275
2025-09-03 09:30:00,47.883,55.51235
2025-09-03 10:30:00,53.827,59.061573
2025-09-03 11:30:00,50.063,60.656616
2025-09-03 12:30:00,41.115,52.532936
2025-09-03 13:30:00,43.175,39.42011
2025-09-03 14:30:00,31.601,35.293163
2025-09-03 15:30:00,26.193,21.662645
2025-09-03 16:30:00,11.922,11.61702
2025-09-03 17:30:00,1.9040000000000001,4.3025646
2025-09-03 18:30:00,0.0,1.4397594
2025-09-03 19:30:00,0.0,0.55358994
2025-09-03 20:30:00,0.0,-0.100418344
2025-09-03 21:30:00,0.0,-0.18683706
2025-09-03 22:30:00,0.0,-0.10708853
2025-09-03 23:30:00,0.0,-0.8901873
2025-09-04 00:30:00,0.0,-0.86755854
2025-09-04 01:30:00,0.0,-0.73181576
2025-09-04 02:30:00,0.0,-0.74181974
2025-09-04 03:30:00,0.0,0.042450625
2025-09-04 04:30:00,0.0,0.5856275
2025-09-04 05:30:00,0.727,2.5169451
2025-09-04 06:30:00,13.205,7.67471
2025-09-04 07:30:00,35.078,29.014751
2025-09-04 08:30:00,59.654999999999994,53.453674
2025-09-04 09:30:00,77.506,74.85483
2025-09-04 10:30:00,82.021,84.83793
2025-09-04 11:30:00,74.411,82.78617
2025-09-04 12:30:00,68.429,70.69521
2025-09-04 13:30:00,66.948,58.43288
2025-09-04 14:30:00,59.736000000000004,49.259235
2025-09-04 15:30:00,43.112,40.186386
2025-09-04 16:30:00,20.594,23.484882
2025-09-04 17:30:00,3.235,4.8576155
2025-09-04 18:30:00,0.0,0.9219482
2025-09-04 19:30:00,0.0,-0.16853438
2025-09-04 20:30:00,0.0,-0.46996874
2025-09-04 21:30:00,0.0,-0.2994771
2025-09-04 22:30:00,0.0,0.028355353
2025-09-04 23:30:00,0.0,-0.7102006
2025-09-05 00:30:00,0.0,-0.58840626
2025-09-05 01:30:00,0.0,-0.45594776
2025-09-05 02:30:00,0.0,-0.16683161
2025-09-05 03:30:00,0.0,0.5340704
2025-09-05 04:30:00,0.0,0.80024433
2025-09-05 05:30:00,0.614,2.9065282
2025-09-05 06:30:00,11.936,9.379725
2025-09-05 07:30:00,30.779,30.628317
2025-09-05 08:30:00,51.599,51.360027
2025-09-05 09:30:00,77.029,67.63251
2025-09-05 10:30:00,96.061,86.501755
2025-09-05 11:30:00,102.802,95.90183
2025-09-05 12:30:00,97.269,95.5203
2025-09-05 13:30:00,84.895,84.45699
2025-09-05 14:30:00,69.306,66.73121
2025-09-05 15:30:00,45.957,47.83172
2025-09-05 16:30:00,22.206,23.170961
2025-09-05 17:30:00,2.963,4.6594057
2025-09-05 18:30:00,0.0,0.5253003
2025-09-05 19:30:00,0.0,-0.46797988
2025-09-05 20:30:00,0.0,-0.61040395
2025-09-05 21:30:00,0.0,-0.28637412
2025-09-05 22:30:00,0.0,-0.048310418
2025-09-05 23:30:00,0.0,-0.6876436
2025-09-06 00:30:00,0.0,-0.56192446
2025-09-06 01:30:00,0.0,-0.6520459
2025-09-06 02:30:00,0.0,-0.16502294
2025-09-06 03:30:00,0.0,0.60699755
2025-09-06 04:30:00,0.0,0.7577177
2025-09-06 05:30:00,0.583,2.9850028
2025-09-06 06:30:00,13.315,10.000443
2025-09-06 07:30:00,35.125,34.202667
2025-09-06 08:30:00,61.928000000000004,57.279617
2025-09-06 09:30:00,82.378,79.933945
2025-09-06 10:30:00,96.254,92.438835
2025-09-06 11:30:00,103.851,97.927315
2025-09-06 12:30:00,99.61,95.79048
2025-09-06 13:30:00,85.225,86.0157
2025-09-06 14:30:00,71.013,67.56403
2025-09-06 15:30:00,47.134,49.061523
2025-09-06 16:30:00,20.436,23.296566
2025-09-06 17:30:00,2.61,4.3193345
2025-09-06 18:30:00,0.0,0.60807437
2025-09-06 19:30:00,0.0,-0.22535013
2025-09-06 20:30:00,0.0,-0.40902415
2025-09-06 21:30:00,0.0,-0.12912808
2025-09-06 22:30:00,0.0,0.039091192
2025-09-06 23:30:00,0.0,-0.5941482
2025-09-07 00:30:00,0.0,-0.57032645
2025-09-07 01:30:00,0.0,-0.8425831
2025-09-07 02:30:00,0.0,-0.4323361
2025-09-07 03:30:00,0.0,0.3746348
2025-09-07 04:30:00,0.0,0.6176924
2025-09-07 05:30:00,0.536,2.6008935
2025-09-07 06:30:00,10.994,9.424271
2025-09-07 07:30:00,27.268,29.912794
2025-09-07 08:30:00,46.958,47.81265
2025-09-07 09:30:00,74.843,63.036427
2025-09-07 10:30:00,90.954,85.50972
2025-09-07 11:30:00,102.838,93.63874
2025-09-07 12:30:00,88.314,95.57655
2025-09-07 13:30:00,78.146,77.784
2025-09-07 14:30:00,59.75399999999999,61.516876
2025-09-07 15:30:00,41.41,40.08213
2025-09-07 16:30:00,17.908,19.09325
2025-09-07 17:30:00,2.236,4.1723957
2025-09-07 18:30:00,0.0,0.64573604
2025-09-07 19:30:00,0.0,-0.13051489
2025-09-07 20:30:00,0.0,-0.29745838
2025-09-07 21:30:00,0.0,-0.110614486
2025-09-07 22:30:00,0.0,0.09038616
2025-09-07 23:30:00,0.0,-0.6566521
2025-09-08 00:30:00,0.0,-0.64110166
2025-09-08 01:30:00,0.0,-0.939648
2025-09-08 02:30:00,0.0,-0.64044243
2025-09-08 03:30:00,0.0,0.19745077
2025-09-08 04:30:00,0.0,0.55271804
2025-09-08 05:30:00,0.61,2.3898058
2025-09-08 06:30:00,12.392,8.702622
2025-09-08 07:30:00,32.854,31.826216
2025-09-08 08:30:00,55.977,54.923855
2025-09-08 09:30:00,79.719,73.87345
2025-09-08 10:30:00,97.136,89.29399
2025-09-08 11:30:00,100.432,97.94203
2025-09-08 12:30:00,88.068,93.81432
2025-09-08 13:30:00,73.93,76.47334
2025-09-08 14:30:00,67.134,57.771694
2025-09-08 15:30:00,45.221,45.84928
2025-09-08 16:30:00,20.302,22.528894
2025-09-08 17:30:00,2.586,4.271018
2025-09-08 18:30:00,0.0,0.42617485
2025-09-08 19:30:00,0.0,-0.38210088
2025-09-08 20:30:00,0.0,-0.5121666
2025-09-08 21:30:00,0.0,-0.20927113
2025-09-08 22:30:00,0.0,0.04658032
2025-09-08 23:30:00,0.0,-0.598973
2025-09-09 00:30:00,0.0,-0.5536975
2025-09-09 01:30:00,0.0,-0.68319875
2025-09-09 02:30:00,0.0,-0.46870062
2025-09-09 03:30:00,0.0,0.23289134
2025-09-09 04:30:00,0.0,0.5416312
2025-09-09 05:30:00,0.707,2.8182325
2025-09-09 06:30:00,12.511,10.101216
2025-09-09 07:30:00,31.108999999999998,33.77297
2025-09-09 08:30:00,50.396,54.433704
2025-09-09 09:30:00,79.174,69.809006
2025-09-09 10:30:00,94.157,91.01504
2025-09-09 11:30:00,96.065,97.34255
2025-09-09 12:30:00,90.724,92.15498
2025-09-09 13:30:00,75.02,79.46762
2025-09-09 14:30:00,54.728,58.25135
2025-09-09 15:30:00,36.918,34.52668
2025-09-09 16:30:00,18.645,14.453679
2025-09-09 17:30:00,2.401,3.6955893
2025-09-09 18:30:00,0.0,0.30966982
2025-09-09 19:30:00,0.0,-0.39765212
2025-09-09 20:30:00,0.0,-0.5546633
2025-09-09 21:30:00,0.0,-0.24924189
2025-09-09 22:30:00,0.0,0.062292967
2025-09-09 23:30:00,0.0,-0.58995444
2025-09-10 00:30:00,0.0,-0.46466145
2025-09-10 01:30:00,0.0,-0.42975545
2025-09-10 02:30:00,0.0,-0.40518138
2025-09-10 03:30:00,0.0,0.28929633
2025-09-10 04:30:00,0.0,0.5752204
2025-09-10 05:30:00,0.572,2.7517142
2025-09-10 06:30:00,10.235,9.285678
2025-09-10 07:30:00,30.642999999999997,29.28628
2025-09-10 08:30:00,52.076,52.115517
2025-09-10 09:30:00,74.834,70.064095
2025-09-10 10:30:00,90.134,86.51212
2025-09-10 11:30:00,102.795,91.95208
2025-09-10 12:30:00,96.785,95.208885
2025-09-10 13:30:00,84.467,83.61212
2025-09-10 14:30:00,63.653,66.72118
2025-09-10 15:30:00,44.098,42.09234
2025-09-10 16:30:00,18.056,20.91276
2025-09-10 17:30:00,2.045,3.5830142
2025-09-10 18:30:00,0.0,0.038540393
2025-09-10 19:30:00,0.0,-0.66022927
2025-09-10 20:30:00,0.0,-0.7430281
2025-09-10 21:30:00,0.0,-0.41913062
2025-09-10 22:30:00,0.0,-0.025438266
2025-09-10 23:30:00,0.0,-0.75490993
2025-09-11 00:30:00,0.0,-0.6740692
2025-09-11 01:30:00,0.0,-0.5275325
2025-09-11 02:30:00,0.0,-0.45925084
2025-09-11 03:30:00,0.0,0.44228116
2025-09-11 04:30:00,0.0,0.8063714
2025-09-11 05:30:00,0.658,3.0364122
2025-09-11 06:30:00,11.518,9.739438
2025-09-11 07:30:00,31.434999999999995,31.402716
2025-09-11 08:30:00,45.649,53.63764
2025-09-11 09:30:00,64.096,63.719826
2025-09-11 10:30:00,82.719,75.840385
2025-09-11 11:30:00,84.03,85.7392
2025-09-11 12:30:00,90.587,82.687065
2025-09-11 13:30:00,69.57,79.73042
2025-09-11 14:30:00,56.763,54.3467
2025-09-11 15:30:00,37.448,36.550335
2025-09-11 16:30:00,17.403,16.911526
2025-09-11 17:30:00,2.104,4.1290603
2025-09-11 18:30:00,0.0,0.62278706
2025-09-11 19:30:00,0.0,-0.2425196
2025-09-11 20:30:00,0.0,-0.54682153
2025-09-11 21:30:00,0.0,-0.31026077
2025-09-11 22:30:00,0.0,-0.024852457
2025-09-11 23:30:00,0.0,-0.75930095
2025-09-12 00:30:00,0.0,-0.6955563
2025-09-12 01:30:00,0.0,-0.6639943
2025-09-12 02:30:00,0.0,-0.3941535
2025-09-12 03:30:00,0.0,0.28930315
2025-09-12 04:30:00,0.0,0.7410888
2025-09-12 05:30:00,0.613,2.8107479
2025-09-12 06:30:00,12.146,9.3850155
2025-09-12 07:30:00,32.283,30.546495
2025-09-12 08:30:00,54.911,51.875168
2025-09-12 09:30:00,72.532,71.6528
2025-09-12 10:30:00,88.449,83.19528
2025-09-12 11:30:00,94.961,89.44989
2025-09-12 12:30:00,81.59,88.22288
2025-09-12 13:30:00,65.826,70.32691
2025-09-12 14:30:00,49.956,49.781166
2025-09-12 15:30:00,28.228,31.9108
2025-09-12 16:30:00,13.486,11.15182
2025-09-12 17:30:00,1.902,3.578869
2025-09-12 18:30:00,0.0,0.76552707
2025-09-12 19:30:00,0.0,-0.0066582346
2025-09-12 20:30:00,0.0,-0.25481048
2025-09-12 21:30:00,0.0,-0.09023757
2025-09-12 22:30:00,0.0,0.19427921
2025-09-12 23:30:00,0.0,-0.5192057
2025-09-13 00:30:00,0.0,-0.48402557
2025-09-13 01:30:00,0.0,-0.61320406
2025-09-13 02:30:00,0.0,-0.12659527
2025-09-13 03:30:00,0.0,0.3928478
2025-09-13 04:30:00,0.0,0.6304777
2025-09-13 05:30:00,0.525,2.5357277
2025-09-13 06:30:00,8.03,8.920903
2025-09-13 07:30:00,20.444,25.537317
2025-09-13 08:30:00,26.903,38.295143
2025-09-13 09:30:00,46.715,43.41666
2025-09-13 10:30:00,60.20000000000001,58.328022
2025-09-13 11:30:00,49.687,65.755974
2025-09-13 12:30:00,38.397,52.093563
2025-09-13 13:30:00,30.043,36.89259
2025-09-13 14:30:00,28.64,24.511131
2025-09-13 15:30:00,19.881,16.297758
2025-09-13 16:30:00,8.871,7.2845054
2025-09-13 17:30:00,1.156,3.635631
2025-09-13 18:30:00,0.0,1.2936625
2025-09-13 19:30:00,0.0,0.65870756
2025-09-13 20:30:00,0.0,0.16985288
2025-09-13 21:30:00,0.0,0.07878441
2025-09-13 22:30:00,0.0,0.19373013
2025-09-13 23:30:00,0.0,-0.5536548
2025-09-14 00:30:00,0.0,-0.69003034
2025-09-14 01:30:00,0.0,-0.92178
2025-09-14 02:30:00,0.0,-0.5404613
2025-09-14 03:30:00,0.0,0.2474486
2025-09-14 04:30:00,0.0,0.9977609
2025-09-14 05:30:00,0.603,2.636129
2025-09-14 06:30:00,10.327,7.156688
2025-09-14 07:30:00,28.612,24.319456
2025-09-14 08:30:00,43.203,45.67399
2025-09-14 09:30:00,64.023,57.96381
2025-09-14 10:30:00,88.618,71.98993
2025-09-14 11:30:00,102.389,87.47024
2025-09-14 12:30:00,94.685,91.11067
2025-09-14 13:30:00,75.153,79.730225
2025-09-14 14:30:00,61.508,57.65259
2025-09-14 15:30:00,38.549,38.749203
2025-09-14 16:30:00,17.823,15.498104
2025-09-14 17:30:00,2.028,3.3994718
2025-09-14 18:30:00,0.0,0.23408602
2025-09-14 19:30:00,0.0,-0.386766
2025-09-14 20:30:00,0.0,-0.45116308
2025-09-14 21:30:00,0.0,-0.19099835
2025-09-14 22:30:00,0.0,0.21442641
2025-09-14 23:30:00,0.0,-0.44266972
2025-09-15 00:30:00,0.0,-0.35771126
2025-09-15 01:30:00,0.0,-0.5998415
2025-09-15 02:30:00,0.0,-0.105250835
2025-09-15 03:30:00,0.0,0.71605104
2025-09-15 04:30:00,0.0,1.039998
2025-09-15 05:30:00,0.676,2.8752677
2025-09-15 06:30:00,12.949,9.541793
2025-09-15 07:30:00,33.443,31.779427
2025-09-15 08:30:00,49.512,53.774963
2025-09-15 09:30:00,75.947,66.23328
2025-09-15 10:30:00,91.674,85.379715
2025-09-15 11:30:00,97.162,93.61053
2025-09-15 12:30:00,90.224,89.80667
2025-09-15 13:30:00,77.463,79.54636
2025-09-15 14:30:00,59.275000000000006,58.52329
2025-09-15 15:30:00,39.419,37.459263
2025-09-15 16:30:00,17.682,19.449026
2025-09-15 17:30:00,2.027,3.949908
2025-09-15 18:30:00,0.0,0.39848045
2025-09-15 19:30:00,0.0,-0.25083706
2025-09-15 20:30:00,0.0,-0.35029215
2025-09-15 21:30:00,0.0,-0.07483832
2025-09-15 22:30:00,0.0,0.050163485
2025-09-15 23:30:00,0.0,-0.7422322
2025-09-16 00:30:00,0.0,-0.84289396
2025-09-16 01:30:00,0.0,-1.2111915
2025-09-16 02:30:00,0.0,-1.3702172
2025-09-16 03:30:00,0.0,-0.4640543
2025-09-16 04:30:00,0.0,-0.049144723
2025-09-16 05:30:00,0.369,1.9189541
2025-09-16 06:30:00,8.139,7.8820605
2025-09-16 07:30:00,22.531,24.692284
2025-09-16 08:30:00,36.308,34.96186
2025-09-16 09:30:00,34.37,52.13828
2025-09-16 10:30:00,49.373,48.193794
2025-09-16 11:30:00,49.142,57.975334
2025-09-16 12:30:00,61.071000000000005,52.661243
2025-09-16 13:30:00,55.707,56.496334
2025-09-16 14:30:00,56.61,43.797615
2025-09-16 15:30:00,38.941,40.12497
2025-09-16 16:30:00,17.986,22.109402
2025-09-16 17:30:00,2.001,4.9357758
2025-09-16 18:30:00,0.0,0.75184256
2025-09-16 19:30:00,0.0,-0.17755379
2025-09-16 20:30:00,0.0,-0.5589749
2025-09-16 21:30:00,0.0,-0.39580417
2025-09-16 22:30:00,0.0,-0.059604738
2025-09-16 23:30:00,0.0,-0.7993921
2025-09-17 00:30:00,0.0,-0.7713211
2025-09-17 01:30:00,0.0,-0.82452554
2025-09-17 02:30:00,0.0,-0.93498886
2025-09-17 03:30:00,0.0,-0.20311245
2025-09-17 04:30:00,0.0,0.25721607
2025-09-17 05:30:00,0.329,1.9803548
2025-09-17 06:30:00,8.131,6.2463174
2025-09-17 07:30:00,24.455,21.159122
2025-09-17 08:30:00,48.964,39.6382
2025-09-17 09:30:00,65.371,65.06984
2025-09-17 10:30:00,75.632,74.21181
2025-09-17 11:30:00,90.631,77.0685
2025-09-17 12:30:00,88.279,82.772385
2025-09-17 13:30:00,77.188,73.13418
2025-09-17 14:30:00,59.61099999999999,58.786926
2025-09-17 15:30:00,36.931,37.191917
2025-09-17 16:30:00,16.785,15.780443
2025-09-17 17:30:00,1.711,3.6908875
2025-09-17 18:30:00,0.0,0.22553629
2025-09-17 19:30:00,0.0,-0.39546603
2025-09-17 20:30:00,0.0,-0.5192621
2025-09-17 21:30:00,0.0,-0.22707254
2025-09-17 22:30:00,0.0,0.15210783
2025-09-17 23:30:00,0.0,-0.53351873
2025-09-18 00:30:00,0.0,-0.47891727
2025-09-18 01:30:00,0.0,-0.3850154
2025-09-18 02:30:00,0.0,-0.35416055
2025-09-18 03:30:00,0.0,0.07454713
2025-09-18 04:30:00,0.0,0.45630044
2025-09-18 05:30:00,0.725,2.4742613
2025-09-18 06:30:00,13.859,8.623521
2025-09-18 07:30:00,37.872,35.065483
2025-09-18 08:30:00,64.299,60.637836
2025-09-18 09:30:00,82.766,81.73378
2025-09-18 10:30:00,95.89,92.21616
2025-09-18 11:30:00,107.374,95.02513
2025-09-18 12:30:00,98.806,95.42848
2025-09-18 13:30:00,80.184,83.19089
2025-09-18 14:30:00,58.355,61.770966
2025-09-18 15:30:00,36.091,36.767418
2025-09-18 16:30:00,16.275,13.930357
2025-09-18 17:30:00,1.262,3.0669193
2025-09-18 18:30:00,0.0,0.014985939
2025-09-18 19:30:00,0.0,-0.47748262
2025-09-18 20:30:00,0.0,-0.5132972
2025-09-18 21:30:00,0.0,-0.18552369
2025-09-18 22:30:00,0.0,0.13009988
2025-09-18 23:30:00,0.0,-0.62019956
2025-09-19 00:30:00,0.0,-0.72833335
2025-09-19 01:30:00,0.0,-0.83177555
2025-09-19 02:30:00,0.0,-0.82342136
2025-09-19 03:30:00,0.0,-0.43771598
2025-09-19 04:30:00,0.0,-0.2354233
2025-09-19 05:30:00,0.694,1.8501823
2025-09-19 06:30:00,11.617,7.6058674
2025-09-19 07:30:00,30.453999999999997,30.454075
2025-09-19 08:30:00,43.009,51.37869
2025-09-19 09:30:00,58.644000000000005,59.30261
2025-09-19 10:30:00,72.862,69.797195
2025-09-19 11:30:00,62.41799999999999,76.02737
2025-09-19 12:30:00,64.724,60.83932
2025-09-19 13:30:00,50.218,54.725574
2025-09-19 14:30:00,42.546,38.25356
2025-09-19 15:30:00,22.729,27.888018
2025-09-19 16:30:00,10.445,9.706689
2025-09-19 17:30:00,0.9289999999999999,3.7041955
2025-09-19 18:30:00,0.0,0.99622375
2025-09-19 19:30:00,0.0,0.36406976
2025-09-19 20:30:00,0.0,0.012521444
2025-09-19 21:30:00,0.0,0.10678197
2025-09-19 22:30:00,0.0,0.38618702
2025-09-19 23:30:00,0.0,-0.3639041
2025-09-20 00:30:00,0.0,-0.4780411
2025-09-20 01:30:00,0.0,-0.6576725
2025-09-20 02:30:00,0.0,-0.2432856
2025-09-20 03:30:00,0.0,0.49902347
2025-09-20 04:30:00,0.0,0.7699599
2025-09-20 05:30:00,0.331,2.6408975
2025-09-20 06:30:00,8.133,7.8777556
2025-09-20 07:30:00,21.332,22.711395
2025-09-20 08:30:00,36.404,37.080578
2025-09-20 09:30:00,71.163,49.60392
2025-09-20 10:30:00,87.001,77.395
2025-09-20 11:30:00,83.5,87.16922
2025-09-20 12:30:00,77.074,79.584915
2025-09-20 13:30:00,66.393,66.6209
2025-09-20 14:30:00,48.112,50.44279
2025-09-20 15:30:00,29.112999999999996,29.824974
2025-09-20 16:30:00,13.301,10.80677
2025-09-20 17:30:00,1.223,3.2105126
2025-09-20 18:30:00,0.0,0.5067355
2025-09-20 19:30:00,0.0,-0.072829835
2025-09-20 20:30:00,0.0,-0.25983256
2025-09-20 21:30:00,0.0,-0.044521447
2025-09-20 22:30:00,0.0,0.26413903
2025-09-20 23:30:00,0.0,-0.47995567
2025-09-21 00:30:00,0.0,-0.4897009
2025-09-21 01:30:00,0.0,-0.75679034
2025-09-21 02:30:00,0.0,-0.3075264
2025-09-21 03:30:00,0.0,0.5060583
2025-09-21 04:30:00,0.0,0.85221565
2025-09-21 05:30:00,0.618,2.6376781
2025-09-21 06:30:00,12.259,8.284757
2025-09-21 07:30:00,31.369,29.43988
2025-09-21 08:30:00,54.11,51.9644
2025-09-21 09:30:00,76.544,68.90641
2025-09-21 10:30:00,76.939,83.86262
2025-09-21 11:30:00,78.316,78.849625
2025-09-21 12:30:00,67.692,71.594734
2025-09-21 13:30:00,59.113,56.061867
2025-09-21 14:30:00,47.921,42.424255
2025-09-21 15:30:00,28.961000000000002,29.668308
2025-09-21 16:30:00,13.732,11.930903
2025-09-21 17:30:00,1.39,3.5660462
2025-09-21 18:30:00,0.0,0.7153055
2025-09-21 19:30:00,0.0,0.1524904
2025-09-21 20:30:00,0.0,-0.04253004
2025-09-21 21:30:00,0.0,0.15301985
2025-09-21 22:30:00,0.0,0.44517094
2025-09-21 23:30:00,0.0,-0.39203316
2025-09-22 00:30:00,0.0,-0.44047335
2025-09-22 01:30:00,0.0,-0.75260425
2025-09-22 02:30:00,0.0,-0.39981943
2025-09-22 03:30:00,0.0,0.3174049
2025-09-22 04:30:00,0.0,0.7727105
2025-09-22 05:30:00,0.332,2.5761178
2025-09-22 06:30:00,9.78,7.9580626
2025-09-22 07:30:00,25.885,26.042618
2025-09-22 08:30:00,47.103,42.306675
2025-09-22 09:30:00,63.477999999999994,61.268974
2025-09-22 10:30:00,81.989,71.6448
2025-09-22 11:30:00,78.935,81.925606
2025-09-22 12:30:00,75.409,74.15923
2025-09-22 13:30:00,66.392,64.45646
2025-09-22 14:30:00,52.973,49.048676
2025-09-22 15:30:00,32.724,33.334095
2025-09-22 16:30:00,14.420000000000002,14.350224
2025-09-22 17:30:00,1.453,3.5857828
2025-09-22 18:30:00,0.0,0.6466182
2025-09-22 19:30:00,0.0,-0.040292695
2025-09-22 20:30:00,0.0,-0.24485089
2025-09-22 21:30:00,0.0,-0.04399456
2025-09-22 22:30:00,0.0,0.29211095
2025-09-22 23:30:00,0.0,-0.45998865
2025-09-23 00:30:00,0.0,-0.43662974
2025-09-23 01:30:00,0.0,-0.6687773
2025-09-23 02:30:00,0.0,-0.52762306
2025-09-23 03:30:00,0.0,0.010074028
2025-09-23 04:30:00,0.0,0.40136254
2025-09-23 05:30:00,0.404,2.3232322
2025-09-23 06:30:00,8.608,8.367868
2025-09-23 07:30:00,26.695,25.362894
2025-09-23 08:30:00,44.002,44.56701
2025-09-23 09:30:00,67.135,58.89325
2025-09-23 10:30:00,78.071,76.51241
2025-09-23 11:30:00,77.277,80.32519
2025-09-23 12:30:00,84.362,73.595055
2025-09-23 13:30:00,78.638,70.91352
2025-09-23 14:30:00,62.597,62.301575
2025-09-23 15:30:00,40.036,42.31972
2025-09-23 16:30:00,17.386,20.523548
2025-09-23 17:30:00,1.544,3.9464068
2025-09-23 18:30:00,0.0,0.2962526
2025-09-23 19:30:00,0.0,-0.37643492
2025-09-23 20:30:00,0.0,-0.56527025
2025-09-23 21:30:00,0.0,-0.2703848
2025-09-23 22:30:00,0.0,0.17357695
2025-09-23 23:30:00,0.0,-0.5499726
2025-09-24 00:30:00,0.0,-0.49351552
2025-09-24 01:30:00,0.0,-0.49663156
2025-09-24 02:30:00,0.0,-0.45549345
2025-09-24 03:30:00,0.0,0.17209962
2025-09-24 04:30:00,0.0,0.51058424
2025-09-24 05:30:00,0.447,2.594463
2025-09-24 06:30:00,11.195,8.699176
2025-09-24 07:30:00,29.717999999999996,28.987848
2025-09-24 08:30:00,51.347,48.96986
2025-09-24 09:30:00,76.229,67.69841
2025-09-24 10:30:00,85.948,84.23375
2025-09-24 11:30:00,87.682,87.83851
2025-09-24 12:30:00,85.853,81.547325
2025-09-24 13:30:00,68.146,73.57829
2025-09-24 14:30:00,53.001,52.501812
2025-09-24 15:30:00,31.809000000000005,36.03168
2025-09-24 16:30:00,12.933,15.395041
2025-09-24 17:30:00,0.94,3.5535667
2025-09-24 18:30:00,0.0,0.47229916
2025-09-24 19:30:00,0.0,-0.09223922
2025-09-24 20:30:00,0.0,-0.3242877
2025-09-24 21:30:00,0.0,-0.13445331
2025-09-24 22:30:00,0.0,0.26132783
2025-09-24 23:30:00,0.0,-0.49074274
2025-09-25 00:30:00,0.0,-0.4772051
2025-09-25 01:30:00,0.0,-0.3973601
2025-09-25 02:30:00,0.0,-0.32133222
2025-09-25 03:30:00,0.0,0.38796407
2025-09-25 04:30:00,0.0,0.7380667
2025-09-25 05:30:00,0.747,2.7241027
2025-09-25 06:30:00,15.805,9.155433
2025-09-25 07:30:00,41.239,37.09211
2025-09-25 08:30:00,65.451,65.20278
2025-09-25 09:30:00,89.34,83.95086
2025-09-25 10:30:00,102.133,97.683044
2025-09-25 11:30:00,95.982,101.38806
2025-09-25 12:30:00,86.232,90.75628
2025-09-25 13:30:00,72.32,74.82439
2025-09-25 14:30:00,58.354,54.86923
2025-09-25 15:30:00,34.9,37.10864
2025-09-25 16:30:00,14.836000000000002,14.881176
2025-09-25 17:30:00,0.844,3.3887632
2025-09-25 18:30:00,0.0,0.24273907
2025-09-25 19:30:00,0.0,-0.31291142
2025-09-25 20:30:00,0.0,-0.40602764
2025-09-25 21:30:00,0.0,-0.09564904
2025-09-25 22:30:00,0.0,0.28529644
2025-09-25 23:30:00,0.0,-0.43654263
2025-09-26 00:30:00,0.0,-0.37428042
2025-09-26 01:30:00,0.0,-0.33703718
2025-09-26 02:30:00,0.0,-0.0008616338
2025-09-26 03:30:00,0.0,0.5322412
2025-09-26 04:30:00,0.0,0.72120804
2025-09-26 05:30:00,0.8,2.9543033
2025-09-26 06:30:00,15.226999999999999,9.839345
2025-09-26 07:30:00,39.134,37.696743
2025-09-26 08:30:00,63.45099999999999,59.45832
2025-09-26 09:30:00,83.755,81.27842
2025-09-26 10:30:00,93.712,91.49559
2025-09-26 11:30:00,93.042,94.24744
2025-09-26 12:30:00,84.429,84.63008
2025-09-26 13:30:00,68.337,71.98427
2025-09-26 14:30:00,56.104,49.97908
2025-09-26 15:30:00,34.395,36.596416
2025-09-26 16:30:00,14.937,15.399989
2025-09-26 17:30:00,1.365,3.725844
2025-09-26 18:30:00,0.0,0.67270035
2025-09-26 19:30:00,0.0,-0.021617701
2025-09-26 20:30:00,0.0,-0.25792912
2025-09-26 21:30:00,0.0,-0.015852695
2025-09-26 22:30:00,0.0,0.35178998
2025-09-26 23:30:00,0.0,-0.376072
2025-09-27 00:30:00,0.0,-0.34348702
2025-09-27 01:30:00,0.0,-0.48036897
2025-09-27 02:30:00,0.0,0.024431461
2025-09-27 03:30:00,0.0,0.5178607
2025-09-27 04:30:00,0.0,0.6420043
2025-09-27 05:30:00,0.753,2.8144164
2025-09-27 06:30:00,15.415999999999999,9.583159
2025-09-27 07:30:00,40.455,35.944374
2025-09-27 08:30:00,66.626,61.74722
2025-09-27 09:30:00,85.174,82.351845
2025-09-27 10:30:00,99.001,92.7202
2025-09-27 11:30:00,99.221,97.21145
2025-09-27 12:30:00,86.027,91.91675
2025-09-27 13:30:00,77.623,74.61131
2025-09-27 14:30:00,68.005,60.177837
2025-09-27 15:30:00,42.178,46.468906
2025-09-27 16:30:00,18.424,19.975266
2025-09-27 17:30:00,1.218,4.130284
2025-09-27 18:30:00,0.0,0.55154216
2025-09-27 19:30:00,0.0,-0.07085892
2025-09-27 20:30:00,0.0,-0.2286011
2025-09-27 21:30:00,0.0,0.054457992
2025-09-27 22:30:00,0.0,0.48211274
2025-09-27 23:30:00,0.0,-0.17408077
2025-09-28 00:30:00,0.0,-0.2186304
2025-09-28 01:30:00,0.0,-0.5248443
2025-09-28 02:30:00,0.0,-0.12641168
2025-09-28 03:30:00,0.0,0.7696508
2025-09-28 04:30:00,0.0,1.0072534
2025-09-28 05:30:00,0.819,2.9268284
2025-09-28 06:30:00,13.752,9.216292
2025-09-28 07:30:00,36.071,34.51348
2025-09-28 08:30:00,59.866,57.32768
2025-09-28 09:30:00,75.705,76.386
2025-09-28 10:30:00,86.742,84.5375
2025-09-28 11:30:00,88.098,87.54851
2025-09-28 12:30:00,87.845,82.250916
2025-09-28 13:30:00,68.191,75.1067
2025-09-28 14:30:00,52.769,52.330814
2025-09-28 15:30:00,32.528,34.36104
2025-09-28 16:30:00,13.622,14.373946
2025-09-28 17:30:00,1.005,3.5645826
2025-09-28 18:30:00,0.0,0.6825549
2025-09-28 19:30:00,0.0,0.0560062
2025-09-28 20:30:00,0.0,-0.16276681
2025-09-28 21:30:00,0.0,0.021115579
2025-09-28 22:30:00,0.0,0.3851042
2025-09-28 23:30:00,0.0,-0.36513463
2025-09-29 00:30:00,0.0,-0.35342103
2025-09-29 01:30:00,0.0,-0.649981
2025-09-29 02:30:00,0.0,-0.17848459
2025-09-29 03:30:00,0.0,0.61334664
2025-09-29 04:30:00,0.0,0.9793805
2025-09-29 05:30:00,0.746,2.8484683
2025-09-29 06:30:00,14.465999999999998,9.248947
2025-09-29 07:30:00,37.175,33.802376
2025-09-29 08:30:00,61.044,57.642227
2025-09-29 09:30:00,81.637,76.288315
2025-09-29 10:30:00,86.951,90.23443
2025-09-29 11:30:00,81.654,87.0804
2025-09-29 12:30:00,76.864,76.94
2025-09-29 13:30:00,69.581,64.53441
2025-09-29 14:30:00,52.311,51.45075
2025-09-29 15:30:00,31.544000000000004,34.16059
2025-09-29 16:30:00,12.738,13.224029
2025-09-29 17:30:00,0.953,3.372019
2025-09-29 18:30:00,0.0,0.5576487
2025-09-29 19:30:00,0.0,0.037813686
2025-09-29 20:30:00,0.0,-0.219884
2025-09-29 21:30:00,0.0,0.011554775
2025-09-29 22:30:00,0.0,0.3112257
2025-09-29 23:30:00,0.0,-0.4157063
2025-09-30 00:30:00,0.0,-0.37399435
2025-09-30 01:30:00,0.0,-0.52169496
2025-09-30 02:30:00,0.0,-0.30194247
2025-09-30 03:30:00,0.0,0.5003958
2025-09-30 04:30:00,0.0,0.8212327
2025-09-30 05:30:00,0.338,2.6720135
2025-09-30 06:30:00,8.671,8.829436
2025-09-30 07:30:00,22.122,25.860447
2025-09-30 08:30:00,38.359,39.63827
2025-09-30 09:30:00,60.111,53.35156
2025-09-30 10:30:00,67.768,70.0762
2025-09-30 11:30:00,72.022,72.33682
2025-09-30 12:30:00,74.955,71.079544
2025-09-30 13:30:00,59.40400000000001,67.94672
2025-09-30 14:30:00,45.739,47.462845
2025-09-30 15:30:00,28.906000000000002,30.455076
2025-09-30 16:30:00,11.83,12.130984
2025-09-30 17:30:00,0.891,3.4554257
2025-09-30 18:30:00,0.0,0.6238015
2025-09-30 19:30:00,0.0,0.048930384
2025-09-30 20:30:00,0.0,-0.24763647
2025-09-30 21:30:00,0.0,-0.12378407
2025-09-30 22:30:00,0.0,0.11848276
2025-09-30 23:30:00,0.0,-0.65947264
2025-10-01 00:30:00,0.0,-0.5981259
2025-10-01 01:30:00,0.0,-0.54768485
2025-10-01 02:30:00,0.0,-0.615929
2025-10-01 03:30:00,0.0,0.18821959
2025-10-01 04:30:00,0.0,0.7440648
2025-10-01 05:30:00,0.665,2.6116138
2025-10-01 06:30:00,11.57,8.516042
2025-10-01 07:30:00,31.271,28.123909
2025-10-01 08:30:00,52.426,50.855057
2025-10-01 09:30:00,58.517,69.231255
2025-10-01 10:30:00,58.762,68.72592
2025-10-01 11:30:00,68.65,64.13995
2025-10-01 12:30:00,61.05500000000001,65.130325
2025-10-01 13:30:00,53.214,53.14472
2025-10-01 14:30:00,45.192,41.4899
2025-10-01 15:30:00,27.172,30.823868
2025-10-01 16:30:00,11.413,12.901352
2025-10-01 17:30:00,0.733,3.7857697
2025-10-01 18:30:00,0.0,0.82910436
2025-10-01 19:30:00,0.0,0.1676625
2025-10-01 20:30:00,0.0,-0.24723084
2025-10-01 21:30:00,0.0,-0.1638257
2025-10-01 22:30:00,0.0,0.12979843
2025-10-01 23:30:00,0.0,-0.6830929
2025-10-02 00:30:00,0.0,-0.6932378
2025-10-02 01:30:00,0.0,-0.636972
2025-10-02 02:30:00,0.0,-0.6525916
2025-10-02 03:30:00,0.0,0.0594348
2025-10-02 04:30:00,0.0,0.62888765
2025-10-02 05:30:00,0.575,2.5756967
2025-10-02 06:30:00,11.477,8.094146
2025-10-02 07:30:00,30.392,28.178225
2025-10-02 08:30:00,51.711,47.910526
2025-10-02 09:30:00,71.076,66.703674
2025-10-02 10:30:00,75.226,80.88147
2025-10-02 11:30:00,85.472,78.43454
2025-10-02 12:30:00,87.579,78.3004
2025-10-02 13:30:00,71.813,78.621704
2025-10-02 14:30:00,56.685,54.44485
2025-10-02 15:30:00,35.226,39.302364
2025-10-02 16:30:00,14.907000000000002,16.46763
2025-10-02 17:30:00,1.079,3.7295892
2025-10-02 18:30:00,0.0,0.45095387
2025-10-02 19:30:00,0.0,-0.2046786
2025-10-02 20:30:00,0.0,-0.41040754
2025-10-02 21:30:00,0.0,-0.22484203
2025-10-02 22:30:00,0.0,-0.11956472
2025-10-02 23:30:00,0.0,-0.83387965
2025-10-03 00:30:00,0.0,-0.7424696
2025-10-03 01:30:00,0.0,-0.6317091
2025-10-03 02:30:00,0.0,-0.32601696
2025-10-03 03:30:00,0.0,0.4292448
2025-10-03 04:30:00,0.0,0.7591336
2025-10-03 05:30:00,0.508,2.775664
2025-10-03 06:30:00,8.253,9.009173
2025-10-03 07:30:00,22.461,25.989864
2025-10-03 08:30:00,39.544,40.732742
2025-10-03 09:30:00,61.79399999999999,51.129677
2025-10-03 10:30:00,69.754,71.51444
2025-10-03 11:30:00,85.187,73.142784
2025-10-03 12:30:00,81.668,80.48904
2025-10-03 13:30:00,58.934999999999995,71.9116
2025-10-03 14:30:00,50.763,45.434383
2025-10-03 15:30:00,32.388,33.773804
2025-10-03 16:30:00,13.162,15.812197
2025-10-03 17:30:00,0.923,3.9675095
2025-10-03 18:30:00,0.0,0.68541735
2025-10-03 19:30:00,0.0,0.066786446
2025-10-03 20:30:00,0.0,-0.18841685
2025-10-03 21:30:00,0.0,-0.025926724
2025-10-03 22:30:00,0.0,0.1699861
2025-10-03 23:30:00,0.0,-0.60594803
2025-10-04 00:30:00,0.0,-0.60778147
2025-10-04 01:30:00,0.0,-0.75671005
2025-10-04 02:30:00,0.0,-0.36792788
2025-10-04 03:30:00,0.0,0.30980816
2025-10-04 04:30:00,0.0,0.6724057
2025-10-04 05:30:00,0.53,2.640999
2025-10-04 06:30:00,6.447,8.912937
2025-10-04 07:30:00,15.584,21.875118
2025-10-04 08:30:00,30.46,30.940552
2025-10-04 09:30:00,53.393,44.737206
2025-10-04 10:30:00,76.802,63.08752
2025-10-04 11:30:00,88.712,79.227974
2025-10-04 12:30:00,90.896,84.397675
2025-10-04 13:30:00,84.294,79.386795
2025-10-04 14:30:00,66.235,70.930405
2025-10-04 15:30:00,42.557,47.327007
2025-10-04 16:30:00,17.25,20.199018
2025-10-04 17:30:00,0.948,3.7205784
2025-10-04 18:30:00,0.0,0.029723378
2025-10-04 19:30:00,0.0,-0.6173269
2025-10-04 20:30:00,0.0,-0.63835114
2025-10-04 21:30:00,0.0,-0.28920412
2025-10-04 22:30:00,0.0,0.12864816
2025-10-04 23:30:00,0.0,-0.5405817
2025-10-05 00:30:00,0.0,-0.5325879
2025-10-05 01:30:00,0.0,-0.7952539
2025-10-05 02:30:00,0.0,-0.38498124
2025-10-05 03:30:00,0.0,0.35215887
2025-10-05 04:30:00,0.0,0.66685504
2025-10-05 05:30:00,0.773,2.441848
2025-10-05 06:30:00,15.864,8.508902
2025-10-05 07:30:00,41.602,36.95358
2025-10-05 08:30:00,66.411,65.77844
2025-10-05 09:30:00,88.415,83.34711
2025-10-05 10:30:00,99.027,96.74751
2025-10-05 11:30:00,98.672,99.79588
2025-10-05 12:30:00,90.081,92.442604
2025-10-05 13:30:00,76.47,78.46457
2025-10-05 14:30:00,56.135,59.404728
2025-10-05 15:30:00,34.044,36.130356
2025-10-05 16:30:00,13.122,13.074188
2025-10-05 17:30:00,0.597,3.0967598
2025-10-05 18:30:00,0.0,0.46511146
2025-10-05 19:30:00,0.0,0.14173493
2025-10-05 20:30:00,0.0,0.017745899
2025-10-05 21:30:00,0.0,0.32976666
2025-10-05 22:30:00,0.0,0.50257677
2025-10-05 23:30:00,0.0,-0.28043917
2025-10-06 00:30:00,0.0,-0.31149983
2025-10-06 01:30:00,0.0,-0.69143766
2025-10-06 02:30:00,0.0,-0.37126085
2025-10-06 03:30:00,0.0,0.3698322
2025-10-06 04:30:00,0.0,0.7550346
2025-10-06 05:30:00,0.791,2.6865153
2025-10-06 06:30:00,16.028,9.429292
2025-10-06 07:30:00,42.565,38.700474
2025-10-06 08:30:00,68.333,66.47077
2025-10-06 09:30:00,87.987,86.674034
2025-10-06 10:30:00,100.752,97.46707
2025-10-06 11:30:00,103.696,101.586464
2025-10-06 12:30:00,92.536,96.31786
2025-10-06 13:30:00,73.841,79.5546
2025-10-06 14:30:00,48.254,56.417187
2025-10-06 15:30:00,27.653,27.249077
2025-10-06 16:30:00,10.569,8.187965
2025-10-06 17:30:00,0.572,2.3730385
2025-10-06 18:30:00,0.0,0.14415245
2025-10-06 19:30:00,0.0,-0.06259868
2025-10-06 20:30:00,0.0,-0.0505452
2025-10-06 21:30:00,0.0,0.25089598
2025-10-06 22:30:00,0.0,0.48323825
2025-10-06 23:30:00,0.0,-0.27718735
2025-10-07 00:30:00,0.0,-0.28621018
2025-10-07 01:30:00,0.0,-0.49836934
2025-10-07 02:30:00,0.0,-0.40362465
2025-10-07 03:30:00,0.0,0.13233893
2025-10-07 04:30:00,0.0,0.56507635
2025-10-07 05:30:00,0.546,2.7464259
2025-10-07 06:30:00,12.821,9.441164
2025-10-07 07:30:00,36.168,33.974335
2025-10-07 08:30:00,63.883,59.367176
2025-10-07 09:30:00,83.786,82.28934
2025-10-07 10:30:00,93.366,94.5598
2025-10-07 11:30:00,86.277,95.45618
2025-10-07 12:30:00,76.343,82.210266
2025-10-07 13:30:00,61.339,66.590805
2025-10-07 14:30:00,42.299,45.108448
2025-10-07 15:30:00,29.279,25.416763
2025-10-07 16:30:00,10.532,10.493816
2025-10-07 17:30:00,0.618,2.8203948
2025-10-07 18:30:00,0.0,0.25096345
2025-10-07 19:30:00,0.0,-0.06485823
2025-10-07 20:30:00,0.0,-0.20797996
2025-10-07 21:30:00,0.0,0.06371735
2025-10-07 22:30:00,0.0,0.26939422
2025-10-07 23:30:00,0.0,-0.46068376
2025-10-08 00:30:00,0.0,-0.4164834
2025-10-08 01:30:00,0.0,-0.3908598
2025-10-08 02:30:00,0.0,-0.34507966
2025-10-08 03:30:00,0.0,0.28871736
2025-10-08 04:30:00,0.0,0.6246572
2025-10-08 05:30:00,0.6,2.651359
2025-10-08 06:30:00,10.517,8.895104
2025-10-08 07:30:00,28.569,29.528728
2025-10-08 08:30:00,46.42,48.67396
2025-10-08 09:30:00,71.2,60.96302
2025-10-08 10:30:00,79.038,83.2618
2025-10-08 11:30:00,85.044,82.93291
2025-10-08 12:30:00,70.649,81.20677
2025-10-08 13:30:00,48.659,62.159676
2025-10-08 14:30:00,42.81,36.533672
2025-10-08 15:30:00,26.234,25.611893
2025-10-08 16:30:00,10.554,9.159428
2025-10-08 17:30:00,0.585,2.8499687
2025-10-08 18:30:00,0.0,0.28083798
2025-10-08 19:30:00,0.0,-0.10593143
2025-10-08 20:30:00,0.0,-0.2939384
2025-10-08 21:30:00,0.0,-0.10112285
2025-10-08 22:30:00,0.0,0.26164377
2025-10-08 23:30:00,0.0,-0.5477694
2025-10-09 00:30:00,0.0,-0.51582664
2025-10-09 01:30:00,0.0,-0.4286351
2025-10-09 02:30:00,0.0,-0.20104419
2025-10-09 03:30:00,0.0,0.3577847
2025-10-09 04:30:00,0.0,0.652209
2025-10-09 05:30:00,0.577,2.4537008
2025-10-09 06:30:00,10.356,8.0538225
2025-10-09 07:30:00,25.943,29.08079
2025-10-09 08:30:00,43.759,47.4755
2025-10-09 09:30:00,72.996,60.31917
2025-10-09 10:30:00,85.159,82.90977
2025-10-09 11:30:00,91.35,88.060905
2025-10-09 12:30:00,84.152,86.14284
2025-10-09 13:30:00,64.675,73.259766
2025-10-09 14:30:00,49.215,50.562428
2025-10-09 15:30:00,28.529,31.194178
2025-10-09 16:30:00,10.514,9.933251
2025-10-09 17:30:00,0.49799999999999994,2.638392
2025-10-09 18:30:00,0.0,0.0076727252
2025-10-09 19:30:00,0.0,-0.35174045
2025-10-09 20:30:00,0.0,-0.45067805
2025-10-09 21:30:00,0.0,-0.15521961
2025-10-09 22:30:00,0.0,0.19690682
2025-10-09 23:30:00,0.0,-0.53523517
2025-10-10 00:30:00,0.0,-0.52684253
2025-10-10 01:30:00,0.0,-0.4647759
2025-10-10 02:30:00,0.0,-0.1281597
2025-10-10 03:30:00,0.0,0.42970935
2025-10-10 04:30:00,0.0,0.6478419
2025-10-10 05:30:00,0.694,2.5324597
2025-10-10 06:30:00,11.784,8.532064
2025-10-10 07:30:00,29.74,31.545355
2025-10-10 08:30:00,51.725,51.678837
2025-10-10 09:30:00,76.853,69.77391
2025-10-10 10:30:00,88.374,88.04537
2025-10-10 11:30:00,89.263,91.38347
2025-10-10 12:30:00,89.645,85.308304
2025-10-10 13:30:00,75.433,77.14033
2025-10-10 14:30:00,60.565,57.064716
2025-10-10 15:30:00,34.496,39.085915
2025-10-10 16:30:00,12.686,14.582619
2025-10-10 17:30:00,0.528,2.8345149
2025-10-10 18:30:00,0.0,-0.12566704
2025-10-10 19:30:00,0.0,-0.48664892
2025-10-10 20:30:00,0.0,-0.43725568
2025-10-10 21:30:00,0.0,-0.062730186
2025-10-10 22:30:00,0.0,0.36906365
2025-10-10 23:30:00,0.0,-0.34072366
2025-10-11 00:30:00,0.0,-0.328683
2025-10-11 01:30:00,0.0,-0.5389584
2025-10-11 02:30:00,0.0,-0.08560917
2025-10-11 03:30:00,0.0,0.092180304
2025-10-11 04:30:00,0.0,0.12149379
2025-10-11 05:30:00,0.744,1.9405283
2025-10-11 06:30:00,16.089,8.40512
2025-10-11 07:30:00,41.07,38.654808
2025-10-11 08:30:00,67.735,64.93864
2025-10-11 09:30:00,86.466,85.52598
2025-10-11 10:30:00,97.712,96.575325
2025-10-11 11:30:00,94.877,99.23533
2025-10-11 12:30:00,80.805,89.55398
2025-10-11 13:30:00,63.07299999999999,70.62092
2025-10-11 14:30:00,49.027,46.904823
2025-10-11 15:30:00,29.122999999999998,29.007051
2025-10-11 16:30:00,10.609,9.766643
2025-10-11 17:30:00,0.48000000000000004,2.6225939
2025-10-11 18:30:00,0.0,0.22669424
2025-10-11 19:30:00,0.0,-0.08576971
2025-10-11 20:30:00,0.0,-0.11695078
2025-10-11 21:30:00,0.0,0.13480599
2025-10-11 22:30:00,0.0,0.5427994
2025-10-11 23:30:00,0.0,-0.18865511
2025-10-12 00:30:00,0.0,-0.21911715
2025-10-12 01:30:00,0.0,-0.51293856
2025-10-12 02:30:00,0.0,-0.0819611
2025-10-12 03:30:00,0.0,0.5434177
2025-10-12 04:30:00,0.0,0.5649952
2025-10-12 05:30:00,0.733,2.3135672
2025-10-12 06:30:00,13.758,8.748786
2025-10-12 07:30:00,35.871,34.751114
2025-10-12 08:30:00,58.476000000000006,56.756214
2025-10-12 09:30:00,81.267,74.799904
2025-10-12 10:30:00,91.732,90.34357
2025-10-12 11:30:00,88.674,91.775826
2025-10-12 12:30:00,78.133,82.616714
2025-10-12 13:30:00,61.309,66.53427
2025-10-12 14:30:00,42.601,44.97022
2025-10-12 15:30:00,28.767,24.00395
2025-10-12 16:30:00,9.136,9.009107
2025-10-12 17:30:00,0.367,2.4853277
2025-10-12 18:30:00,0.0,0.3794784
2025-10-12 19:30:00,0.0,0.12736724
2025-10-12 20:30:00,0.0,-0.04061805
2025-10-12 21:30:00,0.0,0.21048886
2025-10-12 22:30:00,0.0,0.54152364
2025-10-12 23:30:00,0.0,-0.17407651
2025-10-13 00:30:00,0.0,-0.27940762
2025-10-13 01:30:00,0.0,-0.7056098
2025-10-13 02:30:00,0.0,-0.35131603
2025-10-13 03:30:00,0.0,0.11252221
2025-10-13 04:30:00,0.0,0.4473058
2025-10-13 05:30:00,0.601,2.2434683
2025-10-13 06:30:00,10.886,7.735545
2025-10-13 07:30:00,27.254,28.193398
2025-10-13 08:30:00,49.831,47.628647
2025-10-13 09:30:00,83.029,65.04036
2025-10-13 10:30:00,93.517,92.35759
2025-10-13 11:30:00,82.863,95.078705
2025-10-13 12:30:00,67.682,78.939865
2025-10-13 13:30:00,60.977000000000004,57.60904
2025-10-13 14:30:00,44.497,43.670803
2025-10-13 15:30:00,29.212,27.038248
2025-10-13 16:30:00,9.567,10.290198
2025-10-13 17:30:00,0.416,2.38825
2025-10-13 18:30:00,0.0,0.20090243
2025-10-13 19:30:00,0.0,0.023938732
2025-10-13 20:30:00,0.0,-0.057177816
2025-10-13 21:30:00,0.0,0.16857708
2025-10-13 22:30:00,0.0,0.5213431
2025-10-13 23:30:00,0.0,-0.17421484
2025-10-14 00:30:00,0.0,-0.16340385
2025-10-14 01:30:00,0.0,-0.41757643
2025-10-14 02:30:00,0.0,-0.10072235
2025-10-14 03:30:00,0.0,0.18167835
2025-10-14 04:30:00,0.0,0.45510405
2025-10-14 05:30:00,0.693,2.3823714
2025-10-14 06:30:00,12.151,9.020455
2025-10-14 07:30:00,29.555,32.778873
2025-10-14 08:30:00,51.844,51.98714
2025-10-14 09:30:00,69.356,67.62589
2025-10-14 10:30:00,82.724,78.60844
2025-10-14 11:30:00,76.359,84.767715
2025-10-14 12:30:00,69.954,74.01158
2025-10-14 13:30:00,52.181,60.07443
2025-10-14 14:30:00,43.115,38.027832
2025-10-14 15:30:00,27.396,25.441322
2025-10-14 16:30:00,10.78,10.058316
2025-10-14 17:30:00,0.484,2.793165
2025-10-14 18:30:00,0.0,0.19341843
2025-10-14 19:30:00,0.0,-0.018967045
2025-10-14 20:30:00,0.0,-0.12999313
2025-10-14 21:30:00,0.0,0.08361008
2025-10-14 22:30:00,0.0,0.38456365
2025-10-14 23:30:00,0.0,-0.37656814
2025-10-15 00:30:00,0.0,-0.37017462
2025-10-15 01:30:00,0.0,-0.39375642
2025-10-15 02:30:00,0.0,-0.34670046
2025-10-15 03:30:00,0.0,0.0504265
2025-10-15 04:30:00,0.0,0.31850222
2025-10-15 05:30:00,0.48499999999999993,2.0697837
2025-10-15 06:30:00,6.429,6.8775406
2025-10-15 07:30:00,17.079,20.936441
2025-10-15 08:30:00,32.209,31.953539
2025-10-15 09:30:00,35.572,46.26867
2025-10-15 10:30:00,62.521,46.994877
2025-10-15 11:30:00,65.587,66.63463
2025-10-15 12:30:00,67.199,64.211624
2025-10-15 13:30:00,56.901,58.39367
2025-10-15 14:30:00,40.882,42.97541
2025-10-15 15:30:00,24.252,27.860739
2025-10-15 16:30:00,8.975,9.399817
2025-10-15 17:30:00,0.48000000000000004,2.9714925
2025-10-15 18:30:00,0.0,0.51131266
2025-10-15 19:30:00,0.0,0.116568215
2025-10-15 20:30:00,0.0,-0.18753217
2025-10-15 21:30:00,0.0,-0.12851068
2025-10-15 22:30:00,0.0,0.13251057
2025-10-15 23:30:00,0.0,-0.50878835
2025-10-16 00:30:00,0.0,-0.5349824
2025-10-16 01:30:00,0.0,-0.44097292
2025-10-16 02:30:00,0.0,-0.3243398
2025-10-16 03:30:00,0.0,0.37999588
2025-10-16 04:30:00,0.0,0.75479895
2025-10-16 05:30:00,0.708,2.5232182
2025-10-16 06:30:00,11.11,7.112282
2025-10-16 07:30:00,28.073,27.04671
2025-10-16 08:30:00,46.315,45.475273
2025-10-16 09:30:00,60.864,60.076534
2025-10-16 10:30:00,74.737,67.32254
2025-10-16 11:30:00,74.47,76.21195
2025-10-16 12:30:00,62.918,69.47662
2025-10-16 13:30:00,50.293,53.001377
2025-10-16 14:30:00,37.145,37.49103
2025-10-16 15:30:00,22.817,21.530285
2025-10-16 16:30:00,8.512,7.729033
2025-10-16 17:30:00,0.378,2.7845469
2025-10-16 18:30:00,0.0,0.46527457
2025-10-16 19:30:00,0.0,0.16730128
2025-10-16 20:30:00,0.0,-0.085302606
2025-10-16 21:30:00,0.0,-0.004610467
2025-10-16 22:30:00,0.0,0.23291013
2025-10-16 23:30:00,0.0,-0.37974396
2025-10-17 00:30:00,0.0,-0.39898086
2025-10-17 01:30:00,0.0,-0.3957299
2025-10-17 02:30:00,0.0,-0.07994066
2025-10-17 03:30:00,0.0,0.3078902
2025-10-17 04:30:00,0.0,0.5934932
2025-10-17 05:30:00,0.425,2.4726987
2025-10-17 06:30:00,6.698,7.6384
2025-10-17 07:30:00,15.532,22.043692
2025-10-17 08:30:00,24.294,30.701624
2025-10-17 09:30:00,37.163,37.50921
2025-10-17 10:30:00,42.759,46.541176
2025-10-17 11:30:00,66.851,47.56077
2025-10-17 12:30:00,65.959,62.414898
2025-10-17 13:30:00,55.269,57.251846
2025-10-17 14:30:00,41.777,42.307213
2025-10-17 15:30:00,24.829,28.224405
2025-10-17 16:30:00,8.693,9.317881
2025-10-17 17:30:00,0.36,2.9400551
2025-10-17 18:30:00,0.0,0.40188172
2025-10-17 19:30:00,0.0,-0.013862996
2025-10-17 20:30:00,0.0,-0.22604524
2025-10-17 21:30:00,0.0,-0.0809654
2025-10-17 22:30:00,0.0,0.17715584
2025-10-17 23:30:00,0.0,-0.3583073
2025-10-18 00:30:00,0.0,-0.47618976
2025-10-18 01:30:00,0.0,-0.6800118
2025-10-18 02:30:00,0.0,-0.35279763
2025-10-18 03:30:00,0.0,0.005368773
2025-10-18 04:30:00,0.0,0.13093504
2025-10-18 05:30:00,0.561,1.8264254
2025-10-18 06:30:00,8.889,6.536257
2025-10-18 07:30:00,21.1,23.264349
2025-10-18 08:30:00,28.547,38.028805
2025-10-18 09:30:00,20.035,43.648796
2025-10-18 10:30:00,29.268,32.629776
2025-10-18 11:30:00,32.633,35.738728
2025-10-18 12:30:00,39.026,34.099567
2025-10-18 13:30:00,39.149,34.478844
2025-10-18 14:30:00,35.965,30.682356
2025-10-18 15:30:00,23.481,23.172033
2025-10-18 16:30:00,8.481,10.375977
2025-10-18 17:30:00,0.389,3.7301803
2025-10-18 18:30:00,0.0,1.0739194
2025-10-18 19:30:00,0.0,0.51143646
2025-10-18 20:30:00,0.0,0.055049777
2025-10-18 21:30:00,0.0,0.0038683857
2025-10-18 22:30:00,0.0,0.14539324
2025-10-18 23:30:00,0.0,-0.36137298
2025-10-19 00:30:00,0.0,-0.4867924
2025-10-19 01:30:00,0.0,-0.8003835
2025-10-19 02:30:00,0.0,-0.5948049
2025-10-19 03:30:00,0.0,0.17636766
2025-10-19 04:30:00,0.0,0.5632882
2025-10-19 05:30:00,0.549,2.2107432
2025-10-19 06:30:00,9.716,6.0839453
2025-10-19 07:30:00,25.697,22.254824
2025-10-19 08:30:00,41.608,41.221855
2025-10-19 09:30:00,59.363,54.833992
2025-10-19 10:30:00,69.632,66.42123
2025-10-19 11:30:00,68.927,70.377594
2025-10-19 12:30:00,66.091,63.9574
2025-10-19 13:30:00,59.62100000000001,55.130585
2025-10-19 14:30:00,42.082,42.792393
2025-10-19 15:30:00,25.281,25.040958
2025-10-19 16:30:00,9.0,8.401138
2025-10-19 17:30:00,0.399,2.5397916
2025-10-19 18:30:00,0.0,0.3714598
2025-10-19 19:30:00,0.0,0.11718305
2025-10-19 20:30:00,0.0,-0.047442805
2025-10-19 21:30:00,0.0,0.08993527
2025-10-19 22:30:00,0.0,0.3676495
2025-10-19 23:30:00,0.0,-0.19215289
2025-10-20 00:30:00,0.0,-0.22937478
2025-10-20 01:30:00,0.0,-0.55342084
2025-10-20 02:30:00,0.0,-0.14867838
2025-10-20 03:30:00,0.0,0.47279444
2025-10-20 04:30:00,0.0,0.79950994
2025-10-20 05:30:00,0.6,2.4788
2025-10-20 06:30:00,9.031,7.2058992
2025-10-20 07:30:00,23.968,23.939194
2025-10-20 08:30:00,38.702,40.05373
2025-10-20 09:30:00,40.204,51.306725
2025-10-20 10:30:00,47.71,49.521683
2025-10-20 11:30:00,61.665,50.803787
2025-10-20 12:30:00,66.367,57.241722
2025-10-20 13:30:00,48.157,55.13413
2025-10-20 14:30:00,29.956000000000003,36.672455
2025-10-20 15:30:00,19.602,18.482695
2025-10-20 16:30:00,7.920999999999999,6.2537084
2025-10-20 17:30:00,0.273,2.751272
2025-10-20 18:30:00,0.0,0.6704698
2025-10-20 19:30:00,0.0,0.4061771
2025-10-20 20:30:00,0.0,0.11097656
2025-10-20 21:30:00,0.0,0.17425157
2025-10-20 22:30:00,0.0,0.41519222
2025-10-20 23:30:00,0.0,-0.25200272
2025-10-21 00:30:00,0.0,-0.29280093
2025-10-21 01:30:00,0.0,-0.5748712
2025-10-21 02:30:00,0.0,-0.42302462
2025-10-21 03:30:00,0.0,-0.0034636143
2025-10-21 04:30:00,0.0,0.33822927
2025-10-21 05:30:00,0.48499999999999993,2.05334
2025-10-21 06:30:00,8.348,6.6310687
2025-10-21 07:30:00,18.163,21.479952
2025-10-21 08:30:00,5.368,31.531614
2025-10-21 09:30:00,7.366,17.81104
2025-10-21 10:30:00,9.301,16.718937
2025-10-21 11:30:00,8.967,15.530931
2025-10-21 12:30:00,6.985,12.371667
2025-10-21 13:30:00,7.074,8.860016
2025-10-21 14:30:00,8.168,7.1702623
2025-10-21 15:30:00,19.436,5.873966
2025-10-21 16:30:00,6.683,6.1521187
2025-10-21 17:30:00,0.0,3.4027286
2025-10-21 18:30:00,0.0,1.2755178
2025-10-21 19:30:00,0.0,0.80597776
2025-10-21 20:30:00,0.0,0.2604713
2025-10-21 21:30:00,0.0,0.1504597
2025-10-21 22:30:00,0.0,0.16571294
2025-10-21 23:30:00,0.0,-0.48924148
2025-10-22 00:30:00,0.0,-0.6562951
2025-10-22 01:30:00,0.0,-0.84562486
2025-10-22 02:30:00,0.0,-1.0570505
2025-10-22 03:30:00,0.0,-0.62059754
2025-10-22 04:30:00,0.0,0.44621274
2025-10-22 05:30:00,0.327,1.9169286
2025-10-22 06:30:00,6.75,4.5300026
2025-10-22 07:30:00,18.35,13.968544
2025-10-22 08:30:00,29.805000000000003,25.107914
2025-10-22 09:30:00,41.683,38.89895
2025-10-22 10:30:00,44.809,47.335445
2025-10-22 11:30:00,58.451,47.528366
2025-10-22 12:30:00,66.921,54.766113
2025-10-22 13:30:00,52.576,56.29142
2025-10-22 14:30:00,30.442,39.89023
2025-10-22 15:30:00,18.33,16.68984
2025-10-22 16:30:00,6.917,5.3764343
2025-10-22 17:30:00,0.0,2.1527524
2025-10-22 18:30:00,0.0,0.255246
2025-10-22 19:30:00,0.0,0.15186445
2025-10-22 20:30:00,0.0,-0.10088972
2025-10-22 21:30:00,0.0,-0.00085309433
2025-10-22 22:30:00,0.0,0.23789378
2025-10-22 23:30:00,0.0,-0.36915416
2025-10-23 00:30:00,0.0,-0.43772793
2025-10-23 01:30:00,0.0,-0.37212506
2025-10-23 02:30:00,0.0,-0.36998078
2025-10-23 03:30:00,0.0,0.11700116
2025-10-23 04:30:00,0.0,0.57371235
2025-10-23 05:30:00,0.598,2.3509521
2025-10-23 06:30:00,9.136,7.019375
2025-10-23 07:30:00,24.727,24.211464
2025-10-23 08:30:00,41.936,41.56403
2025-10-23 09:30:00,63.304,56.27801
2025-10-23 10:30:00,80.362,70.5835
2025-10-23 11:30:00,85.759,81.42274
2025-10-23 12:30:00,77.247,79.22265
2025-10-23 13:30:00,54.8,65.272125
2025-10-23 14:30:00,42.94,39.539165
2025-10-23 15:30:00,25.098,25.444613
2025-10-23 16:30:00,9.314,8.120484
2025-10-23 17:30:00,0.0,2.656091
2025-10-23 18:30:00,0.0,0.2054591
2025-10-23 19:30:00,0.0,-0.07283496
2025-10-23 20:30:00,0.0,-0.17001684
2025-10-23 21:30:00,0.0,-0.01607387
2025-10-23 22:30:00,0.0,0.25550732
2025-10-23 23:30:00,0.0,-0.4960543
2025-10-24 00:30:00,0.0,-0.52830964
2025-10-24 01:30:00,0.0,-0.61018705
2025-10-24 02:30:00,0.0,-0.47699845
2025-10-24 03:30:00,0.0,-0.26063186
2025-10-24 04:30:00,0.0,-0.07630967
2025-10-24 05:30:00,0.431,1.6754491
2025-10-24 06:30:00,8.308,6.7081237
2025-10-24 07:30:00,21.7,24.387987
2025-10-24 08:30:00,37.583,38.967583
2025-10-24 09:30:00,34.093,52.594387
2025-10-24 10:30:00,28.903999999999996,46.3497
2025-10-24 11:30:00,36.788,36.509033
2025-10-24 12:30:00,26.301,37.256927
2025-10-24 13:30:00,36.34,26.092844
2025-10-24 14:30:00,31.245999999999995,27.856419
2025-10-24 15:30:00,16.922,20.150408
2025-10-24 16:30:00,6.975,7.2210584
2025-10-24 17:30:00,0.0,3.63738
2025-10-24 18:30:00,0.0,1.3304864
2025-10-24 19:30:00,0.0,0.79732895
2025-10-24 20:30:00,0.0,0.30768612
2025-10-24 21:30:00,0.0,0.20288019
2025-10-24 22:30:00,0.0,0.2944482
2025-10-24 23:30:00,0.0,-0.44334006
2025-10-25 00:30:00,0.0,-0.600762
2025-10-25 01:30:00,0.0,-0.7463346
2025-10-25 02:30:00,0.0,-0.41362864
2025-10-25 03:30:00,0.0,0.1067034
2025-10-25 04:30:00,0.0,0.2707793
2025-10-25 05:30:00,0.641,1.9730382
2025-10-25 06:30:00,11.367,6.704938
2025-10-25 07:30:00,28.065,25.776289
2025-10-25 08:30:00,48.595,44.541832
2025-10-25 09:30:00,64.524,62.545483
2025-10-25 10:30:00,78.127,73.159386
2025-10-25 11:30:00,82.884,78.867546
2025-10-25 12:30:00,74.651,76.13897
2025-10-25 13:30:00,58.08299999999999,63.914833
2025-10-25 14:30:00,40.341,44.148335
2025-10-25 15:30:00,23.652,24.165623
2025-10-25 16:30:00,8.882,7.0958333
2025-10-25 17:30:00,0.0,2.430646
2025-10-25 18:30:00,0.0,0.25646544
2025-10-25 19:30:00,0.0,0.03269085
2025-10-25 20:30:00,0.0,-0.07721913
2025-10-25 21:30:00,0.0,0.12893936
2025-10-25 22:30:00,0.0,0.40098765
2025-10-25 23:30:00,0.0,-0.21703352
2025-10-26 00:30:00,0.0,-0.29839003
2025-10-26 01:30:00,0.0,-0.61588883
2025-10-26 02:30:00,0.0,-0.24523772
2025-10-26 03:30:00,0.0,0.32133818
2025-10-26 04:30:00,0.0,0.43897212
2025-10-26 05:30:00,0.606,2.1000698
2025-10-26 06:30:00,11.263,7.725665
2025-10-26 07:30:00,27.568,28.527851
2025-10-26 08:30:00,44.45,45.07401
2025-10-26 09:30:00,64.158,59.186977
2025-10-26 10:30:00,78.068,71.7085
2025-10-26 11:30:00,75.974,79.15455
2025-10-26 12:30:00,65.066,71.33517
2025-10-26 13:30:00,49.115,55.022655
2025-10-26 14:30:00,29.706,35.506287
2025-10-26 15:30:00,16.331,16.431875
2025-10-26 16:30:00,5.651,5.024644
2025-10-26 17:30:00,0.0,2.196332
2025-10-26 18:30:00,0.0,0.4729251
2025-10-26 19:30:00,0.0,0.2983422
2025-10-26 20:30:00,0.0,0.12188831
2025-10-26 21:30:00,0.0,0.20737024
2025-10-26 22:30:00,0.0,0.47392508
2025-10-26 23:30:00,0.0,-0.19268233
2025-10-27 00:30:00,0.0,-0.2764632
2025-10-27 01:30:00,0.0,-0.6571252
2025-10-27 02:30:00,0.0,-0.280294
2025-10-27 03:30:00,0.0,0.26942924
2025-10-27 04:30:00,0.0,0.59734964
2025-10-27 05:30:00,0.168,2.2401097
2025-10-27 06:30:00,3.007,6.585784
2025-10-27 07:30:00,7.556,17.176712
2025-10-27 08:30:00,13.175,20.96467
2025-10-27 09:30:00,19.486,24.701435
2025-10-27 10:30:00,18.56,28.021296
2025-10-27 11:30:00,18.194,25.227901
2025-10-27 12:30:00,16.446,21.446075
2025-10-27 13:30:00,17.548,16.587612
2025-10-27 14:30:00,14.256,12.986969
2025-10-27 15:30:00,8.369,8.072196
2025-10-27 16:30:00,3.245,5.0143185
2025-10-27 17:30:00,0.0,2.8811183
2025-10-27 18:30:00,0.0,1.3814886
2025-10-27 19:30:00,0.0,1.0100117
2025-10-27 20:30:00,0.0,0.4277393
2025-10-27 21:30:00,0.0,0.12932791
2025-10-27 22:30:00,0.0,0.08822225
2025-10-27 23:30:00,0.0,-0.54827666
2025-10-28 00:30:00,0.0,-0.6693879
2025-10-28 01:30:00,0.0,-1.0457981
2025-10-28 02:30:00,0.0,-1.0202197
2025-10-28 03:30:00,0.0,-0.42009646
2025-10-28 04:30:00,0.0,0.35814676
2025-10-28 05:30:00,0.054,2.0242836
2025-10-28 06:30:00,1.033,4.979193
2025-10-28 07:30:00,2.862,11.300223
2025-10-28 08:30:00,4.745,13.483323
2025-10-28 09:30:00,7.871,11.312498
2025-10-28 10:30:00,10.773,13.45842
2025-10-28 11:30:00,13.988,15.822666
2025-10-28 12:30:00,15.528999999999998,17.286112
2025-10-28 13:30:00,19.905,15.85742
2025-10-28 14:30:00,11.975,15.237452
2025-10-28 15:30:00,6.7,7.445908
2025-10-28 16:30:00,2.382,4.7946987
2025-10-28 17:30:00,0.0,2.8266585
2025-10-28 18:30:00,0.0,1.4014419
2025-10-28 19:30:00,0.0,1.060906
2025-10-28 20:30:00,0.0,0.45850703
2025-10-28 21:30:00,0.0,0.19119646
2025-10-28 22:30:00,0.0,0.16919363
2025-10-28 23:30:00,0.0,-0.5419207
2025-10-29 00:30:00,0.0,-0.7322427
2025-10-29 01:30:00,0.0,-0.89035124
2025-10-29 02:30:00,0.0,-0.9292614
2025-10-29 03:30:00,0.0,-0.21073139
2025-10-29 04:30:00,0.0,0.5813219
2025-10-29 05:30:00,0.606,2.1983583
2025-10-29 06:30:00,13.633,5.614093
2025-10-29 07:30:00,35.331,26.377647
2025-10-29 08:30:00,55.384,53.07422
2025-10-29 09:30:00,75.809,69.993065
2025-10-29 10:30:00,85.659,80.89505
2025-10-29 11:30:00,91.671,83.24291
2025-10-29 12:30:00,86.757,81.99279
2025-10-29 13:30:00,72.597,72.74844
2025-10-29 14:30:00,54.609,56.008926
2025-10-29 15:30:00,31.938000000000002,35.41285
2025-10-29 16:30:00,11.236,13.473407
2025-10-29 17:30:00,0.0,2.55433
2025-10-29 18:30:00,0.0,-0.14934616
2025-10-29 19:30:00,0.0,-0.30449662
2025-10-29 20:30:00,0.0,-0.31118473
2025-10-29 21:30:00,0.0,0.00015371069
2025-10-29 22:30:00,0.0,0.3762539
2025-10-29 23:30:00,0.0,-0.38795212
2025-10-30 00:30:00,0.0,-0.4030414
2025-10-30 01:30:00,0.0,-0.3238676
2025-10-30 02:30:00,0.0,-0.11913006
2025-10-30 03:30:00,0.0,0.15910935
2025-10-30 04:30:00,0.0,0.42249945
2025-10-30 05:30:00,0.654,2.2958999
2025-10-30 06:30:00,16.971,9.133533
2025-10-30 07:30:00,43.787,42.901184
2025-10-30 08:30:00,68.226,69.05359
2025-10-30 09:30:00,86.902,89.35277
2025-10-30 10:30:00,98.448,98.8312
2025-10-30 11:30:00,99.963,100.91377
2025-10-30 12:30:00,94.216,95.656265
2025-10-30 13:30:00,77.516,82.40848
2025-10-30 14:30:00,57.205,61.979362
2025-10-30 15:30:00,32.997,37.147507
2025-10-30 16:30:00,11.192,12.641106
2025-10-30 17:30:00,0.0,2.4715767
2025-10-30 18:30:00,0.0,-0.28152284
2025-10-30 19:30:00,0.0,-0.5231091
2025-10-30 20:30:00,0.0,-0.4758089
2025-10-30 21:30:00,0.0,-0.070115134
2025-10-30 22:30:00,0.0,0.34460828
2025-10-30 23:30:00,0.0,-0.35376772
2025-10-31 00:30:00,0.0,-0.3556165
2025-10-31 01:30:00,0.0,-0.35489237
2025-10-31 02:30:00,0.0,-0.039216723
2025-10-31 03:30:00,0.0,0.35472757
2025-10-31 04:30:00,0.0,0.6636007
2025-10-31 05:30:00,0.591,2.823971
2025-10-31 06:30:00,15.891,9.462423
2025-10-31 07:30:00,42.495,40.819588
2025-10-31 08:30:00,67.303,68.99453
2025-10-31 09:30:00,86.512,87.99849
2025-10-31 10:30:00,98.371,99.14927
2025-10-31 11:30:00,101.51,101.5612
2025-10-31 12:30:00,96.15,97.00543
2025-10-31 13:30:00,83.098,84.98136
2025-10-31 14:30:00,62.79,66.97538
2025-10-31 15:30:00,37.967,42.55366
2025-10-31 16:30:00,13.065,15.594646
2025-10-31 17:30:00,0.0,2.7613366
2025-10-31 18:30:00,0.0,-0.50964916
2025-10-31 19:30:00,0.0,-0.6725748
2025-10-31 20:30:00,0.0,-0.46211156
2025-10-31 21:30:00,0.0,-0.05347168
2025-10-31 22:30:00,0.0,0.22903235
2025-10-31 23:30:00,0.0,-0.42054904
2025-11-01 00:30:00,0.0,-0.35278055
2025-11-01 01:30:00,0.0,-0.5851262
2025-11-01 02:30:00,0.0,-0.08781406
2025-11-01 03:30:00,0.0,-0.02015574
2025-11-01 04:30:00,0.0,0.20753163
2025-11-01 05:30:00,0.573,2.5955348
2025-11-01 06:30:00,14.695000000000002,9.813598
2025-11-01 07:30:00,39.299,39.4342
2025-11-01 08:30:00,62.757,65.428505
2025-11-01 09:30:00,83.761,82.60317
2025-11-01 10:30:00,97.182,95.06824
2025-11-01 11:30:00,98.453,99.99876
2025-11-01 12:30:00,90.997,94.80581
2025-11-01 13:30:00,76.685,80.756966
2025-11-01 14:30:00,58.654,61.166172
2025-11-01 15:30:00,34.523,38.968216
2025-11-01 16:30:00,11.22,14.743345
2025-11-01 17:30:00,0.0,2.8929489
2025-11-01 18:30:00,0.0,0.07600737
2025-11-01 19:30:00,0.0,-0.10833188
2025-11-01 20:30:00,0.0,-0.17734884
2025-11-01 21:30:00,0.0,0.11301749
2025-11-01 22:30:00,0.0,0.4962285
2025-11-01 23:30:00,0.0,-0.2574987
2025-11-02 00:30:00,0.0,-0.3153853
2025-11-02 01:30:00,0.0,-0.66807705
2025-11-02 02:30:00,0.0,-0.31467226
2025-11-02 03:30:00,0.0,0.4430335
2025-11-02 04:30:00,0.0,0.57666874
2025-11-02 05:30:00,0.545,2.1799345
2025-11-02 06:30:00,13.329,8.193072
2025-11-02 07:30:00,36.645,34.031296
2025-11-02 08:30:00,60.692,59.81506
2025-11-02 09:30:00,80.717,79.6677
2025-11-02 10:30:00,94.128,91.54973
2025-11-02 11:30:00,93.58,95.93592
2025-11-02 12:30:00,87.84,88.56319
2025-11-02 13:30:00,72.593,76.07286
2025-11-02 14:30:00,50.503,54.84384
2025-11-02 15:30:00,27.79,29.959406
2025-11-02 16:30:00,8.633,8.80639
2025-11-02 17:30:00,0.0,2.2338545
2025-11-02 18:30:00,0.0,0.23975025
2025-11-02 19:30:00,0.0,0.16932514
2025-11-02 20:30:00,0.0,0.08313272
2025-11-02 21:30:00,0.0,0.33410472
2025-11-02 22:30:00,0.0,0.6475413
2025-11-02 23:30:00,0.0,-0.18853386
2025-11-03 00:30:00,0.0,-0.2576456
2025-11-03 01:30:00,0.0,-0.6451127
2025-11-03 02:30:00,0.0,-0.25784543
2025-11-03 03:30:00,0.0,0.51765835
2025-11-03 04:30:00,0.0,0.8855384
2025-11-03 05:30:00,0.44899999999999995,2.4455936
2025-11-03 06:30:00,10.311,8.192894
2025-11-03 07:30:00,29.780999999999995,28.25829
2025-11-03 08:30:00,46.381,49.27946
2025-11-03 09:30:00,69.585,60.832325
2025-11-03 10:30:00,80.224,80.492
2025-11-03 11:30:00,79.77,82.87323
2025-11-03 12:30:00,70.138,76.0871
2025-11-03 13:30:00,61.550000000000004,61.805492
2025-11-03 14:30:00,38.642,47.08361
2025-11-03 15:30:00,23.392,22.17949
2025-11-03 16:30:00,6.902,7.0056973
2025-11-03 17:30:00,0.0,2.148036
2025-11-03 18:30:00,0.0,0.11808312
2025-11-03 19:30:00,0.0,-0.015515386
2025-11-03 20:30:00,0.0,-0.12172435
2025-11-03 21:30:00,0.0,0.06556103
2025-11-03 22:30:00,0.0,0.349182
2025-11-03 23:30:00,0.0,-0.36556587
2025-11-04 00:30:00,0.0,-0.3870034
2025-11-04 01:30:00,0.0,-0.5807549
2025-11-04 02:30:00,0.0,-0.4930467
2025-11-04 03:30:00,0.0,0.0661716
2025-11-04 04:30:00,0.0,0.5416543
2025-11-04 05:30:00,0.202,2.3134613
2025-11-04 06:30:00,4.398,8.011227
2025-11-04 07:30:00,11.902,19.75426
2025-11-04 08:30:00,21.965,27.01102
2025-11-04 09:30:00,37.236,35.877117
2025-11-04 10:30:00,47.427,47.623375
2025-11-04 11:30:00,52.232,53.43388
2025-11-04 12:30:00,50.982,53.546093
2025-11-04 13:30:00,52.149,46.328964
2025-11-04 14:30:00,39.348,40.416283
2025-11-04 15:30:00,24.167,26.253971
2025-11-04 16:30:00,6.535,9.757966
2025-11-04 17:30:00,0.0,2.6236665
2025-11-04 18:30:00,0.0,0.2866747
2025-11-04 19:30:00,0.0,-0.06817667
2025-11-04 20:30:00,0.0,-0.31423676
2025-11-04 21:30:00,0.0,-0.23959313
2025-11-04 22:30:00,0.0,-0.014453929
2025-11-04 23:30:00,0.0,-0.69902074
2025-11-05 00:30:00,0.0,-0.70777625
2025-11-05 01:30:00,0.0,-0.73616403
2025-11-05 02:30:00,0.0,-0.88203895
2025-11-05 03:30:00,0.0,-0.42515865
2025-11-05 04:30:00,0.0,0.19236381
2025-11-05 05:30:00,0.394,1.9682201
2025-11-05 06:30:00,9.996,6.4352107
2025-11-05 07:30:00,30.35,25.130066
2025-11-05 08:30:00,44.101,49.418346
2025-11-05 09:30:00,62.515,59.765797
2025-11-05 10:30:00,79.155,72.36979
2025-11-05 11:30:00,86.888,81.84971
2025-11-05 12:30:00,80.726,82.010826
2025-11-05 13:30:00,68.116,70.66819
2025-11-05 14:30:00,47.323,52.737797
2025-11-05 15:30:00,28.338,28.890276
2025-11-05 16:30:00,8.058,9.248446
2025-11-05 17:30:00,0.0,1.9362979
2025-11-05 18:30:00,0.0,-0.29948136
2025-11-05 19:30:00,0.0,-0.44675586
2025-11-05 20:30:00,0.0,-0.45874357
2025-11-05 21:30:00,0.0,-0.20399374
2025-11-05 22:30:00,0.0,0.13371208
2025-11-05 23:30:00,0.0,-0.56363916
2025-11-06 00:30:00,0.0,-0.63926995
2025-11-06 01:30:00,0.0,-0.628155
2025-11-06 02:30:00,0.0,-0.6943923
2025-11-06 03:30:00,0.0,-0.46833256
2025-11-06 04:30:00,0.0,0.07119196
2025-11-06 05:30:00,0.272,1.8849893
2025-11-06 06:30:00,6.14,7.0627766
2025-11-06 07:30:00,16.801,22.282578
2025-11-06 08:30:00,28.451,33.96689
2025-11-06 09:30:00,39.975,44.719162
2025-11-06 10:30:00,51.721,51.432343
2025-11-06 11:30:00,53.46,58.634262
2025-11-06 12:30:00,45.023,54.346127
2025-11-06 13:30:00,24.597,41.222244
2025-11-06 14:30:00,25.809,21.568674
2025-11-06 15:30:00,14.229,13.076254
2025-11-06 16:30:00,4.759,5.3696165
2025-11-06 17:30:00,0.0,2.5883644
2025-11-06 18:30:00,0.0,0.7488187
2025-11-06 19:30:00,0.0,0.42060283
2025-11-06 20:30:00,0.0,0.02562699
2025-11-06 21:30:00,0.0,-0.04236352
2025-11-06 22:30:00,0.0,0.07838648
2025-11-06 23:30:00,0.0,-0.62016886
2025-11-07 00:30:00,0.0,-0.77433556
2025-11-07 01:30:00,0.0,-0.8242497
2025-11-07 02:30:00,0.0,-0.5875079
2025-11-07 03:30:00,0.0,-0.06278142
2025-11-07 04:30:00,0.0,0.5939168
2025-11-07 05:30:00,0.267,2.4507642
2025-11-07 06:30:00,8.781,6.125162
2025-11-07 07:30:00,23.551,23.07108
2025-11-07 08:30:00,41.527,40.633255
2025-11-07 09:30:00,58.480999999999995,55.664417
2025-11-07 10:30:00,71.459,68.67625
2025-11-07 11:30:00,80.945,73.813644
2025-11-07 12:30:00,69.196,75.79579
2025-11-07 13:30:00,51.252,61.378895
2025-11-07 14:30:00,31.591000000000005,39.90277
2025-11-07 15:30:00,19.632,17.728336
2025-11-07 16:30:00,6.079,5.66627
2025-11-07 17:30:00,0.0,2.1461318
2025-11-07 18:30:00,0.0,0.2825843
2025-11-07 19:30:00,0.0,0.12469695
2025-11-07 20:30:00,0.0,-0.009505299
2025-11-07 21:30:00,0.0,0.119439185
2025-11-07 22:30:00,0.0,0.40224978
2025-11-07 23:30:00,0.0,-0.25958234
2025-11-08 00:30:00,0.0,-0.33506283
2025-11-08 01:30:00,0.0,-0.5917853
2025-11-08 02:30:00,0.0,-0.12573108
2025-11-08 03:30:00,0.0,0.30793118
2025-11-08 04:30:00,0.0,0.6697773
2025-11-08 05:30:00,0.394,2.481847
2025-11-08 06:30:00,11.097,7.402268
2025-11-08 07:30:00,30.685,28.369703
2025-11-08 08:30:00,52.606,50.976585
2025-11-08 09:30:00,75.796,69.15294
2025-11-08 10:30:00,85.862,85.03653
2025-11-08 11:30:00,79.838,88.464714
2025-11-08 12:30:00,77.422,75.8917
2025-11-08 13:30:00,61.892,66.757484
2025-11-08 14:30:00,47.528,46.910507
2025-11-08 15:30:00,28.889,29.46023
2025-11-08 16:30:00,8.187,10.99028
2025-11-08 17:30:00,0.0,2.5943
2025-11-08 18:30:00,0.0,0.3115451
2025-11-08 19:30:00,0.0,0.030953918
2025-11-08 20:30:00,0.0,-0.07968192
2025-11-08 21:30:00,0.0,0.21784818
2025-11-08 22:30:00,0.0,0.55713207
2025-11-08 23:30:00,0.0,-0.0007139008
2025-11-09 00:30:00,0.0,-0.17369564
2025-11-09 01:30:00,0.0,-0.5530562
2025-11-09 02:30:00,0.0,-0.26579738
2025-11-09 03:30:00,0.0,0.23189734
2025-11-09 04:30:00,0.0,0.4281492
2025-11-09 05:30:00,0.383,1.9999734
2025-11-09 06:30:00,11.069,7.28978
2025-11-09 07:30:00,34.122,29.669767
2025-11-09 08:30:00,50.704,55.660286
2025-11-09 09:30:00,66.709,68.99354
2025-11-09 10:30:00,82.638,78.452965
2025-11-09 11:30:00,78.844,85.63833
2025-11-09 12:30:00,70.818,77.15616
2025-11-09 13:30:00,61.269,62.106964
2025-11-09 14:30:00,46.196,47.43548
2025-11-09 15:30:00,24.406,29.569876
2025-11-09 16:30:00,6.788,9.200428
2025-11-09 17:30:00,0.0,2.5041
2025-11-09 18:30:00,0.0,0.4292636
2025-11-09 19:30:00,0.0,0.17238995
2025-11-09 20:30:00,0.0,0.017515333
2025-11-09 21:30:00,0.0,0.17187844
2025-11-09 22:30:00,0.0,0.4770027
2025-11-09 23:30:00,0.0,-0.16742766
2025-11-10 00:30:00,0.0,-0.282317
2025-11-10 01:30:00,0.0,-0.69399863
2025-11-10 02:30:00,0.0,-0.25107703
2025-11-10 03:30:00,0.0,0.077274635
2025-11-10 04:30:00,0.0,0.44759956
2025-11-10 05:30:00,0.345,2.0934074
2025-11-10 06:30:00,10.462,7.3521566
2025-11-10 07:30:00,29.171000000000003,28.184414
2025-11-10 08:30:00,55.927,48.50028
2025-11-10 09:30:00,70.489,73.483604
2025-11-10 10:30:00,82.198,82.063324
2025-11-10 11:30:00,85.33,85.698395
2025-11-10 12:30:00,83.92,79.58742
2025-11-10 13:30:00,70.322,72.23039
2025-11-10 14:30:00,52.055,54.717056
2025-11-10 15:30:00,31.642,32.91994
2025-11-10 16:30:00,9.109,11.928946
2025-11-10 17:30:00,0.0,2.276627
2025-11-10 18:30:00,0.0,-0.09753285
2025-11-10 19:30:00,0.0,-0.24557845
2025-11-10 20:30:00,0.0,-0.2686342
2025-11-10 21:30:00,0.0,-0.0133241555
2025-11-10 22:30:00,0.0,0.3880213
2025-11-10 23:30:00,0.0,-0.24869451
2025-11-11 00:30:00,0.0,-0.36078376
2025-11-11 01:30:00,0.0,-0.5845643
2025-11-11 02:30:00,0.0,-0.3103581
2025-11-11 03:30:00,0.0,-0.31439728
2025-11-11 04:30:00,0.0,0.17777666
2025-11-11 05:30:00,0.29,2.0693703
2025-11-11 06:30:00,9.17,8.204089
2025-11-11 07:30:00,29.658999999999995,28.95654
2025-11-11 08:30:00,49.162,52.038452
2025-11-11 09:30:00,74.471,68.08553
2025-11-11 10:30:00,85.833,86.95667
2025-11-11 11:30:00,82.855,89.44969
2025-11-11 12:30:00,74.318,79.911316
2025-11-11 13:30:00,65.917,64.907295
2025-11-11 14:30:00,44.042,50.584538
2025-11-11 15:30:00,26.523,26.570656
2025-11-11 16:30:00,7.619,9.465754
2025-11-11 17:30:00,0.0,2.0385923
2025-11-11 18:30:00,0.0,-0.060172614
2025-11-11 19:30:00,0.0,-0.14744869
2025-11-11 20:30:00,0.0,-0.19177544
2025-11-11 21:30:00,0.0,-0.017299285
2025-11-11 22:30:00,0.0,0.27714893
2025-11-11 23:30:00,0.0,-0.35070035
2025-11-12 00:30:00,0.0,-0.36949575
2025-11-12 01:30:00,0.0,-0.4459685
2025-11-12 02:30:00,0.0,-0.34910175
2025-11-12 03:30:00,0.0,-0.28831515
2025-11-12 04:30:00,0.0,0.23415433
2025-11-12 05:30:00,0.288,2.1215124
2025-11-12 06:30:00,7.607000000000001,7.6354456
2025-11-12 07:30:00,20.857,25.17237
2025-11-12 08:30:00,37.188,41.316273
2025-11-12 09:30:00,54.928,51.60431
2025-11-12 10:30:00,67.61,63.652252
2025-11-12 11:30:00,81.424,72.06902
2025-11-12 12:30:00,72.812,79.054985
2025-11-12 13:30:00,55.619,66.27953
2025-11-12 14:30:00,41.085,43.816185
2025-11-12 15:30:00,25.279,25.498135
2025-11-12 16:30:00,7.452,8.234111
2025-11-12 17:30:00,0.0,2.1774938
2025-11-12 18:30:00,0.0,-0.0037787212
2025-11-12 19:30:00,0.0,-0.16251405
2025-11-12 20:30:00,0.0,-0.28189602
2025-11-12 21:30:00,0.0,-0.1315755
2025-11-12 22:30:00,0.0,0.10801421
2025-11-12 23:30:00,0.0,-0.5443929
2025-11-13 00:30:00,0.0,-0.53324544
2025-11-13 01:30:00,0.0,-0.45295724
2025-11-13 02:30:00,0.0,-0.36443096
2025-11-13 03:30:00,0.0,-0.16362844
2025-11-13 04:30:00,0.0,0.35277885
2025-11-13 05:30:00,0.3,2.1605728
2025-11-13 06:30:00,9.582,7.000184
2025-11-13 07:30:00,29.091999999999995,26.923292
2025-11-13 08:30:00,43.207,48.799404
2025-11-13 09:30:00,57.413,59.629692
2025-11-13 10:30:00,68.09,68.011696
2025-11-13 11:30:00,64.912,72.388374
2025-11-13 12:30:00,53.707,63.903008
2025-11-13 13:30:00,49.291,46.882015
2025-11-13 14:30:00,37.873,38.324684
2025-11-13 15:30:00,19.448,23.019371
2025-11-13 16:30:00,5.588,6.6179304
2025-11-13 17:30:00,0.0,2.232863
2025-11-13 18:30:00,0.0,0.2918616
2025-11-13 19:30:00,0.0,0.10466759
2025-11-13 20:30:00,0.0,-0.13427398
2025-11-13 21:30:00,0.0,-0.028723406
2025-11-13 22:30:00,0.0,0.19331938
2025-11-13 23:30:00,0.0,-0.34786522
2025-11-14 00:30:00,0.0,-0.4395118
2025-11-14 01:30:00,0.0,-0.41846284
2025-11-14 02:30:00,0.0,-0.028392928
2025-11-14 03:30:00,0.0,0.44427258
2025-11-14 04:30:00,0.0,0.79613
2025-11-14 05:30:00,0.0,2.6050377
2025-11-14 06:30:00,9.125,6.8455095
2025-11-14 07:30:00,26.08,25.179195
2025-11-14 08:30:00,46.597,44.290512
2025-11-14 09:30:00,44.479,61.61787
2025-11-14 10:30:00,46.486,56.154026
2025-11-14 11:30:00,53.957,52.833744
2025-11-14 12:30:00,58.519000000000005,51.33215
2025-11-14 13:30:00,59.742,51.494843
2025-11-14 14:30:00,50.036,47.182583
2025-11-14 15:30:00,26.641,35.443485
2025-11-14 16:30:00,8.581,12.320862
2025-11-14 17:30:00,0.0,3.119573
2025-11-14 18:30:00,0.0,0.3844646
2025-11-14 19:30:00,0.0,0.06618099
2025-11-14 20:30:00,0.0,-0.11801992
2025-11-14 21:30:00,0.0,0.055774778
2025-11-14 22:30:00,0.0,0.3525073
2025-11-14 23:30:00,0.0,-0.18478929
2025-11-15 00:30:00,0.0,-0.31654412
2025-11-15 01:30:00,0.0,-0.67817074
2025-11-15 02:30:00,0.0,-0.30981073
2025-11-15 03:30:00,0.0,-0.35742262
2025-11-15 04:30:00,0.0,-0.081463255
2025-11-15 05:30:00,0.0,1.9494538
2025-11-15 06:30:00,10.678,6.6239777
2025-11-15 07:30:00,27.675,27.915615
2025-11-15 08:30:00,41.69,47.664078
2025-11-15 09:30:00,66.169,57.301933
2025-11-15 10:30:00,69.357,76.52742
2025-11-15 11:30:00,53.187,73.864685
2025-11-15 12:30:00,51.36,52.955357
2025-11-15 13:30:00,41.224,42.504898
2025-11-15 14:30:00,34.086,30.589094
2025-11-15 15:30:00,17.687,18.9737
2025-11-15 16:30:00,5.037,6.23412
2025-11-15 17:30:00,0.0,2.5816574
2025-11-15 18:30:00,0.0,0.7240295
2025-11-15 19:30:00,0.0,0.48217934
2025-11-15 20:30:00,0.0,0.19687693
2025-11-15 21:30:00,0.0,0.1725838
2025-11-15 22:30:00,0.0,0.3247796
2025-11-15 23:30:00,0.0,-0.23745996
2025-11-16 00:30:00,0.0,-0.3301475
2025-11-16 01:30:00,0.0,-0.7097019
2025-11-16 02:30:00,0.0,-0.36549073
2025-11-16 03:30:00,0.0,0.026883146
2025-11-16 04:30:00,0.0,0.49492195
2025-11-16 05:30:00,0.0,2.5452893
2025-11-16 06:30:00,7.275,6.886025
2025-11-16 07:30:00,20.302,21.36909
2025-11-16 08:30:00,32.379,35.160244
2025-11-16 09:30:00,40.537,44.534904
2025-11-16 10:30:00,39.808,46.586784
2025-11-16 11:30:00,43.829,42.87075
2025-11-16 12:30:00,52.724,41.16563
2025-11-16 13:30:00,42.144,41.088387
2025-11-16 14:30:00,37.923,30.830997
2025-11-16 15:30:00,19.493,22.149065
2025-11-16 16:30:00,6.377,6.460558
2025-11-16 17:30:00,0.0,2.5703263
2025-11-16 18:30:00,0.0,0.5704383
2025-11-16 19:30:00,0.0,0.325169
2025-11-16 20:30:00,0.0,0.011734104
2025-11-16 21:30:00,0.0,-0.023720121
2025-11-16 22:30:00,0.0,0.120978855
2025-11-16 23:30:00,0.0,-0.4389815
2025-11-17 00:30:00,0.0,-0.45404005
2025-11-17 01:30:00,0.0,-0.80077547
2025-11-17 02:30:00,0.0,-0.39993644
2025-11-17 03:30:00,0.0,-0.12669604
2025-11-17 04:30:00,0.0,0.39772728
2025-11-17 05:30:00,0.0,2.1840436
2025-11-17 06:30:00,3.214,6.1895185
2025-11-17 07:30:00,7.835999999999999,15.831425
2025-11-17 08:30:00,12.444,19.962046
2025-11-17 09:30:00,24.424,22.594791
2025-11-17 10:30:00,29.204999999999995,31.533878
2025-11-17 11:30:00,38.337,34.17947
2025-11-17 12:30:00,35.526,38.537746
2025-11-17 13:30:00,23.031,31.576464
2025-11-17 14:30:00,23.221,18.193256
2025-11-17 15:30:00,11.316,11.884627
2025-11-17 16:30:00,2.287,5.023403
2025-11-17 17:30:00,0.0,2.343883
2025-11-17 18:30:00,0.0,0.9491533
2025-11-17 19:30:00,0.0,0.69138813
2025-11-17 20:30:00,0.0,0.2148218
2025-11-17 21:30:00,0.0,0.0979436
2025-11-17 22:30:00,0.0,0.13615865
2025-11-17 23:30:00,0.0,-0.4922431
2025-11-18 00:30:00,0.0,-0.5771606
2025-11-18 01:30:00,0.0,-0.91045237
2025-11-18 02:30:00,0.0,-0.82211566
2025-11-18 03:30:00,0.0,-0.56629324
2025-11-18 04:30:00,0.0,0.10401688
2025-11-18 05:30:00,0.0,1.8596287
2025-11-18 06:30:00,7.353999999999999,5.163881
2025-11-18 07:30:00,19.885,18.271187
2025-11-18 08:30:00,34.575,32.479168
2025-11-18 09:30:00,51.163,46.439507
2025-11-18 10:30:00,59.605999999999995,59.0114
2025-11-18 11:30:00,58.49499999999999,60.750927
2025-11-18 12:30:00,39.07,54.41307
2025-11-18 13:30:00,37.112,34.459763
2025-11-18 14:30:00,22.144,25.970009
2025-11-18 15:30:00,13.352,10.3062315
2025-11-18 16:30:00,5.179,4.4165564
2025-11-18 17:30:00,0.0,2.182702
2025-11-18 18:30:00,0.0,0.43042153
2025-11-18 19:30:00,0.0,0.3437031
2025-11-18 20:30:00,0.0,0.053436667
2025-11-18 21:30:00,0.0,0.011050945
2025-11-18 22:30:00,0.0,0.15963794
2025-11-18 23:30:00,0.0,-0.43567076
2025-11-19 00:30:00,0.0,-0.4685896
2025-11-19 01:30:00,0.0,-0.5319022
2025-11-19 02:30:00,0.0,-0.44846547
2025-11-19 03:30:00,0.0,-0.30591586
2025-11-19 04:30:00,0.0,0.26293838
2025-11-19 05:30:00,0.0,1.9860549
2025-11-19 06:30:00,11.479,5.9033136
2025-11-19 07:30:00,32.79,27.884844
2025-11-19 08:30:00,56.771,53.079952
2025-11-19 09:30:00,76.173,72.53843
2025-11-19 10:30:00,83.178,84.69449
2025-11-19 11:30:00,76.793,83.63997
2025-11-19 12:30:00,71.282,71.53915
2025-11-19 13:30:00,56.489,59.461143
2025-11-19 14:30:00,36.838,41.6729
2025-11-19 15:30:00,20.644,21.624516
2025-11-19 16:30:00,7.464,7.1040473
2025-11-19 17:30:00,0.0,2.1250255
2025-11-19 18:30:00,0.0,0.008624024
2025-11-19 19:30:00,0.0,-0.023469916
2025-11-19 20:30:00,0.0,-0.069016956
2025-11-19 21:30:00,0.0,0.12181316
2025-11-19 22:30:00,0.0,0.39172658
2025-11-19 23:30:00,0.0,-0.23801333
2025-11-20 00:30:00,0.0,-0.33389807
2025-11-20 01:30:00,0.0,-0.27582103
2025-11-20 02:30:00,0.0,0.0058375904
2025-11-20 03:30:00,0.0,0.013616205
2025-11-20 04:30:00,0.0,0.47497886
2025-11-20 05:30:00,0.0,2.2589905
2025-11-20 06:30:00,11.776,7.1684127
2025-11-20 07:30:00,34.388,32.492817
2025-11-20 08:30:00,58.956,57.709633
2025-11-20 09:30:00,73.166,77.171616
2025-11-20 10:30:00,75.928,84.887276
2025-11-20 11:30:00,71.101,81.34913
2025-11-20 12:30:00,55.698,68.61642
2025-11-20 13:30:00,54.72,46.09517
2025-11-20 14:30:00,41.495,40.902714
2025-11-20 15:30:00,24.194,25.972157
2025-11-20 16:30:00,8.396,8.438021
2025-11-20 17:30:00,0.0,2.7668223
2025-11-20 18:30:00,0.0,0.3225004
2025-11-20 19:30:00,0.0,0.037284236
2025-11-20 20:30:00,0.0,-0.17293392
2025-11-20 21:30:00,0.0,-0.05840067
2025-11-20 22:30:00,0.0,0.176769
2025-11-20 23:30:00,0.0,-0.36117914
2025-11-21 00:30:00,0.0,-0.38702902
2025-11-21 01:30:00,0.0,-0.4504586
2025-11-21 02:30:00,0.0,-0.033501245
2025-11-21 03:30:00,0.0,0.40026778
2025-11-21 04:30:00,0.0,0.7352913
2025-11-21 05:30:00,0.0,2.4604275
2025-11-21 06:30:00,7.712,7.0448275
2025-11-21 07:30:00,23.343,23.972057
2025-11-21 08:30:00,39.898,41.084606
2025-11-21 09:30:00,51.205,53.606125
2025-11-21 10:30:00,60.24300000000001,59.384304
2025-11-21 11:30:00,68.391,65.099884
2025-11-21 12:30:00,58.929,65.758934
2025-11-21 13:30:00,49.424,51.75487
2025-11-21 14:30:00,34.016,37.053516
2025-11-21 15:30:00,19.831,18.77475
2025-11-21 16:30:00,6.615,6.098385
2025-11-21 17:30:00,0.0,2.488636
2025-11-21 18:30:00,0.0,0.37283042
2025-11-21 19:30:00,0.0,0.122797765
2025-11-21 20:30:00,0.0,-0.08887382
2025-11-21 21:30:00,0.0,-0.01581683
2025-11-21 22:30:00,0.0,0.19581461
2025-11-21 23:30:00,0.0,-0.32348758
2025-11-22 00:30:00,0.0,-0.43872193
2025-11-22 01:30:00,0.0,-0.6639593
2025-11-22 02:30:00,0.0,-0.24239238
2025-11-22 03:30:00,0.0,0.018369282
2025-11-22 04:30:00,0.0,0.27753404
2025-11-22 05:30:00,0.0,2.0240386
2025-11-22 06:30:00,8.507,6.9334207
2025-11-22 07:30:00,24.247,23.61594
2025-11-22 08:30:00,42.79,41.317635
2025-11-22 09:30:00,53.847,55.93435
2025-11-22 10:30:00,62.362,60.163143
2025-11-22 11:30:00,65.068,62.782032
2025-11-22 12:30:00,57.08,60.444927
2025-11-22 13:30:00,49.13,47.33073
2025-11-22 14:30:00,36.17,35.28287
2025-11-22 15:30:00,20.277,19.673819
2025-11-22 16:30:00,6.299,6.2954736
2025-11-22 17:30:00,0.0,2.3595028
2025-11-22 18:30:00,0.0,0.40311483
2025-11-22 19:30:00,0.0,0.18547416
2025-11-22 20:30:00,0.0,-0.06044417
2025-11-22 21:30:00,0.0,-0.018818459
2025-11-22 22:30:00,0.0,0.17004928
2025-11-22 23:30:00,0.0,-0.33129948
2025-11-23 00:30:00,0.0,-0.38202402
2025-11-23 01:30:00,0.0,-0.69094324
2025-11-23 02:30:00,0.0,-0.3368288
2025-11-23 03:30:00,0.0,0.26182652
2025-11-23 04:30:00,0.0,0.66202766
2025-11-23 05:30:00,0.0,2.2941766
2025-11-23 06:30:00,3.682,6.3716054
2025-11-23 07:30:00,9.426,17.291523
2025-11-23 08:30:00,14.390999999999998,22.861607
2025-11-23 09:30:00,29.119,25.432821
2025-11-23 10:30:00,42.662,36.368454
2025-11-23 11:30:00,45.348,43.866844
2025-11-23 12:30:00,41.659,44.07857
2025-11-23 13:30:00,45.686,35.51801
2025-11-23 14:30:00,37.494,32.883255
2025-11-23 15:30:00,21.331,22.51626
2025-11-23 16:30:00,7.959,7.927628
2025-11-23 17:30:00,0.0,3.0187354
2025-11-23 18:30:00,0.0,0.5231022
2025-11-23 19:30:00,0.0,0.18925287
2025-11-23 20:30:00,0.0,-0.1547064
2025-11-23 21:30:00,0.0,-0.17729846
2025-11-23 22:30:00,0.0,-0.0064464556
2025-11-23 23:30:00,0.0,-0.5194098
2025-11-24 00:30:00,0.0,-0.52743775
2025-11-24 01:30:00,0.0,-0.88768524
2025-11-24 02:30:00,0.0,-0.51767373
2025-11-24 03:30:00,0.0,0.024512585
2025-11-24 04:30:00,0.0,0.61676586
2025-11-24 05:30:00,0.0,2.329232
2025-11-24 06:30:00,4.699,5.7273927
2025-11-24 07:30:00,12.292,17.052979
2025-11-24 08:30:00,25.43,24.477606
2025-11-24 09:30:00,33.389,37.25273
2025-11-24 10:30:00,32.213,41.69299
2025-11-24 11:30:00,40.473,37.059917
2025-11-24 12:30:00,42.033,39.259647
2025-11-24 13:30:00,28.856999999999996,36.9214
2025-11-24 14:30:00,24.735,22.274925
2025-11-24 15:30:00,13.251,12.936572
2025-11-24 16:30:00,4.206,5.135
2025-11-24 17:30:00,0.0,2.503082
2025-11-24 18:30:00,0.0,0.82567066
2025-11-24 19:30:00,0.0,0.5486157
2025-11-24 20:30:00,0.0,0.16644904
2025-11-24 21:30:00,0.0,0.09509312
2025-11-24 22:30:00,0.0,0.22885045
2025-11-24 23:30:00,0.0,-0.30372465
2025-11-25 00:30:00,0.0,-0.36973998
2025-11-25 01:30:00,0.0,-0.6661753
2025-11-25 02:30:00,0.0,-0.46181267
2025-11-25 03:30:00,0.0,-0.20204844
2025-11-25 04:30:00,0.0,0.2602322
2025-11-25 05:30:00,0.0,1.8981793
2025-11-25 06:30:00,6.915,5.430376
2025-11-25 07:30:00,21.552,19.780535
2025-11-25 08:30:00,37.212,36.40482
2025-11-25 09:30:00,51.741,48.87477
2025-11-25 10:30:00,62.638999999999996,60.495766
2025-11-25 11:30:00,70.674,66.32142
2025-11-25 12:30:00,70.666,66.91015
2025-11-25 13:30:00,55.044,61.252857
2025-11-25 14:30:00,42.218,42.46522
2025-11-25 15:30:00,27.539,26.727633
2025-11-25 16:30:00,8.139,10.082933
2025-11-25 17:30:00,0.0,2.3920424
2025-11-25 18:30:00,0.0,0.17115772
2025-11-25 19:30:00,0.0,0.027352817
2025-11-25 20:30:00,0.0,-0.19587609
2025-11-25 21:30:00,0.0,-0.07656415
2025-11-25 22:30:00,0.0,0.22392061
2025-11-25 23:30:00,0.0,-0.37949377
2025-11-26 00:30:00,0.0,-0.44878995
2025-11-26 01:30:00,0.0,-0.5013616
2025-11-26 02:30:00,0.0,-0.39132607
2025-11-26 03:30:00,0.0,-0.3613448
2025-11-26 04:30:00,0.0,0.16013922
2025-11-26 05:30:00,0.0,1.9230275
2025-11-26 06:30:00,7.822000000000001,6.5506063
2025-11-26 07:30:00,25.479,23.86969
2025-11-26 08:30:00,47.189,43.51626
2025-11-26 09:30:00,59.965999999999994,63.142086
2025-11-26 10:30:00,68.635,70.16081
2025-11-26 11:30:00,75.153,71.74967
2025-11-26 12:30:00,73.186,71.58522
2025-11-26 13:30:00,66.194,63.16344
2025-11-26 14:30:00,45.779,50.93895
2025-11-26 15:30:00,29.515,30.274387
2025-11-26 16:30:00,8.995,12.294503
2025-11-26 17:30:00,0.0,2.577577
2025-11-26 18:30:00,0.0,0.13011354
2025-11-26 19:30:00,0.0,-0.110130295
2025-11-26 20:30:00,0.0,-0.27257174
2025-11-26 21:30:00,0.0,-0.100864105
2025-11-26 22:30:00,0.0,0.17647098
2025-11-26 23:30:00,0.0,-0.40361267
2025-11-27 00:30:00,0.0,-0.44225043
2025-11-27 01:30:00,0.0,-0.40256488
2025-11-27 02:30:00,0.0,-0.23227137
2025-11-27 03:30:00,0.0,-0.065216035
2025-11-27 04:30:00,0.0,0.40628043
2025-11-27 05:30:00,0.0,2.2073753
2025-11-27 06:30:00,7.984999999999999,7.1760015
2025-11-27 07:30:00,23.388,24.828901
2025-11-27 08:30:00,40.553,41.546318
2025-11-27 09:30:00,58.85600000000001,55.924946
2025-11-27 10:30:00,67.292,69.48764
2025-11-27 11:30:00,73.432,71.16719
2025-11-27 12:30:00,72.876,71.10153
2025-11-27 13:30:00,64.089,64.07933
2025-11-27 14:30:00,43.038,50.001316
2025-11-27 15:30:00,24.071,28.020113
2025-11-27 16:30:00,7.459,8.823571
2025-11-27 17:30:00,0.0,2.5875769
2025-11-27 18:30:00,0.0,0.29503742
2025-11-27 19:30:00,0.0,0.041760635
2025-11-27 20:30:00,0.0,-0.13477097
2025-11-27 21:30:00,0.0,0.035376515
2025-11-27 22:30:00,0.0,0.29718596
2025-11-27 23:30:00,0.0,-0.27893454
2025-11-28 00:30:00,0.0,-0.42672136
2025-11-28 01:30:00,0.0,-0.46263075
2025-11-28 02:30:00,0.0,-0.017240362
2025-11-28 03:30:00,0.0,0.3333242
2025-11-28 04:30:00,0.0,0.7352597
2025-11-28 05:30:00,0.0,2.481537
2025-11-28 06:30:00,6.621,6.7464957
2025-11-28 07:30:00,21.141,21.98633
2025-11-28 08:30:00,38.475,37.916714
2025-11-28 09:30:00,49.881,52.32691
2025-11-28 10:30:00,55.175,59.26098
2025-11-28 11:30:00,51.655,59.999165
2025-11-28 12:30:00,60.676,50.170025
2025-11-28 13:30:00,47.65,49.11195
2025-11-28 14:30:00,32.137,35.34526
2025-11-28 15:30:00,17.499,20.706982
2025-11-28 16:30:00,5.361,6.597472
2025-11-28 17:30:00,0.0,2.811424
2025-11-28 18:30:00,0.0,0.8123969
2025-11-28 19:30:00,0.0,0.459478
2025-11-28 20:30:00,0.0,0.13570008
2025-11-28 21:30:00,0.0,0.09000359
2025-11-28 22:30:00,0.0,0.26370266
2025-11-28 23:30:00,0.0,-0.2829993
2025-11-29 00:30:00,0.0,-0.37765607
2025-11-29 01:30:00,0.0,-0.6576623
2025-11-29 02:30:00,0.0,-0.2435358
2025-11-29 03:30:00,0.0,0.19260377
2025-11-29 04:30:00,0.0,0.63613087
2025-11-29 05:30:00,0.0,2.443608
2025-11-29 06:30:00,2.973,6.789671
2025-11-29 07:30:00,7.903999999999999,16.40843
2025-11-29 08:30:00,12.078,20.393488
2025-11-29 09:30:00,15.613,22.464712
2025-11-29 10:30:00,26.482,23.60656
2025-11-29 11:30:00,32.403,29.444536
2025-11-29 12:30:00,24.238,31.602146
2025-11-29 13:30:00,15.694,21.936539
2025-11-29 14:30:00,5.888,11.722417
2025-11-29 15:30:00,4.476,5.7109203
2025-11-29 16:30:00,2.229,3.8360639
2025-11-29 17:30:00,0.0,2.3692446
2025-11-29 18:30:00,0.0,1.103022
2025-11-29 19:30:00,0.0,0.8145326
2025-11-29 20:30:00,0.0,0.27470577
2025-11-29 21:30:00,0.0,0.046758793
2025-11-29 22:30:00,0.0,0.010767434
2025-11-29 23:30:00,0.0,-0.6724288
2025-11-30 00:30:00,0.0,-0.53095
2025-11-30 01:30:00,0.0,-0.9535503
2025-11-30 02:30:00,0.0,-0.7462825
2025-11-30 03:30:00,0.0,-0.06205984
2025-11-30 04:30:00,0.0,0.88292193
2025-11-30 05:30:00,0.0,2.5627236
2025-11-30 06:30:00,4.824,5.406117
2025-11-30 07:30:00,12.578,13.435155
2025-11-30 08:30:00,19.726,20.213924
2025-11-30 09:30:00,34.354,26.549976
2025-11-30 10:30:00,36.855,38.98275
2025-11-30 11:30:00,40.602,37.3845
2025-11-30 12:30:00,41.309,35.8156
2025-11-30 13:30:00,33.716,34.580162
2025-11-30 14:30:00,24.13,23.43768
2025-11-30 15:30:00,13.979,11.037474
2025-11-30 16:30:00,3.487,4.5709605
2025-11-30 17:30:00,0.0,1.937612
2025-11-30 18:30:00,0.0,0.41153902
2025-11-30 19:30:00,0.0,0.22596924
2025-11-30 20:30:00,0.0,-0.04432931
2025-11-30 21:30:00,0.0,-0.06331258
2025-11-30 22:30:00,0.0,0.07552404
2025-11-30 23:30:00,0.0,-0.56697726
2025-12-01 00:30:00,0.0,-0.3852306
2025-12-01 01:30:00,0.0,-0.723623
2025-12-01 02:30:00,0.0,-0.37011486
2025-12-01 03:30:00,0.0,0.3388851
2025-12-01 04:30:00,0.0,1.3526874
2025-12-01 05:30:00,0.0,2.9938557
2025-12-01 06:30:00,5.785,5.9877915
2025-12-01 07:30:00,15.614,18.176935
2025-12-01 08:30:00,26.823,27.485115
2025-12-01 09:30:00,31.077999999999996,37.51897
2025-12-01 10:30:00,26.497,36.74984
2025-12-01 11:30:00,30.66,30.54035
2025-12-01 12:30:00,23.921,29.409452
2025-12-01 13:30:00,12.891,20.566204
2025-12-01 14:30:00,13.674,9.438824
2025-12-01 15:30:00,9.64,6.38104
2025-12-01 16:30:00,2.569,4.4387345
2025-12-01 17:30:00,0.0,2.4005964
2025-12-01 18:30:00,0.0,0.98244447
2025-12-01 19:30:00,0.0,0.76168
2025-12-01 20:30:00,0.0,0.27203718
2025-12-01 21:30:00,0.0,0.16724065
2025-12-01 22:30:00,0.0,0.16636877
2025-12-01 23:30:00,0.0,-0.57225126
2025-12-02 00:30:00,0.0,-0.39350536
2025-12-02 01:30:00,0.0,-0.7431203
2025-12-02 02:30:00,0.0,-0.70062447
2025-12-02 03:30:00,0.0,-0.26654288
2025-12-02 04:30:00,0.0,0.7557852
2025-12-02 05:30:00,0.0,2.3147345
2025-12-02 06:30:00,5.547,4.595628
2025-12-02 07:30:00,15.459999999999999,11.713134
2025-12-02 08:30:00,26.462,18.53141
2025-12-02 09:30:00,38.329,32.83136
2025-12-02 10:30:00,43.704,42.332558
2025-12-02 11:30:00,46.137,44.48097
2025-12-02 12:30:00,36.324,41.43467
2025-12-02 13:30:00,23.749,31.298777
2025-12-02 14:30:00,22.572,16.990906
2025-12-02 15:30:00,11.334,10.307279
2025-12-02 16:30:00,3.43,4.234256
2025-12-02 17:30:00,0.0,1.996848
2025-12-02 18:30:00,0.0,0.65030044
2025-12-02 19:30:00,0.0,0.6003026
2025-12-02 20:30:00,0.0,0.20251982
2025-12-02 21:30:00,0.0,0.1186621
2025-12-02 22:30:00,0.0,0.17379214
2025-12-02 23:30:00,0.0,-0.458133
2025-12-03 00:30:00,0.0,-0.4222373
2025-12-03 01:30:00,0.0,-0.530734
2025-12-03 02:30:00,0.0,-0.6684579
2025-12-03 03:30:00,0.0,-0.07668968
2025-12-03 04:30:00,0.0,0.912249
2025-12-03 05:30:00,0.0,2.7382407
2025-12-03 06:30:00,1.328,6.3732877
2025-12-03 07:30:00,4.594,13.599408
2025-12-03 08:30:00,7.469,16.608469
2025-12-03 09:30:00,26.37,17.696598
2025-12-03 10:30:00,26.785,31.990416
2025-12-03 11:30:00,36.724,31.459572
2025-12-03 12:30:00,44.477,35.537167
2025-12-03 13:30:00,26.485,37.66999
2025-12-03 14:30:00,26.19,21.521008
2025-12-03 15:30:00,14.993,13.4292145
2025-12-03 16:30:00,4.879,5.336531
2025-12-03 17:30:00,0.0,2.408713
2025-12-03 18:30:00,0.0,0.51227677
2025-12-03 19:30:00,0.0,0.21174929
2025-12-03 20:30:00,0.0,-0.15554412
2025-12-03 21:30:00,0.0,-0.17666824
2025-12-03 22:30:00,0.0,-0.027218748
2025-12-03 23:30:00,0.0,-0.60558426
2025-12-04 00:30:00,0.0,-0.6948654
2025-12-04 01:30:00,0.0,-0.6851987
2025-12-04 02:30:00,0.0,-0.71893054
2025-12-04 03:30:00,0.0,-0.4038629
2025-12-04 04:30:00,0.0,0.16592813
2025-12-04 05:30:00,0.0,1.8285782
2025-12-04 06:30:00,6.354,5.1631446
2025-12-04 07:30:00,22.429,19.510191
2025-12-04 08:30:00,44.454,40.765865
2025-12-04 09:30:00,58.028,59.540638
2025-12-04 10:30:00,67.235,68.444756
2025-12-04 11:30:00,78.232,69.39279
2025-12-04 12:30:00,67.078,75.015
2025-12-04 13:30:00,49.272,59.159863
2025-12-04 14:30:00,30.252,37.84356
2025-12-04 15:30:00,17.786,15.345612
2025-12-04 16:30:00,5.554,4.709068
2025-12-04 17:30:00,0.0,1.6917894
2025-12-04 18:30:00,0.0,0.08724021
2025-12-04 19:30:00,0.0,0.076184995
2025-12-04 20:30:00,0.0,-0.058545843
2025-12-04 21:30:00,0.0,0.06370027
2025-12-04 22:30:00,0.0,0.26107505
2025-12-04 23:30:00,0.0,-0.3253765
2025-12-05 00:30:00,0.0,-0.46591163
2025-12-05 01:30:00,0.0,-0.5270663
2025-12-05 02:30:00,0.0,-0.16469502
2025-12-05 03:30:00,0.0,0.19114181
2025-12-05 04:30:00,0.0,0.6056902
2025-12-05 05:30:00,0.0,2.3244028
2025-12-05 06:30:00,4.335,6.3819704
2025-12-05 07:30:00,15.581999999999999,18.65575
2025-12-05 08:30:00,28.689999999999998,30.534225
2025-12-05 09:30:00,46.573,41.19508
2025-12-05 10:30:00,51.528,53.921898
2025-12-05 11:30:00,46.222,54.799145
2025-12-05 12:30:00,43.732,45.27307
2025-12-05 13:30:00,36.173,38.050198
2025-12-05 14:30:00,31.919999999999998,27.192354
2025-12-05 15:30:00,18.691,19.03705
2025-12-05 16:30:00,6.213,6.90887
2025-12-05 17:30:00,0.0,2.9286482
2025-12-05 18:30:00,0.0,0.84433115
2025-12-05 19:30:00,0.0,0.53008074
2025-12-05 20:30:00,0.0,0.17950079
2025-12-05 21:30:00,0.0,0.14968945
2025-12-05 22:30:00,0.0,0.29488286
2025-12-05 23:30:00,0.0,-0.27742302
2025-12-06 00:30:00,0.0,-0.44473284
2025-12-06 01:30:00,0.0,-0.6882055
2025-12-06 02:30:00,0.0,-0.3241955
2025-12-06 03:30:00,0.0,0.39178807
2025-12-06 04:30:00,0.0,0.78433615
2025-12-06 05:30:00,0.0,2.5234718
2025-12-06 06:30:00,5.756,6.581623
2025-12-06 07:30:00,21.472,18.918528
2025-12-06 08:30:00,38.286,37.873554
2025-12-06 09:30:00,62.705999999999996,50.61007
2025-12-06 10:30:00,71.547,70.32871
2025-12-06 11:30:00,75.121,74.60784
2025-12-06 12:30:00,72.574,70.43442
2025-12-06 13:30:00,54.935,61.61523
2025-12-06 14:30:00,43.684,42.43547
2025-12-06 15:30:00,28.085,26.342863
2025-12-06 16:30:00,8.579,10.363668
2025-12-06 17:30:00,0.0,2.6686883
2025-12-06 18:30:00,0.0,0.38466442
2025-12-06 19:30:00,0.0,0.07901157
2025-12-06 20:30:00,0.0,-0.11081772
2025-12-06 21:30:00,0.0,-0.021400798
2025-12-06 22:30:00,0.0,0.2273902
2025-12-06 23:30:00,0.0,-0.22097023
2025-12-07 00:30:00,0.0,-0.29215878
2025-12-07 01:30:00,0.0,-0.65583915
2025-12-07 02:30:00,0.0,-0.25652522
2025-12-07 03:30:00,0.0,0.06739872
2025-12-07 04:30:00,0.0,0.34932035
2025-12-07 05:30:00,0.0,2.1569898
2025-12-07 06:30:00,6.083,6.4878106
2025-12-07 07:30:00,20.863,21.322092
2025-12-07 08:30:00,39.305,38.368694
2025-12-07 09:30:00,48.574,52.7905
2025-12-07 10:30:00,57.628,59.916996
2025-12-07 11:30:00,61.96300000000001,60.259094
2025-12-07 12:30:00,58.443000000000005,57.77823
2025-12-07 13:30:00,48.492,49.32648
2025-12-07 14:30:00,42.715,36.582893
2025-12-07 15:30:00,26.001,26.990458
2025-12-07 16:30:00,8.372,10.326893
2025-12-07 17:30:00,0.0,2.8504598
2025-12-07 18:30:00,0.0,0.46630445
2025-12-07 19:30:00,0.0,0.18464497
2025-12-07 20:30:00,0.0,-0.08060162
2025-12-07 21:30:00,0.0,-0.049645137
2025-12-07 22:30:00,0.0,0.18635458
2025-12-07 23:30:00,0.0,-0.31077912
2025-12-08 00:30:00,0.0,-0.29437476
2025-12-08 01:30:00,0.0,-0.6269851
2025-12-08 02:30:00,0.0,-0.110913366
2025-12-08 03:30:00,0.0,0.30819762
2025-12-08 04:30:00,0.0,0.5942276
2025-12-08 05:30:00,0.0,2.228904
2025-12-08 06:30:00,7.255000000000001,5.778917
2025-12-08 07:30:00,30.917,22.418036
2025-12-08 08:30:00,51.407,51.037952
2025-12-08 09:30:00,70.053,69.017555
2025-12-08 10:30:00,80.786,80.7093
2025-12-08 11:30:00,86.038,83.18591
2025-12-08 12:30:00,82.269,80.53098
2025-12-08 13:30:00,66.633,70.80124
2025-12-08 14:30:00,50.136,51.779774
2025-12-08 15:30:00,29.399000000000004,29.925413
2025-12-08 16:30:00,10.008,10.649593
2025-12-08 17:30:00,0.0,2.4667363
2025-12-08 18:30:00,0.0,0.04021328
2025-12-08 19:30:00,0.0,-0.09779928
2025-12-08 20:30:00,0.0,-0.12948845
2025-12-08 21:30:00,0.0,0.121870376
2025-12-08 22:30:00,0.0,0.44474566
2025-12-08 23:30:00,0.0,-0.085381165
2025-12-09 00:30:00,0.0,-0.18255793
2025-12-09 01:30:00,0.0,-0.41647828
2025-12-09 02:30:00,0.0,-0.07419188
2025-12-09 03:30:00,0.0,-0.11959204
2025-12-09 04:30:00,0.0,0.29671118
2025-12-09 05:30:00,0.0,2.0790832
2025-12-09 06:30:00,6.365,7.4787145
2025-12-09 07:30:00,25.618,23.617517
2025-12-09 08:30:00,42.732,45.93608
2025-12-09 09:30:00,60.304,59.34929
2025-12-09 10:30:00,68.391,72.27642
2025-12-09 11:30:00,77.922,71.717865
2025-12-09 12:30:00,57.922000000000004,75.31364
2025-12-09 13:30:00,39.672,51.343784
2025-12-09 14:30:00,30.082999999999995,30.964964
2025-12-09 15:30:00,19.634,16.536774
2025-12-09 16:30:00,6.038,5.3908772
2025-12-09 17:30:00,0.0,2.1571238
2025-12-09 18:30:00,0.0,0.32793322
2025-12-09 19:30:00,0.0,0.23866232
2025-12-09 20:30:00,0.0,0.018437598
2025-12-09 21:30:00,0.0,0.13731232
2025-12-09 22:30:00,0.0,0.34663212
2025-12-09 23:30:00,0.0,-0.23188454
2025-12-10 00:30:00,0.0,-0.27915826
2025-12-10 01:30:00,0.0,-0.39626703
2025-12-10 02:30:00,0.0,-0.22960193
2025-12-10 03:30:00,0.0,-0.51046467
2025-12-10 04:30:00,0.0,-0.09632024
2025-12-10 05:30:00,0.0,1.6184207
2025-12-10 06:30:00,5.955,6.1098547
2025-12-10 07:30:00,24.278,22.148209
2025-12-10 08:30:00,44.129,42.72959
2025-12-10 09:30:00,62.724000000000004,60.881115
2025-12-10 10:30:00,78.481,74.10217
2025-12-10 11:30:00,86.95,81.86861
2025-12-10 12:30:00,75.996,81.87751
2025-12-10 13:30:00,67.921,66.90303
2025-12-10 14:30:00,48.351,52.72092
2025-12-10 15:30:00,27.666,30.701754
2025-12-10 16:30:00,9.54,10.100534
2025-12-10 17:30:00,0.0,2.4384809
2025-12-10 18:30:00,0.0,-0.008893872
2025-12-10 19:30:00,0.0,-0.20819686
2025-12-10 20:30:00,0.0,-0.27018157
2025-12-10 21:30:00,0.0,-0.078558974
2025-12-10 22:30:00,0.0,0.21849206
2025-12-10 23:30:00,0.0,-0.27765873
2025-12-11 00:30:00,0.0,-0.3063121
2025-12-11 01:30:00,0.0,-0.29010075
2025-12-11 02:30:00,0.0,-0.09435104
2025-12-11 03:30:00,0.0,-0.17846836
2025-12-11 04:30:00,0.0,0.2810916
2025-12-11 05:30:00,0.0,2.0843332
2025-12-11 06:30:00,5.542,6.8176575
2025-12-11 07:30:00,24.983,22.50925
2025-12-11 08:30:00,43.406,45.229153
2025-12-11 09:30:00,66.808,61.898087
2025-12-11 10:30:00,79.642,79.33475
2025-12-11 11:30:00,83.386,84.52808
2025-12-11 12:30:00,74.147,80.33828
2025-12-11 13:30:00,67.407,64.68734
2025-12-11 14:30:00,52.7,52.91004
2025-12-11 15:30:00,30.319,35.479263
2025-12-11 16:30:00,10.275,12.59202
2025-12-11 17:30:00,0.0,2.948377
2025-12-11 18:30:00,0.0,0.13698953
2025-12-11 19:30:00,0.0,-0.21311219
2025-12-11 20:30:00,0.0,-0.3029057
2025-12-11 21:30:00,0.0,-0.11232068
2025-12-11 22:30:00,0.0,0.25219825
2025-12-11 23:30:00,0.0,-0.2558096
2025-12-12 00:30:00,0.0,-0.2642039
2025-12-12 01:30:00,0.0,-0.34905478
2025-12-12 02:30:00,0.0,0.10252247
2025-12-12 03:30:00,0.0,-0.18338966
2025-12-12 04:30:00,0.0,0.1542854
2025-12-12 05:30:00,0.0,1.965269
2025-12-12 06:30:00,6.544,6.634975
2025-12-12 07:30:00,28.746,24.521122
2025-12-12 08:30:00,49.235,50.813
2025-12-12 09:30:00,71.073,68.459755
2025-12-12 10:30:00,82.141,83.97975
2025-12-12 11:30:00,88.939,87.06717
2025-12-12 12:30:00,83.254,84.81895
2025-12-12 13:30:00,67.996,72.79641
2025-12-12 14:30:00,56.716,53.713985
2025-12-12 15:30:00,34.685,37.124027
2025-12-12 16:30:00,12.341,15.292091
2025-12-12 17:30:00,0.0,3.1241424
2025-12-12 18:30:00,0.0,0.05416423
2025-12-12 19:30:00,0.0,-0.28338444
2025-12-12 20:30:00,0.0,-0.29409724
2025-12-12 21:30:00,0.0,-0.005700105
2025-12-12 22:30:00,0.0,0.35427925
2025-12-12 23:30:00,0.0,-0.17690137
2025-12-13 00:30:00,0.0,-0.21024463
2025-12-13 01:30:00,0.0,-0.4602286
2025-12-13 02:30:00,0.0,-0.029449262
2025-12-13 03:30:00,0.0,-0.32744136
2025-12-13 04:30:00,0.0,-0.082837254
2025-12-13 05:30:00,0.0,1.6826513
2025-12-13 06:30:00,8.511,6.7623863
2025-12-13 07:30:00,33.774,28.93262
2025-12-13 08:30:00,59.836,58.20878
2025-12-13 09:30:00,80.882,81.26871
2025-12-13 10:30:00,94.547,94.753586
2025-12-13 11:30:00,96.701,99.53291
2025-12-13 12:30:00,93.064,93.56011
2025-12-13 13:30:00,80.844,82.87615
2025-12-13 14:30:00,61.54,64.574036
2025-12-13 15:30:00,37.049,41.1189
2025-12-13 16:30:00,13.42,14.9343605
2025-12-13 17:30:00,0.0,3.0037007
2025-12-13 18:30:00,0.0,0.015382171
2025-12-13 19:30:00,0.0,-0.16007517
2025-12-13 20:30:00,0.0,-0.13610142
2025-12-13 21:30:00,0.0,0.2126169
2025-12-13 22:30:00,0.0,0.60520256
2025-12-13 23:30:00,0.0,0.031197293
2025-12-14 00:30:00,0.0,-0.1408972
2025-12-14 01:30:00,0.0,-0.54044336
2025-12-14 02:30:00,0.0,-0.2050031
2025-12-14 03:30:00,0.0,-0.49312183
2025-12-14 04:30:00,0.0,-0.33184773
2025-12-14 05:30:00,0.0,1.4667245
2025-12-14 06:30:00,6.798,7.2242284
2025-12-14 07:30:00,29.718999999999998,26.431576
2025-12-14 08:30:00,54.099,55.16836
2025-12-14 09:30:00,74.486,75.47161
2025-12-14 10:30:00,82.713,88.041855
2025-12-14 11:30:00,85.646,88.54311
2025-12-14 12:30:00,87.967,83.74136
2025-12-14 13:30:00,77.458,77.79539
2025-12-14 14:30:00,58.434000000000005,61.62124
2025-12-14 15:30:00,35.148,39.246223
2025-12-14 16:30:00,12.375,14.667234
2025-12-14 17:30:00,0.0,3.010611
2025-12-14 18:30:00,0.0,0.17073587
2025-12-14 19:30:00,0.0,-0.05671839
2025-12-14 20:30:00,0.0,-0.14263925
2025-12-14 21:30:00,0.0,0.1501523
2025-12-14 22:30:00,0.0,0.49810207
2025-12-14 23:30:00,0.0,-0.054540824
2025-12-15 00:30:00,0.0,-0.23659492
2025-12-15 01:30:00,0.0,-0.6119957
2025-12-15 02:30:00,0.0,-0.1673158
2025-12-15 03:30:00,0.0,-0.41249546
2025-12-15 04:30:00,0.0,-0.12723915
2025-12-15 05:30:00,0.0,1.7011359
2025-12-15 06:30:00,7.388,6.751654
2025-12-15 07:30:00,29.491999999999997,28.074968
2025-12-15 08:30:00,55.171,52.967125
2025-12-15 09:30:00,75.653,76.750916
2025-12-15 10:30:00,88.472,88.90332
2025-12-15 11:30:00,91.267,93.789474
2025-12-15 12:30:00,81.86,88.80732
2025-12-15 13:30:00,67.547,72.90662
2025-12-15 14:30:00,49.901,51.932045
2025-12-15 15:30:00,32.955,30.822653
2025-12-15 16:30:00,11.669,13.019315
2025-12-15 17:30:00,0.0,3.0069492
2025-12-15 18:30:00,0.0,0.18360913
2025-12-15 19:30:00,0.0,-0.09128451
2025-12-15 20:30:00,0.0,-0.15010618
2025-12-15 21:30:00,0.0,0.1327847
2025-12-15 22:30:00,0.0,0.4887428
2025-12-15 23:30:00,0.0,-0.11440943
2025-12-16 00:30:00,0.0,-0.2565423
2025-12-16 01:30:00,0.0,-0.5276
2025-12-16 02:30:00,0.0,-0.111402676
2025-12-16 03:30:00,0.0,-0.36361888
2025-12-16 04:30:00,0.0,0.19559771
2025-12-16 05:30:00,0.0,2.047072
2025-12-16 06:30:00,2.682,7.4655285
2025-12-16 07:30:00,11.761,19.670921
2025-12-16 08:30:00,21.198,28.949015
2025-12-16 09:30:00,31.685,34.045784
2025-12-16 10:30:00,33.879,42.061398
2025-12-16 11:30:00,38.965,39.76147
2025-12-16 12:30:00,38.356,38.85894
2025-12-16 13:30:00,33.687,35.66597
2025-12-16 14:30:00,20.369,25.561138
2025-12-16 15:30:00,12.26,12.10338
2025-12-16 16:30:00,4.786,5.354318
2025-12-16 17:30:00,0.0,2.6870892
2025-12-16 18:30:00,0.0,0.8268269
2025-12-16 19:30:00,0.0,0.5393367
2025-12-16 20:30:00,0.0,0.096077725
2025-12-16 21:30:00,0.0,-0.017337712
2025-12-16 22:30:00,0.0,0.0945278
2025-12-16 23:30:00,0.0,-0.52051306
2025-12-17 00:30:00,0.0,-0.5374981
2025-12-17 01:30:00,0.0,-0.6152706
2025-12-17 02:30:00,0.0,-0.6295734
2025-12-17 03:30:00,0.0,-0.03915097
2025-12-17 04:30:00,0.0,0.6505071
2025-12-17 05:30:00,0.0,2.3818111
2025-12-17 06:30:00,5.88,5.8223076
2025-12-17 07:30:00,20.986,19.31774
2025-12-17 08:30:00,37.168,36.932507
2025-12-17 09:30:00,63.848,52.666084
2025-12-17 10:30:00,85.005,73.23806
2025-12-17 11:30:00,90.939,86.43712
2025-12-17 12:30:00,89.994,84.867004
2025-12-17 13:30:00,80.049,78.01778
2025-12-17 14:30:00,61.401999999999994,63.96777
2025-12-17 15:30:00,38.129,41.15355
2025-12-17 16:30:00,14.613999999999999,16.77927
2025-12-17 17:30:00,0.0,2.8461423
2025-12-17 18:30:00,0.0,-0.4584575
2025-12-17 19:30:00,0.0,-0.5856403
2025-12-17 20:30:00,0.0,-0.53345555
2025-12-17 21:30:00,0.0,-0.13616376
2025-12-17 22:30:00,0.0,0.2547328
2025-12-17 23:30:00,0.0,-0.28562436
2025-12-18 00:30:00,0.0,-0.4194372
2025-12-18 01:30:00,0.0,-0.44201303
2025-12-18 02:30:00,0.0,-0.04832152
2025-12-18 03:30:00,0.0,-0.6508606
2025-12-18 04:30:00,0.0,-0.27424464
2025-12-18 05:30:00,0.0,1.4934403
2025-12-18 06:30:00,5.768,6.9181805
2025-12-18 07:30:00,23.458,24.73785
2025-12-18 08:30:00,44.072,44.384033
2025-12-18 09:30:00,63.037000000000006,63.34063
2025-12-18 10:30:00,71.903,77.81063
2025-12-18 11:30:00,77.062,77.0385
2025-12-18 12:30:00,78.469,75.0182
2025-12-18 13:30:00,68.672,69.84891
2025-12-18 14:30:00,55.364,54.84834
2025-12-18 15:30:00,33.169,37.89662
2025-12-18 16:30:00,12.567,15.332834
2025-12-18 17:30:00,0.0,3.3783867
2025-12-18 18:30:00,0.0,0.13578205
2025-12-18 19:30:00,0.0,-0.2800831
2025-12-18 20:30:00,0.0,-0.38285747
2025-12-18 21:30:00,0.0,-0.13260195
2025-12-18 22:30:00,0.0,0.23370089
2025-12-18 23:30:00,0.0,-0.28347498
2025-12-19 00:30:00,0.0,-0.38829285
2025-12-19 01:30:00,0.0,-0.52354205
2025-12-19 02:30:00,0.0,-0.05992155
2025-12-19 03:30:00,0.0,-0.59274256
2025-12-19 04:30:00,0.0,-0.20947865
2025-12-19 05:30:00,0.0,1.6910251
2025-12-19 06:30:00,4.885,6.4071465
2025-12-19 07:30:00,21.281,21.855782
2025-12-19 08:30:00,39.845,39.607944
2025-12-19 09:30:00,58.574,56.944324
2025-12-19 10:30:00,71.081,71.27364
2025-12-19 11:30:00,74.758,77.39841
2025-12-19 12:30:00,72.0,74.10296
2025-12-19 13:30:00,63.81100000000001,64.24015
2025-12-19 14:30:00,48.038,51.51447
2025-12-19 15:30:00,31.453,31.974718
2025-12-19 16:30:00,10.869,13.9244
2025-12-19 17:30:00,0.0,3.3763297
2025-12-19 18:30:00,0.0,0.37983364
2025-12-19 19:30:00,0.0,-0.071204774
2025-12-19 20:30:00,0.0,-0.21203963
2025-12-19 21:30:00,0.0,0.002145972
2025-12-19 22:30:00,0.0,0.3374223
2025-12-19 23:30:00,0.0,-0.19452344
2025-12-20 00:30:00,0.0,-0.248218
2025-12-20 01:30:00,0.0,-0.5372522
2025-12-20 02:30:00,0.0,-0.085820094
2025-12-20 03:30:00,0.0,-0.3169412
2025-12-20 04:30:00,0.0,-0.098087065
2025-12-20 05:30:00,0.0,1.6329687
2025-12-20 06:30:00,4.726,6.4657793
2025-12-20 07:30:00,22.684,20.941412
2025-12-20 08:30:00,45.874,42.932938
2025-12-20 09:30:00,65.02,63.878624
2025-12-20 10:30:00,79.428,78.921524
2025-12-20 11:30:00,77.71,86.1847
2025-12-20 12:30:00,74.071,76.98893
2025-12-20 13:30:00,63.50899999999999,66.5232
2025-12-20 14:30:00,47.112,49.781956
2025-12-20 15:30:00,29.383,29.716745
2025-12-20 16:30:00,9.465,11.268809
2025-12-20 17:30:00,0.321,2.7946115
2025-12-20 18:30:00,0.0,0.28434002
2025-12-20 19:30:00,0.0,-0.071007505
2025-12-20 20:30:00,0.0,-0.14464688
2025-12-20 21:30:00,0.0,0.034097303
2025-12-20 22:30:00,0.0,0.34037524
2025-12-20 23:30:00,0.0,-0.21534954
2025-12-21 00:30:00,0.0,-0.3093812
2025-12-21 01:30:00,0.0,-0.6250927
2025-12-21 02:30:00,0.0,-0.22409652
2025-12-21 03:30:00,0.0,-0.11194835
2025-12-21 04:30:00,0.0,0.15344
2025-12-21 05:30:00,0.0,1.7365457
2025-12-21 06:30:00,4.302,6.204301
2025-12-21 07:30:00,21.017,20.051893
2025-12-21 08:30:00,41.807,39.75307
2025-12-21 09:30:00,59.484,58.65156
2025-12-21 10:30:00,64.809,72.19516
2025-12-21 11:30:00,72.717,70.068886
2025-12-21 12:30:00,72.631,71.43363
2025-12-21 13:30:00,60.65299999999999,64.00263
2025-12-21 14:30:00,46.394,46.50449
2025-12-21 15:30:00,30.949000000000005,29.186193
2025-12-21 16:30:00,10.225,11.754803
2025-12-21 17:30:00,0.358,2.765216
2025-12-21 18:30:00,0.0,0.1274569
2025-12-21 19:30:00,0.0,-0.15707439
2025-12-21 20:30:00,0.0,-0.23702103
2025-12-21 21:30:00,0.0,-0.016273692
2025-12-21 22:30:00,0.0,0.25341514
2025-12-21 23:30:00,0.0,-0.22987093
2025-12-22 00:30:00,0.0,-0.43447608
2025-12-22 01:30:00,0.0,-0.58582646
2025-12-22 02:30:00,0.0,-0.0730288
2025-12-22 03:30:00,0.0,-0.18328206
2025-12-22 04:30:00,0.0,0.15510519
2025-12-22 05:30:00,0.0,1.8929259
2025-12-22 06:30:00,4.549,6.3499956
2025-12-22 07:30:00,22.292,20.640709
2025-12-22 08:30:00,40.943,42.718967
2025-12-22 09:30:00,63.886,58.812138
2025-12-22 10:30:00,67.559,76.48158
2025-12-22 11:30:00,69.605,74.291954
2025-12-22 12:30:00,69.766,69.5099
2025-12-22 13:30:00,50.12,58.74521
2025-12-22 14:30:00,38.254,39.6364
2025-12-22 15:30:00,23.815,23.52499
2025-12-22 16:30:00,9.073,7.853976
2025-12-22 17:30:00,0.361,2.6275759
2025-12-22 18:30:00,0.0,0.28873956
2025-12-22 19:30:00,0.0,0.06342018
2025-12-22 20:30:00,0.0,-0.0679239
2025-12-22 21:30:00,0.0,0.06811518
2025-12-22 22:30:00,0.0,0.402301
2025-12-22 23:30:00,0.0,-0.17615758
2025-12-23 00:30:00,0.0,-0.33021754
2025-12-23 01:30:00,0.0,-0.5555233
2025-12-23 02:30:00,0.0,-0.102997266
2025-12-23 03:30:00,0.0,-0.48488808
2025-12-23 04:30:00,0.0,-0.1861761
2025-12-23 05:30:00,0.0,1.4536668
2025-12-23 06:30:00,5.598,6.2428102
2025-12-23 07:30:00,28.035,22.63792
2025-12-23 08:30:00,53.462,51.271454
2025-12-23 09:30:00,75.111,73.44042
2025-12-23 10:30:00,89.544,88.89885
2025-12-23 11:30:00,90.105,94.96661
2025-12-23 12:30:00,85.538,88.618484
2025-12-23 13:30:00,71.536,75.861015
2025-12-23 14:30:00,52.649,57.735123
2025-12-23 15:30:00,32.975,32.940323
2025-12-23 16:30:00,10.594,12.653727
2025-12-23 17:30:00,0.39,2.4446003
2025-12-23 18:30:00,0.0,-0.017430793
2025-12-23 19:30:00,0.0,-0.22322294
2025-12-23 20:30:00,0.0,-0.27054876
2025-12-23 21:30:00,0.0,0.053604897
2025-12-23 22:30:00,0.0,0.41991627
2025-12-23 23:30:00,0.0,-0.22615369
2025-12-24 00:30:00,0.0,-0.33445483
2025-12-24 01:30:00,0.0,-0.45180354
2025-12-24 02:30:00,0.0,-0.13045768
2025-12-24 03:30:00,0.0,-0.5265035
2025-12-24 04:30:00,0.0,-0.18669872
2025-12-24 05:30:00,0.0,1.4856659
2025-12-24 06:30:00,3.8,6.846703
2025-12-24 07:30:00,19.251,21.55468
2025-12-24 08:30:00,37.932,39.881516
2025-12-24 09:30:00,46.488,54.76261
2025-12-24 10:30:00,57.226,61.032936
2025-12-24 11:30:00,68.879,67.579666
2025-12-24 12:30:00,68.719,70.28185
2025-12-24 13:30:00,61.278999999999996,63.439533
2025-12-24 14:30:00,50.417,51.244865
2025-12-24 15:30:00,32.486,35.312622
2025-12-24 16:30:00,10.529,14.241712
2025-12-24 17:30:00,0.398,3.073517
2025-12-24 18:30:00,0.0,0.14365716
2025-12-24 19:30:00,0.0,-0.23687416
2025-12-24 20:30:00,0.0,-0.43492696
2025-12-24 21:30:00,0.0,-0.23377945
2025-12-24 22:30:00,0.0,0.08800535
2025-12-24 23:30:00,0.0,-0.43312427
2025-12-25 00:30:00,0.0,-0.5029781
2025-12-25 01:30:00,0.0,-0.37050682
2025-12-25 02:30:00,0.0,0.060497966
2025-12-25 03:30:00,0.0,-0.4187233
2025-12-25 04:30:00,0.0,-0.123111166
2025-12-25 05:30:00,0.0,1.5836753
2025-12-25 06:30:00,4.45,6.0651164
2025-12-25 07:30:00,25.264,21.14802
2025-12-25 08:30:00,45.306,47.44511
2025-12-25 09:30:00,56.513,64.62101
2025-12-25 10:30:00,63.864,71.33561
2025-12-25 11:30:00,81.267,71.96049
2025-12-25 12:30:00,71.629,80.02899
2025-12-25 13:30:00,63.655,65.93196
2025-12-25 14:30:00,41.713,50.583645
2025-12-25 15:30:00,25.178,25.81462
2025-12-25 16:30:00,9.324,8.881447
2025-12-25 17:30:00,0.368,2.7089639
2025-12-25 18:30:00,0.0,0.22638255
2025-12-25 19:30:00,0.0,-0.1106828
2025-12-25 20:30:00,0.0,-0.21925549
2025-12-25 21:30:00,0.0,-0.04522254
2025-12-25 22:30:00,0.0,0.23403734
2025-12-25 23:30:00,0.0,-0.24261098
2025-12-26 00:30:00,0.0,-0.31419918
2025-12-26 01:30:00,0.0,-0.30042157
2025-12-26 02:30:00,0.0,0.1323543
2025-12-26 03:30:00,0.0,0.095236585
2025-12-26 04:30:00,0.0,0.36868364
2025-12-26 05:30:00,0.0,2.0615942
2025-12-26 06:30:00,4.992,6.1560802
2025-12-26 07:30:00,24.139,21.323112
2025-12-26 08:30:00,45.622,45.031574
2025-12-26 09:30:00,59.45300000000001,64.453094
2025-12-26 10:30:00,72.186,73.01375
2025-12-26 11:30:00,69.348,79.63988
2025-12-26 12:30:00,67.256,70.000656
2025-12-26 13:30:00,62.68599999999999,61.24706
2025-12-26 14:30:00,47.973,48.566776
2025-12-26 15:30:00,27.411,32.265137
2025-12-26 16:30:00,11.049,12.071392
2025-12-26 17:30:00,0.47600000000000003,3.2547078
2025-12-26 18:30:00,0.0,0.33785695
2025-12-26 19:30:00,0.0,-0.042903215
2025-12-26 20:30:00,0.0,-0.17344971
2025-12-26 21:30:00,0.0,0.041672677
2025-12-26 22:30:00,0.0,0.3996939
2025-12-26 23:30:00,0.0,-0.22622457
2025-12-27 00:30:00,0.0,-0.24838708
2025-12-27 01:30:00,0.0,-0.56102437
2025-12-27 02:30:00,0.0,-0.11577831
2025-12-27 03:30:00,0.0,-0.27863735
2025-12-27 04:30:00,0.0,0.023108695
2025-12-27 05:30:00,0.0,1.855037
2025-12-27 06:30:00,4.874,7.2812576
2025-12-27 07:30:00,28.032,22.47393
2025-12-27 08:30:00,49.754,50.49152
2025-12-27 09:30:00,68.632,69.43412
2025-12-27 10:30:00,82.806,82.55307
2025-12-27 11:30:00,87.806,87.90589
2025-12-27 12:30:00,85.125,85.1039
2025-12-27 13:30:00,72.625,75.55955
2025-12-27 14:30:00,52.385,57.482906
2025-12-27 15:30:00,32.414,33.821793
2025-12-27 16:30:00,12.754,12.960087
2025-12-27 17:30:00,0.545,3.0890307
2025-12-27 18:30:00,0.0,0.25840732
2025-12-27 19:30:00,0.0,-0.11578002
2025-12-27 20:30:00,0.0,-0.19886492
2025-12-27 21:30:00,0.0,0.088429764
2025-12-27 22:30:00,0.0,0.43777573
2025-12-27 23:30:00,0.0,-0.076914266
2025-12-28 00:30:00,0.0,-0.11129166
2025-12-28 01:30:00,0.0,-0.5164372
2025-12-28 02:30:00,0.0,-0.18406428
2025-12-28 03:30:00,0.0,-0.039433625
2025-12-28 04:30:00,0.0,0.03917146
2025-12-28 05:30:00,0.0,1.5814722
2025-12-28 06:30:00,4.779,6.298043
2025-12-28 07:30:00,27.793,22.439713
2025-12-28 08:30:00,49.574,50.8145
2025-12-28 09:30:00,70.464,70.55184
2025-12-28 10:30:00,83.316,85.1351
2025-12-28 11:30:00,88.511,89.760765
2025-12-28 12:30:00,86.137,86.98733
2025-12-28 13:30:00,74.769,77.23132
2025-12-28 14:30:00,57.205,60.43408
2025-12-28 15:30:00,35.084,38.29739
2025-12-28 16:30:00,12.84,14.647495
2025-12-28 17:30:00,0.537,3.0912313
2025-12-28 18:30:00,0.0,0.24220279
2025-12-28 19:30:00,0.0,-0.08394824
2025-12-28 20:30:00,0.0,-0.17075123
2025-12-28 21:30:00,0.0,0.11253758
2025-12-28 22:30:00,0.0,0.4760907
2025-12-28 23:30:00,0.0,-0.092331454
2025-12-29 00:30:00,0.0,-0.20423967
2025-12-29 01:30:00,0.0,-0.5505874
2025-12-29 02:30:00,0.0,-0.12628528
2025-12-29 03:30:00,0.0,0.09297704
2025-12-29 04:30:00,0.0,0.34748265
2025-12-29 05:30:00,0.0,1.987954
2025-12-29 06:30:00,3.311,6.8714504
2025-12-29 07:30:00,18.357,20.805569
2025-12-29 08:30:00,41.741,39.342052
2025-12-29 09:30:00,70.114,58.035954
2025-12-29 10:30:00,82.99,84.43245
2025-12-29 11:30:00,78.166,89.562935
2025-12-29 12:30:00,72.896,77.638626
2025-12-29 13:30:00,63.874,64.57999
2025-12-29 14:30:00,47.365,48.891373
2025-12-29 15:30:00,30.785999999999998,29.292503
2025-12-29 16:30:00,10.41,11.410424
2025-12-29 17:30:00,0.482,2.7660487
2025-12-29 18:30:00,0.0,0.21242647
2025-12-29 19:30:00,0.0,-0.10811156
2025-12-29 20:30:00,0.0,-0.21470225
2025-12-29 21:30:00,0.0,0.011377153
2025-12-29 22:30:00,0.0,0.3694317
2025-12-29 23:30:00,0.0,-0.12914346
2025-12-30 00:30:00,0.0,-0.19543205
2025-12-30 01:30:00,0.0,-0.4304207
2025-12-30 02:30:00,0.0,-0.06574975
2025-12-30 03:30:00,0.0,-0.5369584
2025-12-30 04:30:00,0.0,-0.25879842
2025-12-30 05:30:00,0.0,1.4071991
2025-12-30 06:30:00,3.907,6.405028
2025-12-30 07:30:00,23.758,20.602251
2025-12-30 08:30:00,43.119,45.52533
2025-12-30 09:30:00,61.297000000000004,63.612366
2025-12-30 10:30:00,71.892,75.203835
2025-12-30 11:30:00,83.993,78.577835
2025-12-30 12:30:00,81.745,81.25038
2025-12-30 13:30:00,75.87,74.35876
2025-12-30 14:30:00,58.587,62.541656
2025-12-30 15:30:00,34.22,40.01179
2025-12-30 16:30:00,11.394,13.912993
2025-12-30 17:30:00,0.514,2.3881347
2025-12-30 18:30:00,0.0,-0.26310658
2025-12-30 19:30:00,0.0,-0.53605497
2025-12-30 20:30:00,0.0,-0.54742956
2025-12-30 21:30:00,0.0,-0.24444185
2025-12-30 22:30:00,0.0,0.16846777
2025-12-30 23:30:00,0.0,-0.39941382
2025-12-31 00:30:00,0.0,-0.4076886
2025-12-31 01:30:00,0.0,-0.44282344
2025-12-31 02:30:00,0.0,-0.22695555
2025-12-31 03:30:00,0.0,-0.39417484
2025-12-31 04:30:00,0.0,-0.017336003
2025-12-31 05:30:00,0.0,1.7624348
2025-12-31 06:30:00,3.154,6.9143
2025-12-31 07:30:00,18.289,19.798574
2025-12-31 08:30:00,38.719,37.899506
2025-12-31 09:30:00,60.904,54.684536
2025-12-31 10:30:00,68.561,75.1945
2025-12-31 11:30:00,62.452999999999996,75.80701
2025-12-31 12:30:00,41.228,63.488235
2025-12-31 13:30:00,40.283,40.20211
2025-12-31 14:30:00,32.159,30.03498
2025-12-31 15:30:00,19.602,17.816914
2025-12-31 16:30:00,8.02,7.180679
2025-12-31 17:30:00,0.429,2.7014399
2025-12-31 18:30:00,0.0,0.43331558
2025-12-31 19:30:00,0.0,0.11821121
2025-12-31 20:30:00,0.0,-0.16517922
2025-12-31 21:30:00,0.0,-0.113055065
2025-12-31 22:30:00,0.0,0.08752031
2025-12-31 23:30:00,0.0,-0.4507959
2026-01-01 00:30:00,0.0,-0.49679723
2026-01-01 01:30:00,0.0,-0.42862055
2026-01-01 02:30:00,0.0,-0.26954538
2026-01-01 03:30:00,0.0,-0.27783635
2026-01-01 04:30:00,0.0,0.15666792
